[30Apr2025 23:12:51.650] [main/INFO] [cpw.mods.modlauncher.Launcher/MODLAUNCHER]: ModLauncher running: args [--launchTarget, forgeserver, --fml.forgeVersion, 47.3.7, --fml.mcVersion, 1.20.1, --fml.forgeGroup, net.minecraftforge, --fml.mcpVersion, 20230612.114412, nogui]
[30Apr2025 23:12:51.654] [main/INFO] [cpw.mods.modlauncher.Launcher/MODLAUNCHER]: ModLauncher 10.0.9+10.0.9+main.dcd20f30 starting: java version 17.0.14 by Ubuntu; OS Linux arch amd64 version 6.8.0-1026-azure
[30Apr2025 23:12:51.677] [main/DEBUG] [cpw.mods.modlauncher.LaunchServiceHandler/MODLAUNCHER]: Found launch services [fmlclientdev,forgeclient,minecraft,forgegametestserverdev,fmlserveruserdev,fmlclient,fmldatauserdev,forgeserverdev,forgeserveruserdev,forgeclientdev,forgeclientuserdev,forgeserver,forgedatadev,fmlserver,fmlclientuserdev,fmlserverdev,forgedatauserdev,testharness,forgegametestserveruserdev]
[30Apr2025 23:12:51.691] [main/DEBUG] [cpw.mods.modlauncher.NameMappingServiceHandler/MODLAUNCHER]: Found naming services : [srgtomcp]
[30Apr2025 23:12:51.708] [main/DEBUG] [cpw.mods.modlauncher.LaunchPluginHandler/MODLAUNCHER]: Found launch plugins: [mixin,eventbus,slf4jfixer,object_holder_definalize,runtime_enum_extender,capability_token_subclass,accesstransformer,runtimedistcleaner]
[30Apr2025 23:12:51.721] [main/DEBUG] [cpw.mods.modlauncher.TransformationServicesHandler/MODLAUNCHER]: Discovering transformation services
[30Apr2025 23:12:51.726] [main/DEBUG] [net.minecraftforge.fml.loading.FMLPaths/CORE]: Path GAMEDIR is /workspaces/MSX/servidor_minecraft
[30Apr2025 23:12:51.726] [main/DEBUG] [net.minecraftforge.fml.loading.FMLPaths/CORE]: Path MODSDIR is /workspaces/MSX/servidor_minecraft/mods
[30Apr2025 23:12:51.726] [main/DEBUG] [net.minecraftforge.fml.loading.FMLPaths/CORE]: Path CONFIGDIR is /workspaces/MSX/servidor_minecraft/config
[30Apr2025 23:12:51.726] [main/DEBUG] [net.minecraftforge.fml.loading.FMLPaths/CORE]: Path FMLCONFIG is /workspaces/MSX/servidor_minecraft/config/fml.toml
[30Apr2025 23:12:59.216] [main/DEBUG] [cpw.mods.modlauncher.TransformationServicesHandler/MODLAUNCHER]: Found additional transformation services from discovery services: 
[30Apr2025 23:12:59.225] [main/INFO] [net.minecraftforge.fml.loading.ImmediateWindowHandler/]: ImmediateWindowProvider not loading because launch target is forgeserver
[30Apr2025 23:12:59.236] [main/DEBUG] [cpw.mods.modlauncher.TransformationServicesHandler/MODLAUNCHER]: Found transformer services : [mixin,fml]
[30Apr2025 23:12:59.237] [main/DEBUG] [cpw.mods.modlauncher.TransformationServicesHandler/MODLAUNCHER]: Transformation services loading
[30Apr2025 23:12:59.237] [main/DEBUG] [cpw.mods.modlauncher.TransformationServiceDecorator/MODLAUNCHER]: Loading service mixin
[30Apr2025 23:12:59.238] [main/DEBUG] [cpw.mods.modlauncher.TransformationServiceDecorator/MODLAUNCHER]: Loaded service mixin
[30Apr2025 23:12:59.238] [main/DEBUG] [cpw.mods.modlauncher.TransformationServiceDecorator/MODLAUNCHER]: Loading service fml
[30Apr2025 23:12:59.239] [main/DEBUG] [net.minecraftforge.fml.loading.LauncherVersion/CORE]: Found FMLLauncher version 1.0
[30Apr2025 23:12:59.239] [main/DEBUG] [net.minecraftforge.fml.loading.FMLLoader/CORE]: FML 1.0 loading
[30Apr2025 23:12:59.239] [main/DEBUG] [net.minecraftforge.fml.loading.FMLLoader/CORE]: FML found ModLauncher version : 10.0.9+10.0.9+main.dcd20f30
[30Apr2025 23:12:59.239] [main/DEBUG] [net.minecraftforge.fml.loading.FMLLoader/CORE]: FML found AccessTransformer version : 8.0.4+66+master.c09db6d7
[30Apr2025 23:12:59.240] [main/DEBUG] [net.minecraftforge.fml.loading.FMLLoader/CORE]: FML found EventBus version : 6.0.5+6.0.5+master.eb8e549b
[30Apr2025 23:12:59.240] [main/DEBUG] [net.minecraftforge.fml.loading.FMLLoader/CORE]: Found Runtime Dist Cleaner
[30Apr2025 23:12:59.241] [main/DEBUG] [net.minecraftforge.fml.loading.FMLLoader/CORE]: FML found CoreMod version : 5.1.6
[30Apr2025 23:12:59.241] [main/DEBUG] [net.minecraftforge.fml.loading.FMLLoader/CORE]: Found ForgeSPI package implementation version 7.0.1+7.0.1+master.d2b38bf6
[30Apr2025 23:12:59.242] [main/DEBUG] [net.minecraftforge.fml.loading.FMLLoader/CORE]: Found ForgeSPI package specification 5
[30Apr2025 23:12:59.242] [main/DEBUG] [cpw.mods.modlauncher.TransformationServiceDecorator/MODLAUNCHER]: Loaded service fml
[30Apr2025 23:12:59.242] [main/DEBUG] [cpw.mods.modlauncher.TransformationServicesHandler/MODLAUNCHER]: Configuring option handling for services
[30Apr2025 23:12:59.249] [main/DEBUG] [cpw.mods.modlauncher.TransformationServicesHandler/MODLAUNCHER]: Transformation services initializing
[30Apr2025 23:12:59.250] [main/DEBUG] [cpw.mods.modlauncher.TransformationServiceDecorator/MODLAUNCHER]: Initializing transformation service mixin
[30Apr2025 23:12:59.267] [main/DEBUG] [mixin/]: MixinService [ModLauncher] was successfully booted in cpw.mods.cl.ModuleClassLoader@7a3d45bd
[30Apr2025 23:12:59.331] [main/INFO] [mixin/]: SpongePowered MIXIN Subsystem Version=0.8.5 Source=union:/workspaces/MSX/servidor_minecraft/libraries/org/spongepowered/mixin/0.8.5/mixin-0.8.5.jar%2365!/ Service=ModLauncher Env=SERVER
[30Apr2025 23:12:59.337] [main/DEBUG] [mixin/]: Initialising Mixin Platform Manager
[30Apr2025 23:12:59.337] [main/DEBUG] [mixin/]: Adding mixin platform agents for container ModLauncher Root Container(ModLauncher:4f56a0a2)
[30Apr2025 23:12:59.338] [main/DEBUG] [mixin/]: Instancing new MixinPlatformAgentMinecraftForge for ModLauncher Root Container(ModLauncher:4f56a0a2)
[30Apr2025 23:12:59.338] [main/DEBUG] [mixin/]: MixinPlatformAgentMinecraftForge rejected container ModLauncher Root Container(ModLauncher:4f56a0a2)
[30Apr2025 23:12:59.340] [main/DEBUG] [mixin/]: Instancing new MixinPlatformAgentDefault for ModLauncher Root Container(ModLauncher:4f56a0a2)
[30Apr2025 23:12:59.340] [main/DEBUG] [mixin/]: MixinPlatformAgentDefault accepted container ModLauncher Root Container(ModLauncher:4f56a0a2)
[30Apr2025 23:12:59.344] [main/DEBUG] [cpw.mods.modlauncher.TransformationServiceDecorator/MODLAUNCHER]: Initialized transformation service mixin
[30Apr2025 23:12:59.345] [main/DEBUG] [cpw.mods.modlauncher.TransformationServiceDecorator/MODLAUNCHER]: Initializing transformation service fml
[30Apr2025 23:12:59.345] [main/DEBUG] [net.minecraftforge.fml.loading.FMLServiceProvider/CORE]: Setting up basic FML game directories
[30Apr2025 23:12:59.345] [main/DEBUG] [net.minecraftforge.fml.loading.FMLPaths/CORE]: Path GAMEDIR is /workspaces/MSX/servidor_minecraft
[30Apr2025 23:12:59.345] [main/DEBUG] [net.minecraftforge.fml.loading.FMLPaths/CORE]: Path MODSDIR is /workspaces/MSX/servidor_minecraft/mods
[30Apr2025 23:12:59.346] [main/DEBUG] [net.minecraftforge.fml.loading.FMLPaths/CORE]: Path CONFIGDIR is /workspaces/MSX/servidor_minecraft/config
[30Apr2025 23:12:59.346] [main/DEBUG] [net.minecraftforge.fml.loading.FMLPaths/CORE]: Path FMLCONFIG is /workspaces/MSX/servidor_minecraft/config/fml.toml
[30Apr2025 23:12:59.346] [main/DEBUG] [net.minecraftforge.fml.loading.FMLServiceProvider/CORE]: Loading configuration
[30Apr2025 23:12:59.348] [main/DEBUG] [net.minecraftforge.fml.loading.FMLServiceProvider/CORE]: Preparing ModFile
[30Apr2025 23:12:59.351] [main/DEBUG] [net.minecraftforge.fml.loading.FMLServiceProvider/CORE]: Preparing launch handler
[30Apr2025 23:12:59.351] [main/DEBUG] [net.minecraftforge.fml.loading.FMLLoader/CORE]: Using forgeserver as launch service
[30Apr2025 23:12:59.369] [main/DEBUG] [net.minecraftforge.fml.loading.FMLLoader/CORE]: Received command line version data  : VersionInfo[forgeVersion=47.3.7, mcVersion=1.20.1, mcpVersion=20230612.114412, forgeGroup=net.minecraftforge]
[30Apr2025 23:12:59.370] [main/DEBUG] [cpw.mods.modlauncher.TransformationServiceDecorator/MODLAUNCHER]: Initialized transformation service fml
[30Apr2025 23:12:59.371] [main/DEBUG] [cpw.mods.modlauncher.NameMappingServiceHandler/MODLAUNCHER]: Current naming domain is 'srg'
[30Apr2025 23:12:59.372] [main/DEBUG] [cpw.mods.modlauncher.NameMappingServiceHandler/MODLAUNCHER]: Identified name mapping providers {}
[30Apr2025 23:12:59.372] [main/DEBUG] [cpw.mods.modlauncher.TransformationServicesHandler/MODLAUNCHER]: Transformation services begin scanning
[30Apr2025 23:12:59.373] [main/DEBUG] [cpw.mods.modlauncher.TransformationServiceDecorator/MODLAUNCHER]: Beginning scan trigger - transformation service mixin
[30Apr2025 23:12:59.373] [main/DEBUG] [cpw.mods.modlauncher.TransformationServiceDecorator/MODLAUNCHER]: End scan trigger - transformation service mixin
[30Apr2025 23:12:59.373] [main/DEBUG] [cpw.mods.modlauncher.TransformationServiceDecorator/MODLAUNCHER]: Beginning scan trigger - transformation service fml
[30Apr2025 23:12:59.373] [main/DEBUG] [net.minecraftforge.fml.loading.FMLServiceProvider/CORE]: Initiating mod scan
[30Apr2025 23:12:59.383] [main/DEBUG] [net.minecraftforge.fml.loading.moddiscovery.ModListHandler/CORE]: Found mod coordinates from lists: []
[30Apr2025 23:12:59.385] [main/DEBUG] [net.minecraftforge.fml.loading.moddiscovery.ModDiscoverer/CORE]: Found Mod Locators : (mods folder:null),(maven libs:null),(exploded directory:null),(minecraft:null),(userdev classpath:null)
[30Apr2025 23:12:59.386] [main/DEBUG] [net.minecraftforge.fml.loading.moddiscovery.ModDiscoverer/CORE]: Found Dependency Locators : (JarInJar:null)
[30Apr2025 23:12:59.396] [main/DEBUG] [net.minecraftforge.fml.loading.moddiscovery.ModFileParser/LOADING]: Considering mod file candidate /workspaces/MSX/servidor_minecraft/mods/ad_astra-forge-1.20.1-1.15.20.jar
[30Apr2025 23:12:59.465] [main/DEBUG] [net.minecraftforge.fml.loading.moddiscovery.ModFileInfo/LOADING]: Found valid mod file ad_astra-forge-1.20.1-1.15.20.jar with {ad_astra} mods - versions {1.15.20}
[30Apr2025 23:12:59.467] [main/DEBUG] [net.minecraftforge.fml.loading.moddiscovery.ModFileParser/LOADING]: Considering mod file candidate /workspaces/MSX/servidor_minecraft/mods/advancednetherite-forge-2.1.3-1.20.1.jar
[30Apr2025 23:12:59.469] [main/DEBUG] [net.minecraftforge.fml.loading.moddiscovery.ModFileInfo/LOADING]: Found valid mod file advancednetherite-forge-2.1.3-1.20.1.jar with {advancednetherite} mods - versions {2.1.3}
[30Apr2025 23:12:59.472] [main/DEBUG] [net.minecraftforge.fml.loading.moddiscovery.ModFileParser/LOADING]: Considering mod file candidate /workspaces/MSX/servidor_minecraft/mods/alekiNiftyShips-FORGE-1.20.1-1.0.14.jar
[30Apr2025 23:12:59.478] [main/DEBUG] [net.minecraftforge.fml.loading.moddiscovery.ModFileInfo/LOADING]: Found valid mod file alekiNiftyShips-FORGE-1.20.1-1.0.14.jar with {alekiships} mods - versions {1.0.14}
[30Apr2025 23:12:59.487] [main/DEBUG] [net.minecraftforge.fml.loading.moddiscovery.ModFileParser/LOADING]: Considering mod file candidate /workspaces/MSX/servidor_minecraft/mods/alexscaves-2.0.2.jar
[30Apr2025 23:12:59.489] [main/DEBUG] [net.minecraftforge.fml.loading.moddiscovery.ModFileInfo/LOADING]: Found valid mod file alexscaves-2.0.2.jar with {alexscaves} mods - versions {2.0.2}
[30Apr2025 23:12:59.490] [main/DEBUG] [net.minecraftforge.fml.loading.moddiscovery.ModFileParser/LOADING]: Considering mod file candidate /workspaces/MSX/servidor_minecraft/mods/alexsdelight-1.5.jar
[30Apr2025 23:12:59.493] [main/DEBUG] [net.minecraftforge.fml.loading.moddiscovery.ModFileInfo/LOADING]: Found valid mod file alexsdelight-1.5.jar with {alexsdelight} mods - versions {1.5}
[30Apr2025 23:12:59.496] [main/DEBUG] [net.minecraftforge.fml.loading.moddiscovery.ModFileParser/LOADING]: Considering mod file candidate /workspaces/MSX/servidor_minecraft/mods/alexsmobs-1.22.9.jar
[30Apr2025 23:12:59.497] [main/DEBUG] [net.minecraftforge.fml.loading.moddiscovery.ModFileInfo/LOADING]: Found valid mod file alexsmobs-1.22.9.jar with {alexsmobs} mods - versions {1.22.9}
[30Apr2025 23:12:59.498] [main/DEBUG] [net.minecraftforge.fml.loading.moddiscovery.ModFileParser/LOADING]: Considering mod file candidate /workspaces/MSX/servidor_minecraft/mods/alshanex_familiars-1.20.1_v1.1.2_HotFix.jar
[30Apr2025 23:12:59.500] [main/DEBUG] [net.minecraftforge.fml.loading.moddiscovery.ModFileInfo/LOADING]: Found valid mod file alshanex_familiars-1.20.1_v1.1.2_HotFix.jar with {alshanex_familiars} mods - versions {1.20.1_v1.1.2_HotFix}
[30Apr2025 23:12:59.503] [main/DEBUG] [net.minecraftforge.fml.loading.moddiscovery.ModFileParser/LOADING]: Considering mod file candidate /workspaces/MSX/servidor_minecraft/mods/another_furniture-forge-1.20.1-3.0.2.jar
[30Apr2025 23:12:59.504] [main/DEBUG] [net.minecraftforge.fml.loading.moddiscovery.ModFileInfo/LOADING]: Found valid mod file another_furniture-forge-1.20.1-3.0.2.jar with {another_furniture} mods - versions {1.20.1-3.0.2}
[30Apr2025 23:12:59.504] [main/DEBUG] [net.minecraftforge.fml.loading.moddiscovery.ModFileParser/LOADING]: Considering mod file candidate /workspaces/MSX/servidor_minecraft/mods/architectury-9.2.14-forge.jar
[30Apr2025 23:12:59.505] [main/DEBUG] [net.minecraftforge.fml.loading.moddiscovery.ModFileInfo/LOADING]: Found valid mod file architectury-9.2.14-forge.jar with {architectury} mods - versions {9.2.14}
[30Apr2025 23:12:59.506] [main/DEBUG] [net.minecraftforge.fml.loading.moddiscovery.ModFileParser/LOADING]: Considering mod file candidate /workspaces/MSX/servidor_minecraft/mods/bettercombat-forge-1.8.6+1.20.1.jar
[30Apr2025 23:12:59.507] [main/DEBUG] [net.minecraftforge.fml.loading.moddiscovery.ModFileInfo/LOADING]: Found valid mod file bettercombat-forge-1.8.6+1.20.1.jar with {bettercombat} mods - versions {1.8.6+1.20.1}
[30Apr2025 23:12:59.508] [main/DEBUG] [net.minecraftforge.fml.loading.moddiscovery.ModFileParser/LOADING]: Considering mod file candidate /workspaces/MSX/servidor_minecraft/mods/blueprint-1.20.1-7.1.3.jar
[30Apr2025 23:12:59.509] [main/DEBUG] [net.minecraftforge.fml.loading.moddiscovery.ModFileInfo/LOADING]: Found valid mod file blueprint-1.20.1-7.1.3.jar with {blueprint} mods - versions {7.1.3}
[30Apr2025 23:12:59.512] [main/DEBUG] [net.minecraftforge.fml.loading.moddiscovery.ModFileParser/LOADING]: Considering mod file candidate /workspaces/MSX/servidor_minecraft/mods/born_in_chaos_[Forge]1.20.1_1.6.3.jar
[30Apr2025 23:12:59.513] [main/DEBUG] [net.minecraftforge.fml.loading.moddiscovery.ModFileInfo/LOADING]: Found valid mod file born_in_chaos_[Forge]1.20.1_1.6.3.jar with {born_in_chaos_v1} mods - versions {1.6.3}
[30Apr2025 23:12:59.514] [main/DEBUG] [net.minecraftforge.fml.loading.moddiscovery.ModFileParser/LOADING]: Considering mod file candidate /workspaces/MSX/servidor_minecraft/mods/botarium-forge-1.20.1-2.3.4.jar
[30Apr2025 23:12:59.515] [main/DEBUG] [net.minecraftforge.fml.loading.moddiscovery.ModFileInfo/LOADING]: Found valid mod file botarium-forge-1.20.1-2.3.4.jar with {botarium} mods - versions {2.3.4}
[30Apr2025 23:12:59.516] [main/DEBUG] [net.minecraftforge.fml.loading.moddiscovery.ModFileParser/LOADING]: Considering mod file candidate /workspaces/MSX/servidor_minecraft/mods/caelus-forge-3.2.0+1.20.1.jar
[30Apr2025 23:12:59.517] [main/DEBUG] [net.minecraftforge.fml.loading.moddiscovery.ModFileInfo/LOADING]: Found valid mod file caelus-forge-3.2.0+1.20.1.jar with {caelus} mods - versions {3.2.0+1.20.1}
[30Apr2025 23:12:59.517] [main/DEBUG] [net.minecraftforge.fml.loading.moddiscovery.ModFileParser/LOADING]: Considering mod file candidate /workspaces/MSX/servidor_minecraft/mods/Chunky-1.3.146.jar
[30Apr2025 23:12:59.518] [main/DEBUG] [net.minecraftforge.fml.loading.moddiscovery.ModFileInfo/LOADING]: Found valid mod file Chunky-1.3.146.jar with {chunky} mods - versions {1.3.146}
[30Apr2025 23:12:59.520] [main/DEBUG] [net.minecraftforge.fml.loading.moddiscovery.ModFileParser/LOADING]: Considering mod file candidate /workspaces/MSX/servidor_minecraft/mods/citadel-2.6.1-1.20.1.jar
[30Apr2025 23:12:59.524] [main/DEBUG] [net.minecraftforge.fml.loading.moddiscovery.ModFileInfo/LOADING]: Found valid mod file citadel-2.6.1-1.20.1.jar with {citadel} mods - versions {2.6.1}
[30Apr2025 23:12:59.525] [main/DEBUG] [net.minecraftforge.fml.loading.moddiscovery.ModFileParser/LOADING]: Considering mod file candidate /workspaces/MSX/servidor_minecraft/mods/cloth-config-11.1.136-forge.jar
[30Apr2025 23:12:59.526] [main/DEBUG] [net.minecraftforge.fml.loading.moddiscovery.ModFileInfo/LOADING]: Found valid mod file cloth-config-11.1.136-forge.jar with {cloth_config} mods - versions {11.1.136}
[30Apr2025 23:12:59.527] [main/DEBUG] [net.minecraftforge.fml.loading.moddiscovery.ModFileParser/LOADING]: Considering mod file candidate /workspaces/MSX/servidor_minecraft/mods/curios-forge-5.14.1+1.20.1.jar
[30Apr2025 23:12:59.528] [main/DEBUG] [net.minecraftforge.fml.loading.moddiscovery.ModFileInfo/LOADING]: Found valid mod file curios-forge-5.14.1+1.20.1.jar with {curios} mods - versions {5.14.1+1.20.1}
[30Apr2025 23:12:59.529] [main/DEBUG] [net.minecraftforge.fml.loading.moddiscovery.ModFileParser/LOADING]: Considering mod file candidate /workspaces/MSX/servidor_minecraft/mods/ElysiumApi-1.20.1-1.1.0.jar
[30Apr2025 23:12:59.530] [main/DEBUG] [net.minecraftforge.fml.loading.moddiscovery.ModFileInfo/LOADING]: Found valid mod file ElysiumApi-1.20.1-1.1.0.jar with {elysium_api} mods - versions {1.1.0}
[30Apr2025 23:12:59.532] [main/DEBUG] [net.minecraftforge.fml.loading.moddiscovery.ModFileParser/LOADING]: Considering mod file candidate /workspaces/MSX/servidor_minecraft/mods/FarmersDelight-1.20.1-1.2.7.jar
[30Apr2025 23:12:59.534] [main/DEBUG] [net.minecraftforge.fml.loading.moddiscovery.ModFileInfo/LOADING]: Found valid mod file FarmersDelight-1.20.1-1.2.7.jar with {farmersdelight} mods - versions {1.20.1-1.2.7}
[30Apr2025 23:12:59.534] [main/DEBUG] [net.minecraftforge.fml.loading.moddiscovery.ModFileParser/LOADING]: Considering mod file candidate /workspaces/MSX/servidor_minecraft/mods/geckolib-forge-1.20.1-4.7.1.2.jar
[30Apr2025 23:12:59.535] [main/DEBUG] [net.minecraftforge.fml.loading.moddiscovery.ModFileInfo/LOADING]: Found valid mod file geckolib-forge-1.20.1-4.7.1.2.jar with {geckolib} mods - versions {4.7.1.2}
[30Apr2025 23:12:59.537] [main/DEBUG] [net.minecraftforge.fml.loading.moddiscovery.ModFileParser/LOADING]: Considering mod file candidate /workspaces/MSX/servidor_minecraft/mods/goblins_tyranny-1.2.3-forge-1.20.1.jar
[30Apr2025 23:12:59.538] [main/DEBUG] [net.minecraftforge.fml.loading.moddiscovery.ModFileInfo/LOADING]: Found valid mod file goblins_tyranny-1.2.3-forge-1.20.1.jar with {goblins_tyranny} mods - versions {1.2.3}
[30Apr2025 23:12:59.540] [main/DEBUG] [net.minecraftforge.fml.loading.moddiscovery.ModFileParser/LOADING]: Considering mod file candidate /workspaces/MSX/servidor_minecraft/mods/irons_spellbooks-1.20.1-3.4.0.8.jar
[30Apr2025 23:12:59.541] [main/DEBUG] [net.minecraftforge.fml.loading.moddiscovery.ModFileInfo/LOADING]: Found valid mod file irons_spellbooks-1.20.1-3.4.0.8.jar with {irons_spellbooks} mods - versions {1.20.1-3.4.0.8}
[30Apr2025 23:12:59.544] [main/DEBUG] [net.minecraftforge.fml.loading.moddiscovery.ModFileParser/LOADING]: Considering mod file candidate /workspaces/MSX/servidor_minecraft/mods/Jadens-Nether-Expansion-2.3.1.jar
[30Apr2025 23:12:59.546] [main/DEBUG] [net.minecraftforge.fml.loading.moddiscovery.ModFileInfo/LOADING]: Found valid mod file Jadens-Nether-Expansion-2.3.1.jar with {netherexp} mods - versions {2.3.1}
[30Apr2025 23:12:59.551] [main/DEBUG] [net.minecraftforge.fml.loading.moddiscovery.ModFileParser/LOADING]: Considering mod file candidate /workspaces/MSX/servidor_minecraft/mods/L_Enders_Cataclysm-2.64.jar
[30Apr2025 23:12:59.553] [main/DEBUG] [net.minecraftforge.fml.loading.moddiscovery.ModFileInfo/LOADING]: Found valid mod file L_Enders_Cataclysm-2.64.jar with {cataclysm} mods - versions {2.64}
[30Apr2025 23:12:59.554] [main/DEBUG] [net.minecraftforge.fml.loading.moddiscovery.ModFileParser/LOADING]: Considering mod file candidate /workspaces/MSX/servidor_minecraft/mods/letsdo-API-forge-1.2.15-forge.jar
[30Apr2025 23:12:59.556] [main/DEBUG] [net.minecraftforge.fml.loading.moddiscovery.ModFileInfo/LOADING]: Found valid mod file letsdo-API-forge-1.2.15-forge.jar with {doapi,terraform} mods - versions {1.2.15,7.0.1}
[30Apr2025 23:12:59.557] [main/DEBUG] [net.minecraftforge.fml.loading.moddiscovery.ModFileParser/LOADING]: Considering mod file candidate /workspaces/MSX/servidor_minecraft/mods/letsdo-brewery-forge-1.1.9.jar
[30Apr2025 23:12:59.558] [main/DEBUG] [net.minecraftforge.fml.loading.moddiscovery.ModFileInfo/LOADING]: Found valid mod file letsdo-brewery-forge-1.1.9.jar with {brewery} mods - versions {1.1.9}
[30Apr2025 23:12:59.560] [main/DEBUG] [net.minecraftforge.fml.loading.moddiscovery.ModFileParser/LOADING]: Considering mod file candidate /workspaces/MSX/servidor_minecraft/mods/letsdo-vinery-forge-1.4.39.jar
[30Apr2025 23:12:59.561] [main/DEBUG] [net.minecraftforge.fml.loading.moddiscovery.ModFileInfo/LOADING]: Found valid mod file letsdo-vinery-forge-1.4.39.jar with {vinery} mods - versions {1.4.39}
[30Apr2025 23:12:59.561] [main/DEBUG] [net.minecraftforge.fml.loading.moddiscovery.ModFileParser/LOADING]: Considering mod file candidate /workspaces/MSX/servidor_minecraft/mods/lionfishapi-2.4-Fix.jar
[30Apr2025 23:12:59.562] [main/DEBUG] [net.minecraftforge.fml.loading.moddiscovery.ModFileInfo/LOADING]: Found valid mod file lionfishapi-2.4-Fix.jar with {lionfishapi} mods - versions {2.4-Fix}
[30Apr2025 23:12:59.565] [main/DEBUG] [net.minecraftforge.fml.loading.moddiscovery.ModFileParser/LOADING]: Considering mod file candidate /workspaces/MSX/servidor_minecraft/mods/minecraft-comes-alive-7.6.3+1.20.1-universal.jar
[30Apr2025 23:12:59.566] [main/DEBUG] [net.minecraftforge.fml.loading.moddiscovery.ModFileInfo/LOADING]: Found valid mod file minecraft-comes-alive-7.6.3+1.20.1-universal.jar with {mca} mods - versions {7.6.3+1.20.1}
[30Apr2025 23:12:59.568] [main/DEBUG] [net.minecraftforge.fml.loading.moddiscovery.ModFileParser/LOADING]: Considering mod file candidate /workspaces/MSX/servidor_minecraft/mods/mowziesmobs-1.7.1.jar
[30Apr2025 23:12:59.569] [main/DEBUG] [net.minecraftforge.fml.loading.moddiscovery.ModFileInfo/LOADING]: Found valid mod file mowziesmobs-1.7.1.jar with {mowziesmobs} mods - versions {1.7.1}
[30Apr2025 23:12:59.569] [main/DEBUG] [net.minecraftforge.fml.loading.moddiscovery.ModFileParser/LOADING]: Considering mod file candidate /workspaces/MSX/servidor_minecraft/mods/player-animation-lib-forge-1.0.2-rc1+1.20.jar
[30Apr2025 23:12:59.570] [main/DEBUG] [net.minecraftforge.fml.loading.moddiscovery.ModFileInfo/LOADING]: Found valid mod file player-animation-lib-forge-1.0.2-rc1+1.20.jar with {playeranimator} mods - versions {1.0.2-rc1+1.20}
[30Apr2025 23:12:59.571] [main/DEBUG] [net.minecraftforge.fml.loading.moddiscovery.ModFileParser/LOADING]: Considering mod file candidate /workspaces/MSX/servidor_minecraft/mods/resourcefulconfig-forge-1.20.1-2.1.3.jar
[30Apr2025 23:12:59.571] [main/DEBUG] [net.minecraftforge.fml.loading.moddiscovery.ModFileInfo/LOADING]: Found valid mod file resourcefulconfig-forge-1.20.1-2.1.3.jar with {resourcefulconfig} mods - versions {2.1.3}
[30Apr2025 23:12:59.572] [main/DEBUG] [net.minecraftforge.fml.loading.moddiscovery.ModFileParser/LOADING]: Considering mod file candidate /workspaces/MSX/servidor_minecraft/mods/resourcefullib-forge-1.20.1-2.1.29.jar
[30Apr2025 23:12:59.573] [main/DEBUG] [net.minecraftforge.fml.loading.moddiscovery.ModFileInfo/LOADING]: Found valid mod file resourcefullib-forge-1.20.1-2.1.29.jar with {resourcefullib} mods - versions {2.1.29}
[30Apr2025 23:12:59.573] [main/DEBUG] [net.minecraftforge.fml.loading.moddiscovery.ModFileParser/LOADING]: Considering mod file candidate /workspaces/MSX/servidor_minecraft/mods/tectonic-forge-1.20.1-2.4.1.jar
[30Apr2025 23:12:59.574] [main/DEBUG] [net.minecraftforge.fml.loading.moddiscovery.ModFileInfo/LOADING]: Found valid mod file tectonic-forge-1.20.1-2.4.1.jar with {tectonic} mods - versions {2.4.1}
[30Apr2025 23:12:59.579] [main/DEBUG] [net.minecraftforge.fml.loading.moddiscovery.ModFileParser/LOADING]: Considering mod file candidate /workspaces/MSX/servidor_minecraft/mods/twilightforest-1.20.1-4.3.1893-universal.jar
[30Apr2025 23:12:59.580] [main/DEBUG] [net.minecraftforge.fml.loading.moddiscovery.ModFileInfo/LOADING]: Found valid mod file twilightforest-1.20.1-4.3.1893-universal.jar with {twilightforest} mods - versions {4.3.1893}
[30Apr2025 23:12:59.583] [main/DEBUG] [net.minecraftforge.fml.loading.moddiscovery.ModFileParser/LOADING]: Considering mod file candidate /workspaces/MSX/servidor_minecraft/mods/unearthed_journey-2.1.jar
[30Apr2025 23:12:59.583] [main/DEBUG] [net.minecraftforge.fml.loading.moddiscovery.ModFileInfo/LOADING]: Found valid mod file unearthed_journey-2.1.jar with {unearthed_journey} mods - versions {2.0.1}
[30Apr2025 23:12:59.585] [main/DEBUG] [net.minecraftforge.fml.loading.moddiscovery.ModFileParser/LOADING]: Considering mod file candidate /workspaces/MSX/servidor_minecraft/mods/unusualend-2.3.0-forge-1.20.1.jar
[30Apr2025 23:12:59.587] [main/DEBUG] [net.minecraftforge.fml.loading.moddiscovery.ModFileInfo/LOADING]: Found valid mod file unusualend-2.3.0-forge-1.20.1.jar with {unusualend} mods - versions {2.3.0}
[30Apr2025 23:12:59.590] [main/DEBUG] [net.minecraftforge.fml.loading.moddiscovery.ModFileParser/LOADING]: Considering mod file candidate /workspaces/MSX/servidor_minecraft/mods/Vampirism-1.20.1-1.10.13.jar
[30Apr2025 23:12:59.591] [main/DEBUG] [net.minecraftforge.fml.loading.moddiscovery.ModFileInfo/LOADING]: Found valid mod file Vampirism-1.20.1-1.10.13.jar with {vampirism,teamlapenlib} mods - versions {1.10.13,1.10.13}
[30Apr2025 23:12:59.592] [main/DEBUG] [net.minecraftforge.fml.loading.moddiscovery.ModFileParser/LOADING]: Considering mod file candidate /workspaces/MSX/servidor_minecraft/mods/voicechat-forge-1.20.1-2.5.30.jar
[30Apr2025 23:12:59.593] [main/DEBUG] [net.minecraftforge.fml.loading.moddiscovery.ModFileInfo/LOADING]: Found valid mod file voicechat-forge-1.20.1-2.5.30.jar with {voicechat} mods - versions {1.20.1-2.5.30}
[30Apr2025 23:12:59.594] [main/DEBUG] [net.minecraftforge.fml.loading.moddiscovery.ModFileParser/LOADING]: Considering mod file candidate /workspaces/MSX/servidor_minecraft/mods/wab-1.20.1-1.1.5.jar
[30Apr2025 23:12:59.595] [main/DEBUG] [net.minecraftforge.fml.loading.moddiscovery.ModFileInfo/LOADING]: Found valid mod file wab-1.20.1-1.1.5.jar with {wan_ancient_beasts} mods - versions {1.1.5}
[30Apr2025 23:12:59.846] [main/DEBUG] [net.minecraftforge.fml.loading.moddiscovery.ModFileInfo/LOADING]: Found valid mod file server-1.20.1-20230612.114412-srg.jar with {minecraft} mods - versions {1.20.1}
[30Apr2025 23:12:59.982] [main/DEBUG] [net.minecraftforge.fml.loading.moddiscovery.ModFileParser/LOADING]: Considering mod file candidate /workspaces/MSX/servidor_minecraft/libraries/net/minecraftforge/fmlcore/1.20.1-47.3.7/fmlcore-1.20.1-47.3.7.jar
[30Apr2025 23:12:59.982] [main/WARN] [net.minecraftforge.fml.loading.moddiscovery.ModFileParser/LOADING]: Mod file /workspaces/MSX/servidor_minecraft/libraries/net/minecraftforge/fmlcore/1.20.1-47.3.7/fmlcore-1.20.1-47.3.7.jar is missing mods.toml file
[30Apr2025 23:12:59.985] [main/DEBUG] [net.minecraftforge.fml.loading.moddiscovery.ModFileParser/LOADING]: Considering mod file candidate /workspaces/MSX/servidor_minecraft/libraries/net/minecraftforge/javafmllanguage/1.20.1-47.3.7/javafmllanguage-1.20.1-47.3.7.jar
[30Apr2025 23:12:59.985] [main/WARN] [net.minecraftforge.fml.loading.moddiscovery.ModFileParser/LOADING]: Mod file /workspaces/MSX/servidor_minecraft/libraries/net/minecraftforge/javafmllanguage/1.20.1-47.3.7/javafmllanguage-1.20.1-47.3.7.jar is missing mods.toml file
[30Apr2025 23:12:59.987] [main/DEBUG] [net.minecraftforge.fml.loading.moddiscovery.ModFileParser/LOADING]: Considering mod file candidate /workspaces/MSX/servidor_minecraft/libraries/net/minecraftforge/lowcodelanguage/1.20.1-47.3.7/lowcodelanguage-1.20.1-47.3.7.jar
[30Apr2025 23:12:59.987] [main/WARN] [net.minecraftforge.fml.loading.moddiscovery.ModFileParser/LOADING]: Mod file /workspaces/MSX/servidor_minecraft/libraries/net/minecraftforge/lowcodelanguage/1.20.1-47.3.7/lowcodelanguage-1.20.1-47.3.7.jar is missing mods.toml file
[30Apr2025 23:12:59.990] [main/DEBUG] [net.minecraftforge.fml.loading.moddiscovery.ModFileParser/LOADING]: Considering mod file candidate /workspaces/MSX/servidor_minecraft/libraries/net/minecraftforge/mclanguage/1.20.1-47.3.7/mclanguage-1.20.1-47.3.7.jar
[30Apr2025 23:12:59.990] [main/WARN] [net.minecraftforge.fml.loading.moddiscovery.ModFileParser/LOADING]: Mod file /workspaces/MSX/servidor_minecraft/libraries/net/minecraftforge/mclanguage/1.20.1-47.3.7/mclanguage-1.20.1-47.3.7.jar is missing mods.toml file
[30Apr2025 23:13:00.037] [main/DEBUG] [net.minecraftforge.fml.loading.moddiscovery.ModFileParser/LOADING]: Considering mod file candidate /workspaces/MSX/servidor_minecraft/libraries/net/minecraftforge/forge/1.20.1-47.3.7/forge-1.20.1-47.3.7-universal.jar
[30Apr2025 23:13:00.038] [main/DEBUG] [net.minecraftforge.fml.loading.moddiscovery.ModFileInfo/LOADING]: Found valid mod file forge-1.20.1-47.3.7-universal.jar with {forge} mods - versions {47.3.7}
[30Apr2025 23:13:00.054] [main/DEBUG] [net.minecraftforge.fml.loading.moddiscovery.AbstractJarFileDependencyLocator/]: Failed to load resource META-INF/jarjar/metadata.json from server-1.20.1-20230612.114412-srg.jar, it does not contain dependency information.
[30Apr2025 23:13:00.055] [main/DEBUG] [net.minecraftforge.fml.loading.moddiscovery.AbstractJarFileDependencyLocator/]: Failed to load resource META-INF/jarjar/metadata.json from FarmersDelight-1.20.1-1.2.7.jar, it does not contain dependency information.
[30Apr2025 23:13:00.055] [main/DEBUG] [net.minecraftforge.fml.loading.moddiscovery.AbstractJarFileDependencyLocator/]: Failed to load resource META-INF/jarjar/metadata.json from alexscaves-2.0.2.jar, it does not contain dependency information.
[30Apr2025 23:13:00.055] [main/DEBUG] [net.minecraftforge.fml.loading.moddiscovery.AbstractJarFileDependencyLocator/]: Failed to load resource META-INF/jarjar/metadata.json from voicechat-forge-1.20.1-2.5.30.jar, it does not contain dependency information.
[30Apr2025 23:13:00.055] [main/DEBUG] [net.minecraftforge.fml.loading.moddiscovery.AbstractJarFileDependencyLocator/]: Failed to load resource META-INF/jarjar/metadata.json from mowziesmobs-1.7.1.jar, it does not contain dependency information.
[30Apr2025 23:13:00.055] [main/DEBUG] [net.minecraftforge.fml.loading.moddiscovery.AbstractJarFileDependencyLocator/]: Failed to load resource META-INF/jarjar/metadata.json from alshanex_familiars-1.20.1_v1.1.2_HotFix.jar, it does not contain dependency information.
[30Apr2025 23:13:00.055] [main/DEBUG] [net.minecraftforge.fml.loading.moddiscovery.AbstractJarFileDependencyLocator/]: Failed to load resource META-INF/jarjar/metadata.json from alexsmobs-1.22.9.jar, it does not contain dependency information.
[30Apr2025 23:13:00.056] [main/DEBUG] [net.minecraftforge.fml.loading.moddiscovery.AbstractJarFileDependencyLocator/]: Failed to load resource META-INF/jarjar/metadata.json from alekiNiftyShips-FORGE-1.20.1-1.0.14.jar, it does not contain dependency information.
[30Apr2025 23:13:00.056] [main/DEBUG] [net.minecraftforge.fml.loading.moddiscovery.AbstractJarFileDependencyLocator/]: Failed to load resource META-INF/jarjar/metadata.json from minecraft-comes-alive-7.6.3+1.20.1-universal.jar, it does not contain dependency information.
[30Apr2025 23:13:00.056] [main/DEBUG] [net.minecraftforge.fml.loading.moddiscovery.AbstractJarFileDependencyLocator/]: Failed to load resource META-INF/jarjar/metadata.json from another_furniture-forge-1.20.1-3.0.2.jar, it does not contain dependency information.
[30Apr2025 23:13:00.056] [main/DEBUG] [net.minecraftforge.fml.loading.moddiscovery.AbstractJarFileDependencyLocator/]: Failed to load resource META-INF/jarjar/metadata.json from player-animation-lib-forge-1.0.2-rc1+1.20.jar, it does not contain dependency information.
[30Apr2025 23:13:00.057] [main/DEBUG] [net.minecraftforge.fml.loading.moddiscovery.AbstractJarFileDependencyLocator/]: Failed to load resource META-INF/jarjar/metadata.json from ElysiumApi-1.20.1-1.1.0.jar, it does not contain dependency information.
[30Apr2025 23:13:00.057] [main/DEBUG] [net.minecraftforge.fml.loading.moddiscovery.AbstractJarFileDependencyLocator/]: Failed to load resource META-INF/jarjar/metadata.json from Chunky-1.3.146.jar, it does not contain dependency information.
[30Apr2025 23:13:00.057] [main/DEBUG] [net.minecraftforge.fml.loading.moddiscovery.AbstractJarFileDependencyLocator/]: Failed to load resource META-INF/jarjar/metadata.json from botarium-forge-1.20.1-2.3.4.jar, it does not contain dependency information.
[30Apr2025 23:13:00.057] [main/DEBUG] [net.minecraftforge.fml.loading.moddiscovery.AbstractJarFileDependencyLocator/]: Failed to load resource META-INF/jarjar/metadata.json from unusualend-2.3.0-forge-1.20.1.jar, it does not contain dependency information.
[30Apr2025 23:13:00.058] [main/DEBUG] [net.minecraftforge.fml.loading.moddiscovery.AbstractJarFileDependencyLocator/]: Failed to load resource META-INF/jarjar/metadata.json from resourcefulconfig-forge-1.20.1-2.1.3.jar, it does not contain dependency information.
[30Apr2025 23:13:00.058] [main/DEBUG] [net.minecraftforge.fml.loading.moddiscovery.AbstractJarFileDependencyLocator/]: Failed to load resource META-INF/jarjar/metadata.json from born_in_chaos_[Forge]1.20.1_1.6.3.jar, it does not contain dependency information.
[30Apr2025 23:13:00.058] [main/DEBUG] [net.minecraftforge.fml.loading.moddiscovery.AbstractJarFileDependencyLocator/]: Failed to load resource META-INF/jarjar/metadata.json from lionfishapi-2.4-Fix.jar, it does not contain dependency information.
[30Apr2025 23:13:00.058] [main/DEBUG] [net.minecraftforge.fml.loading.moddiscovery.AbstractJarFileDependencyLocator/]: Failed to load resource META-INF/jarjar/metadata.json from caelus-forge-3.2.0+1.20.1.jar, it does not contain dependency information.
[30Apr2025 23:13:00.058] [main/DEBUG] [net.minecraftforge.fml.loading.moddiscovery.AbstractJarFileDependencyLocator/]: Failed to load resource META-INF/jarjar/metadata.json from letsdo-brewery-forge-1.1.9.jar, it does not contain dependency information.
[30Apr2025 23:13:00.058] [main/DEBUG] [net.minecraftforge.fml.loading.moddiscovery.AbstractJarFileDependencyLocator/]: Failed to load resource META-INF/jarjar/metadata.json from L_Enders_Cataclysm-2.64.jar, it does not contain dependency information.
[30Apr2025 23:13:00.059] [main/DEBUG] [net.minecraftforge.fml.loading.moddiscovery.AbstractJarFileDependencyLocator/]: Failed to load resource META-INF/jarjar/metadata.json from curios-forge-5.14.1+1.20.1.jar, it does not contain dependency information.
[30Apr2025 23:13:00.059] [main/DEBUG] [net.minecraftforge.fml.loading.moddiscovery.AbstractJarFileDependencyLocator/]: Failed to load resource META-INF/jarjar/metadata.json from advancednetherite-forge-2.1.3-1.20.1.jar, it does not contain dependency information.
[30Apr2025 23:13:00.060] [main/DEBUG] [net.minecraftforge.fml.loading.moddiscovery.AbstractJarFileDependencyLocator/]: Failed to load resource META-INF/jarjar/metadata.json from citadel-2.6.1-1.20.1.jar, it does not contain dependency information.
[30Apr2025 23:13:00.060] [main/DEBUG] [net.minecraftforge.fml.loading.moddiscovery.AbstractJarFileDependencyLocator/]: Failed to load resource META-INF/jarjar/metadata.json from irons_spellbooks-1.20.1-3.4.0.8.jar, it does not contain dependency information.
[30Apr2025 23:13:00.060] [main/DEBUG] [net.minecraftforge.fml.loading.moddiscovery.AbstractJarFileDependencyLocator/]: Failed to load resource META-INF/jarjar/metadata.json from unearthed_journey-2.1.jar, it does not contain dependency information.
[30Apr2025 23:13:00.060] [main/DEBUG] [net.minecraftforge.fml.loading.moddiscovery.AbstractJarFileDependencyLocator/]: Failed to load resource META-INF/jarjar/metadata.json from letsdo-vinery-forge-1.4.39.jar, it does not contain dependency information.
[30Apr2025 23:13:00.060] [main/DEBUG] [net.minecraftforge.fml.loading.moddiscovery.AbstractJarFileDependencyLocator/]: Failed to load resource META-INF/jarjar/metadata.json from architectury-9.2.14-forge.jar, it does not contain dependency information.
[30Apr2025 23:13:00.061] [main/DEBUG] [net.minecraftforge.fml.loading.moddiscovery.AbstractJarFileDependencyLocator/]: Failed to load resource META-INF/jarjar/metadata.json from alexsdelight-1.5.jar, it does not contain dependency information.
[30Apr2025 23:13:00.061] [main/DEBUG] [net.minecraftforge.fml.loading.moddiscovery.AbstractJarFileDependencyLocator/]: Failed to load resource META-INF/jarjar/metadata.json from Vampirism-1.20.1-1.10.13.jar, it does not contain dependency information.
[30Apr2025 23:13:00.061] [main/DEBUG] [net.minecraftforge.fml.loading.moddiscovery.AbstractJarFileDependencyLocator/]: Failed to load resource META-INF/jarjar/metadata.json from blueprint-1.20.1-7.1.3.jar, it does not contain dependency information.
[30Apr2025 23:13:00.061] [main/DEBUG] [net.minecraftforge.fml.loading.moddiscovery.AbstractJarFileDependencyLocator/]: Failed to load resource META-INF/jarjar/metadata.json from goblins_tyranny-1.2.3-forge-1.20.1.jar, it does not contain dependency information.
[30Apr2025 23:13:00.061] [main/DEBUG] [net.minecraftforge.fml.loading.moddiscovery.AbstractJarFileDependencyLocator/]: Failed to load resource META-INF/jarjar/metadata.json from cloth-config-11.1.136-forge.jar, it does not contain dependency information.
[30Apr2025 23:13:00.061] [main/DEBUG] [net.minecraftforge.fml.loading.moddiscovery.AbstractJarFileDependencyLocator/]: Failed to load resource META-INF/jarjar/metadata.json from forge-1.20.1-47.3.7-universal.jar, it does not contain dependency information.
[30Apr2025 23:13:00.062] [main/DEBUG] [net.minecraftforge.fml.loading.moddiscovery.AbstractJarFileDependencyLocator/]: Failed to load resource META-INF/jarjar/metadata.json from wab-1.20.1-1.1.5.jar, it does not contain dependency information.
[30Apr2025 23:13:00.062] [main/DEBUG] [net.minecraftforge.fml.loading.moddiscovery.AbstractJarFileDependencyLocator/]: Failed to load resource META-INF/jarjar/metadata.json from twilightforest-1.20.1-4.3.1893-universal.jar, it does not contain dependency information.
[30Apr2025 23:13:00.062] [main/DEBUG] [net.minecraftforge.fml.loading.moddiscovery.AbstractJarFileDependencyLocator/]: Failed to load resource META-INF/jarjar/metadata.json from tectonic-forge-1.20.1-2.4.1.jar, it does not contain dependency information.
[30Apr2025 23:13:00.062] [main/DEBUG] [net.minecraftforge.fml.loading.moddiscovery.AbstractJarFileDependencyLocator/]: Failed to load resource META-INF/jarjar/metadata.json from mclanguage-1.20.1-47.3.7.jar, it does not contain dependency information.
[30Apr2025 23:13:00.062] [main/DEBUG] [net.minecraftforge.fml.loading.moddiscovery.AbstractJarFileDependencyLocator/]: Failed to load resource META-INF/jarjar/metadata.json from javafmllanguage-1.20.1-47.3.7.jar, it does not contain dependency information.
[30Apr2025 23:13:00.062] [main/DEBUG] [net.minecraftforge.fml.loading.moddiscovery.AbstractJarFileDependencyLocator/]: Failed to load resource META-INF/jarjar/metadata.json from fmlcore-1.20.1-47.3.7.jar, it does not contain dependency information.
[30Apr2025 23:13:00.062] [main/DEBUG] [net.minecraftforge.fml.loading.moddiscovery.AbstractJarFileDependencyLocator/]: Failed to load resource META-INF/jarjar/metadata.json from lowcodelanguage-1.20.1-47.3.7.jar, it does not contain dependency information.
[30Apr2025 23:13:00.163] [main/DEBUG] [net.minecraftforge.fml.loading.moddiscovery.ModFileParser/LOADING]: Considering mod file candidate 
[30Apr2025 23:13:00.164] [main/DEBUG] [net.minecraftforge.fml.loading.moddiscovery.ModFileInfo/LOADING]: Found valid mod file mixinextras-forge-0.3.5.jar with {mixinextras} mods - versions {0.3.5}
[30Apr2025 23:13:00.233] [main/DEBUG] [net.minecraftforge.fml.loading.moddiscovery.ModFileParser/LOADING]: Considering mod file candidate 
[30Apr2025 23:13:00.234] [main/DEBUG] [net.minecraftforge.fml.loading.moddiscovery.ModFileInfo/LOADING]: Found valid mod file mixinextras-forge-0.3.2.jar with {mixinextras} mods - versions {0.3.2}
[30Apr2025 23:13:00.247] [main/DEBUG] [net.minecraftforge.fml.loading.moddiscovery.ModFileParser/LOADING]: Considering mod file candidate 
[30Apr2025 23:13:00.248] [main/DEBUG] [net.minecraftforge.fml.loading.moddiscovery.ModFileInfo/LOADING]: Found valid mod file mixinextras-forge-0.2.0.jar with {mixinextras} mods - versions {0.2.0}
[30Apr2025 23:13:00.251] [main/DEBUG] [net.minecraftforge.fml.loading.moddiscovery.ModFileParser/LOADING]: Considering mod file candidate 
[30Apr2025 23:13:00.252] [main/DEBUG] [net.minecraftforge.fml.loading.moddiscovery.ModFileInfo/LOADING]: Found valid mod file mixinextras-forge-0.4.1.jar with {mixinextras} mods - versions {0.4.1}
[30Apr2025 23:13:00.252] [main/DEBUG] [net.minecraftforge.fml.loading.moddiscovery.AbstractJarFileDependencyLocator/]: Failed to load resource META-INF/jarjar/metadata.json from jankson-1.2.1.jar, it does not contain dependency information.
[30Apr2025 23:13:00.259] [main/DEBUG] [net.minecraftforge.fml.loading.moddiscovery.AbstractJarFileDependencyLocator/]: Failed to load resource META-INF/jarjar/metadata.json from mclib-20.jar, it does not contain dependency information.
[30Apr2025 23:13:00.260] [main/DEBUG] [net.minecraftforge.fml.loading.moddiscovery.AbstractJarFileDependencyLocator/]: Failed to load resource META-INF/jarjar/metadata.json from jlayer-1.0.1.jar, it does not contain dependency information.
[30Apr2025 23:13:00.265] [main/DEBUG] [net.minecraftforge.fml.loading.moddiscovery.AbstractJarFileDependencyLocator/]: Failed to load resource META-INF/jarjar/metadata.json from yabn-1.0.3.jar, it does not contain dependency information.
[30Apr2025 23:13:00.265] [main/DEBUG] [net.minecraftforge.fml.loading.moddiscovery.AbstractJarFileDependencyLocator/]: Failed to load resource META-INF/jarjar/metadata.json from bytecodecs-1.0.2.jar, it does not contain dependency information.
[30Apr2025 23:13:00.277] [main/DEBUG] [net.minecraftforge.fml.loading.moddiscovery.AbstractJarFileDependencyLocator/]: Failed to load resource META-INF/jarjar/metadata.json from MixinExtras-0.3.5.jar, it does not contain dependency information.
[30Apr2025 23:13:00.277] [main/DEBUG] [net.minecraftforge.fml.loading.moddiscovery.AbstractJarFileDependencyLocator/]: Failed to load resource META-INF/jarjar/metadata.json from MixinExtras-0.3.2.jar, it does not contain dependency information.
[30Apr2025 23:13:00.277] [main/DEBUG] [net.minecraftforge.fml.loading.moddiscovery.AbstractJarFileDependencyLocator/]: Failed to load resource META-INF/jarjar/metadata.json from MixinExtras-0.2.0.jar, it does not contain dependency information.
[30Apr2025 23:13:00.277] [main/DEBUG] [net.minecraftforge.fml.loading.moddiscovery.AbstractJarFileDependencyLocator/]: Failed to load resource META-INF/jarjar/metadata.json from MixinExtras-0.4.1.jar, it does not contain dependency information.
[30Apr2025 23:13:00.311] [main/DEBUG] [net.minecraftforge.fml.loading.moddiscovery.ModFileParser/LOADING]: Considering mod file candidate 
[30Apr2025 23:13:00.312] [main/DEBUG] [net.minecraftforge.fml.loading.moddiscovery.ModFileInfo/LOADING]: Found valid mod file mixinextras-forge-0.4.1.jar with {mixinextras} mods - versions {0.4.1}
[30Apr2025 23:13:00.328] [main/INFO] [net.minecraftforge.fml.loading.moddiscovery.JarInJarDependencyLocator/]: Found 7 dependencies adding them to mods collection
[30Apr2025 23:13:00.331] [main/DEBUG] [net.minecraftforge.fml.loading.moddiscovery.ModFileParser/LOADING]: Considering mod file candidate /workspaces/MSX/servidor_minecraft/mods/mowziesmobs-1.7.1.jar
[30Apr2025 23:13:00.333] [main/DEBUG] [net.minecraftforge.fml.loading.moddiscovery.ModFileInfo/LOADING]: Found valid mod file mowziesmobs-1.7.1.jar with {mowziesmobs} mods - versions {1.7.1}
[30Apr2025 23:13:00.336] [main/DEBUG] [net.minecraftforge.fml.loading.moddiscovery.ModFile/LOADING]: Loading mod file /workspaces/MSX/servidor_minecraft/mods/mowziesmobs-1.7.1.jar with languages [LanguageSpec[languageName=javafml, acceptedVersions=[43,)]]
[30Apr2025 23:13:00.338] [main/DEBUG] [net.minecraftforge.fml.loading.moddiscovery.ModFileParser/LOADING]: Considering mod file candidate /workspaces/MSX/servidor_minecraft/mods/alexsmobs-1.22.9.jar
[30Apr2025 23:13:00.339] [main/DEBUG] [net.minecraftforge.fml.loading.moddiscovery.ModFileInfo/LOADING]: Found valid mod file alexsmobs-1.22.9.jar with {alexsmobs} mods - versions {1.22.9}
[30Apr2025 23:13:00.339] [main/DEBUG] [net.minecraftforge.fml.loading.moddiscovery.ModFile/LOADING]: Loading mod file /workspaces/MSX/servidor_minecraft/mods/alexsmobs-1.22.9.jar with languages [LanguageSpec[languageName=javafml, acceptedVersions=[46,)]]
[30Apr2025 23:13:00.339] [main/DEBUG] [net.minecraftforge.fml.loading.moddiscovery.ModFileParser/LOADING]: Considering mod file candidate /workspaces/MSX/servidor_minecraft/mods/alshanex_familiars-1.20.1_v1.1.2_HotFix.jar
[30Apr2025 23:13:00.340] [main/DEBUG] [net.minecraftforge.fml.loading.moddiscovery.ModFileInfo/LOADING]: Found valid mod file alshanex_familiars-1.20.1_v1.1.2_HotFix.jar with {alshanex_familiars} mods - versions {1.20.1_v1.1.2_HotFix}
[30Apr2025 23:13:00.340] [main/DEBUG] [net.minecraftforge.fml.loading.moddiscovery.ModFile/LOADING]: Loading mod file /workspaces/MSX/servidor_minecraft/mods/alshanex_familiars-1.20.1_v1.1.2_HotFix.jar with languages [LanguageSpec[languageName=javafml, acceptedVersions=[47,)]]
[30Apr2025 23:13:00.340] [main/DEBUG] [net.minecraftforge.fml.loading.moddiscovery.ModFileParser/LOADING]: Considering mod file candidate /workspaces/MSX/servidor_minecraft/mods/Jadens-Nether-Expansion-2.3.1.jar
[30Apr2025 23:13:00.341] [main/DEBUG] [net.minecraftforge.fml.loading.moddiscovery.ModFileInfo/LOADING]: Found valid mod file Jadens-Nether-Expansion-2.3.1.jar with {netherexp} mods - versions {2.3.1}
[30Apr2025 23:13:00.341] [main/DEBUG] [net.minecraftforge.fml.loading.moddiscovery.ModFile/LOADING]: Loading mod file /workspaces/MSX/servidor_minecraft/mods/Jadens-Nether-Expansion-2.3.1.jar with languages [LanguageSpec[languageName=javafml, acceptedVersions=[47,)]]
[30Apr2025 23:13:00.341] [main/DEBUG] [net.minecraftforge.fml.loading.moddiscovery.ModFileParser/LOADING]: Considering mod file candidate /workspaces/MSX/servidor_minecraft/mods/geckolib-forge-1.20.1-4.7.1.2.jar
[30Apr2025 23:13:00.341] [main/DEBUG] [net.minecraftforge.fml.loading.moddiscovery.ModFileInfo/LOADING]: Found valid mod file geckolib-forge-1.20.1-4.7.1.2.jar with {geckolib} mods - versions {4.7.1.2}
[30Apr2025 23:13:00.342] [main/DEBUG] [net.minecraftforge.fml.loading.moddiscovery.ModFile/LOADING]: Loading mod file /workspaces/MSX/servidor_minecraft/mods/geckolib-forge-1.20.1-4.7.1.2.jar with languages [LanguageSpec[languageName=javafml, acceptedVersions=[47,)]]
[30Apr2025 23:13:00.342] [main/DEBUG] [net.minecraftforge.fml.loading.moddiscovery.ModFileParser/LOADING]: Considering mod file candidate /workspaces/MSX/servidor_minecraft/mods/minecraft-comes-alive-7.6.3+1.20.1-universal.jar
[30Apr2025 23:13:00.342] [main/DEBUG] [net.minecraftforge.fml.loading.moddiscovery.ModFileInfo/LOADING]: Found valid mod file minecraft-comes-alive-7.6.3+1.20.1-universal.jar with {mca} mods - versions {7.6.3+1.20.1}
[30Apr2025 23:13:00.342] [main/DEBUG] [net.minecraftforge.fml.loading.moddiscovery.ModFile/LOADING]: Loading mod file /workspaces/MSX/servidor_minecraft/mods/minecraft-comes-alive-7.6.3+1.20.1-universal.jar with languages [LanguageSpec[languageName=javafml, acceptedVersions=[44,)]]
[30Apr2025 23:13:00.343] [main/DEBUG] [net.minecraftforge.fml.loading.moddiscovery.ModFileParser/LOADING]: Considering mod file candidate /workspaces/MSX/servidor_minecraft/mods/botarium-forge-1.20.1-2.3.4.jar
[30Apr2025 23:13:00.343] [main/DEBUG] [net.minecraftforge.fml.loading.moddiscovery.ModFileInfo/LOADING]: Found valid mod file botarium-forge-1.20.1-2.3.4.jar with {botarium} mods - versions {2.3.4}
[30Apr2025 23:13:00.343] [main/DEBUG] [net.minecraftforge.fml.loading.moddiscovery.ModFile/LOADING]: Loading mod file /workspaces/MSX/servidor_minecraft/mods/botarium-forge-1.20.1-2.3.4.jar with languages [LanguageSpec[languageName=javafml, acceptedVersions=[47,)]]
[30Apr2025 23:13:00.343] [main/DEBUG] [net.minecraftforge.fml.loading.moddiscovery.ModFileParser/LOADING]: Considering mod file candidate /workspaces/MSX/servidor_minecraft/mods/ElysiumApi-1.20.1-1.1.0.jar
[30Apr2025 23:13:00.344] [main/DEBUG] [net.minecraftforge.fml.loading.moddiscovery.ModFileInfo/LOADING]: Found valid mod file ElysiumApi-1.20.1-1.1.0.jar with {elysium_api} mods - versions {1.1.0}
[30Apr2025 23:13:00.344] [main/DEBUG] [net.minecraftforge.fml.loading.moddiscovery.ModFile/LOADING]: Loading mod file /workspaces/MSX/servidor_minecraft/mods/ElysiumApi-1.20.1-1.1.0.jar with languages [LanguageSpec[languageName=javafml, acceptedVersions=[47,)]]
[30Apr2025 23:13:00.344] [main/DEBUG] [net.minecraftforge.fml.loading.moddiscovery.ModFileParser/LOADING]: Considering mod file candidate /workspaces/MSX/servidor_minecraft/mods/player-animation-lib-forge-1.0.2-rc1+1.20.jar
[30Apr2025 23:13:00.345] [main/DEBUG] [net.minecraftforge.fml.loading.moddiscovery.ModFileInfo/LOADING]: Found valid mod file player-animation-lib-forge-1.0.2-rc1+1.20.jar with {playeranimator} mods - versions {1.0.2-rc1+1.20}
[30Apr2025 23:13:00.345] [main/DEBUG] [net.minecraftforge.fml.loading.moddiscovery.ModFile/LOADING]: Loading mod file /workspaces/MSX/servidor_minecraft/mods/player-animation-lib-forge-1.0.2-rc1+1.20.jar with languages [LanguageSpec[languageName=javafml, acceptedVersions=[46.0.0,)]]
[30Apr2025 23:13:00.345] [main/DEBUG] [net.minecraftforge.fml.loading.moddiscovery.ModFileParser/LOADING]: Considering mod file candidate /workspaces/MSX/servidor_minecraft/mods/caelus-forge-3.2.0+1.20.1.jar
[30Apr2025 23:13:00.346] [main/DEBUG] [net.minecraftforge.fml.loading.moddiscovery.ModFileInfo/LOADING]: Found valid mod file caelus-forge-3.2.0+1.20.1.jar with {caelus} mods - versions {3.2.0+1.20.1}
[30Apr2025 23:13:00.346] [main/DEBUG] [net.minecraftforge.fml.loading.moddiscovery.ModFile/LOADING]: Loading mod file /workspaces/MSX/servidor_minecraft/mods/caelus-forge-3.2.0+1.20.1.jar with languages [LanguageSpec[languageName=javafml, acceptedVersions=[46,)]]
[30Apr2025 23:13:00.347] [main/DEBUG] [net.minecraftforge.fml.loading.moddiscovery.ModFileParser/LOADING]: Considering mod file candidate /workspaces/MSX/servidor_minecraft/mods/letsdo-API-forge-1.2.15-forge.jar
[30Apr2025 23:13:00.347] [main/DEBUG] [net.minecraftforge.fml.loading.moddiscovery.ModFileInfo/LOADING]: Found valid mod file letsdo-API-forge-1.2.15-forge.jar with {doapi,terraform} mods - versions {1.2.15,7.0.1}
[30Apr2025 23:13:00.348] [main/DEBUG] [net.minecraftforge.fml.loading.moddiscovery.ModFile/LOADING]: Loading mod file /workspaces/MSX/servidor_minecraft/mods/letsdo-API-forge-1.2.15-forge.jar with languages [LanguageSpec[languageName=javafml, acceptedVersions=[47,)]]
[30Apr2025 23:13:00.348] [main/DEBUG] [net.minecraftforge.fml.loading.moddiscovery.ModFileParser/LOADING]: Considering mod file candidate /workspaces/MSX/servidor_minecraft/mods/citadel-2.6.1-1.20.1.jar
[30Apr2025 23:13:00.348] [main/DEBUG] [net.minecraftforge.fml.loading.moddiscovery.ModFileInfo/LOADING]: Found valid mod file citadel-2.6.1-1.20.1.jar with {citadel} mods - versions {2.6.1}
[30Apr2025 23:13:00.348] [main/DEBUG] [net.minecraftforge.fml.loading.moddiscovery.ModFile/LOADING]: Loading mod file /workspaces/MSX/servidor_minecraft/mods/citadel-2.6.1-1.20.1.jar with languages [LanguageSpec[languageName=javafml, acceptedVersions=[47,)]]
[30Apr2025 23:13:00.348] [main/DEBUG] [net.minecraftforge.fml.loading.moddiscovery.ModFileParser/LOADING]: Considering mod file candidate /workspaces/MSX/servidor_minecraft/mods/letsdo-vinery-forge-1.4.39.jar
[30Apr2025 23:13:00.349] [main/DEBUG] [net.minecraftforge.fml.loading.moddiscovery.ModFileInfo/LOADING]: Found valid mod file letsdo-vinery-forge-1.4.39.jar with {vinery} mods - versions {1.4.39}
[30Apr2025 23:13:00.349] [main/DEBUG] [net.minecraftforge.fml.loading.moddiscovery.ModFile/LOADING]: Loading mod file /workspaces/MSX/servidor_minecraft/mods/letsdo-vinery-forge-1.4.39.jar with languages [LanguageSpec[languageName=javafml, acceptedVersions=[47,)]]
[30Apr2025 23:13:00.349] [main/DEBUG] [net.minecraftforge.fml.loading.moddiscovery.ModFileParser/LOADING]: Considering mod file candidate /workspaces/MSX/servidor_minecraft/mods/blueprint-1.20.1-7.1.3.jar
[30Apr2025 23:13:00.349] [main/DEBUG] [net.minecraftforge.fml.loading.moddiscovery.ModFileInfo/LOADING]: Found valid mod file blueprint-1.20.1-7.1.3.jar with {blueprint} mods - versions {7.1.3}
[30Apr2025 23:13:00.350] [main/DEBUG] [net.minecraftforge.fml.loading.moddiscovery.ModFile/LOADING]: Loading mod file /workspaces/MSX/servidor_minecraft/mods/blueprint-1.20.1-7.1.3.jar with languages [LanguageSpec[languageName=javafml, acceptedVersions=[32,)]]
[30Apr2025 23:13:00.350] [main/DEBUG] [net.minecraftforge.fml.loading.moddiscovery.ModFileParser/LOADING]: Considering mod file candidate /workspaces/MSX/servidor_minecraft/mods/cloth-config-11.1.136-forge.jar
[30Apr2025 23:13:00.350] [main/DEBUG] [net.minecraftforge.fml.loading.moddiscovery.ModFileInfo/LOADING]: Found valid mod file cloth-config-11.1.136-forge.jar with {cloth_config} mods - versions {11.1.136}
[30Apr2025 23:13:00.350] [main/DEBUG] [net.minecraftforge.fml.loading.moddiscovery.ModFile/LOADING]: Loading mod file /workspaces/MSX/servidor_minecraft/mods/cloth-config-11.1.136-forge.jar with languages [LanguageSpec[languageName=javafml, acceptedVersions=[34,)]]
[30Apr2025 23:13:00.350] [main/DEBUG] [net.minecraftforge.fml.loading.moddiscovery.ModFileParser/LOADING]: Considering mod file candidate /workspaces/MSX/servidor_minecraft/libraries/net/minecraftforge/forge/1.20.1-47.3.7/forge-1.20.1-47.3.7-universal.jar
[30Apr2025 23:13:00.351] [main/DEBUG] [net.minecraftforge.fml.loading.moddiscovery.ModFileInfo/LOADING]: Found valid mod file forge-1.20.1-47.3.7-universal.jar with {forge} mods - versions {47.3.7}
[30Apr2025 23:13:00.351] [main/DEBUG] [net.minecraftforge.fml.loading.moddiscovery.ModFile/LOADING]: Loading mod file /workspaces/MSX/servidor_minecraft/libraries/net/minecraftforge/forge/1.20.1-47.3.7/forge-1.20.1-47.3.7-universal.jar with languages [LanguageSpec[languageName=javafml, acceptedVersions=[24,]]]
[30Apr2025 23:13:00.354] [main/DEBUG] [net.minecraftforge.fml.loading.moddiscovery.ModFileParser/LOADING]: Found coremod field_to_method with Javascript path coremods/field_to_method.js
[30Apr2025 23:13:00.354] [main/DEBUG] [net.minecraftforge.fml.loading.moddiscovery.ModFileParser/LOADING]: Found coremod field_to_instanceof with Javascript path coremods/field_to_instanceof.js
[30Apr2025 23:13:00.354] [main/DEBUG] [net.minecraftforge.fml.loading.moddiscovery.ModFileParser/LOADING]: Found coremod add_bouncer_method with Javascript path coremods/add_bouncer_method.js
[30Apr2025 23:13:00.354] [main/DEBUG] [net.minecraftforge.fml.loading.moddiscovery.ModFileParser/LOADING]: Found coremod method_redirector with Javascript path coremods/method_redirector.js
[30Apr2025 23:13:00.354] [main/DEBUG] [net.minecraftforge.fml.loading.moddiscovery.ModFile/LOADING]: Found coremod coremods/field_to_method.js
[30Apr2025 23:13:00.354] [main/DEBUG] [net.minecraftforge.fml.loading.moddiscovery.ModFile/LOADING]: Found coremod coremods/field_to_instanceof.js
[30Apr2025 23:13:00.354] [main/DEBUG] [net.minecraftforge.fml.loading.moddiscovery.ModFile/LOADING]: Found coremod coremods/add_bouncer_method.js
[30Apr2025 23:13:00.354] [main/DEBUG] [net.minecraftforge.fml.loading.moddiscovery.ModFile/LOADING]: Found coremod coremods/method_redirector.js
[30Apr2025 23:13:00.354] [main/DEBUG] [net.minecraftforge.fml.loading.moddiscovery.ModFileParser/LOADING]: Considering mod file candidate /workspaces/MSX/servidor_minecraft/mods/twilightforest-1.20.1-4.3.1893-universal.jar
[30Apr2025 23:13:00.355] [main/DEBUG] [net.minecraftforge.fml.loading.moddiscovery.ModFileInfo/LOADING]: Found valid mod file twilightforest-1.20.1-4.3.1893-universal.jar with {twilightforest} mods - versions {4.3.1893}
[30Apr2025 23:13:00.355] [main/DEBUG] [net.minecraftforge.fml.loading.moddiscovery.ModFile/LOADING]: Loading mod file /workspaces/MSX/servidor_minecraft/mods/twilightforest-1.20.1-4.3.1893-universal.jar with languages [LanguageSpec[languageName=javafml, acceptedVersions=[47,)]]
[30Apr2025 23:13:00.356] [main/DEBUG] [net.minecraftforge.fml.loading.moddiscovery.ModFileParser/LOADING]: Found coremod seed with Javascript path META-INF/asm/seed.js
[30Apr2025 23:13:00.356] [main/DEBUG] [net.minecraftforge.fml.loading.moddiscovery.ModFileParser/LOADING]: Found coremod maprendercontext with Javascript path META-INF/asm/maprendercontext.js
[30Apr2025 23:13:00.356] [main/DEBUG] [net.minecraftforge.fml.loading.moddiscovery.ModFileParser/LOADING]: Found coremod music with Javascript path META-INF/asm/music.js
[30Apr2025 23:13:00.356] [main/DEBUG] [net.minecraftforge.fml.loading.moddiscovery.ModFileParser/LOADING]: Found coremod multipart with Javascript path META-INF/asm/multipart.js
[30Apr2025 23:13:00.356] [main/DEBUG] [net.minecraftforge.fml.loading.moddiscovery.ModFileParser/LOADING]: Found coremod foliage with Javascript path META-INF/asm/foliage.js
[30Apr2025 23:13:00.356] [main/DEBUG] [net.minecraftforge.fml.loading.moddiscovery.ModFileParser/LOADING]: Found coremod mount with Javascript path META-INF/asm/mount.js
[30Apr2025 23:13:00.356] [main/DEBUG] [net.minecraftforge.fml.loading.moddiscovery.ModFileParser/LOADING]: Found coremod book with Javascript path META-INF/asm/book.js
[30Apr2025 23:13:00.356] [main/DEBUG] [net.minecraftforge.fml.loading.moddiscovery.ModFileParser/LOADING]: Found coremod conquered with Javascript path META-INF/asm/conquered.js
[30Apr2025 23:13:00.356] [main/DEBUG] [net.minecraftforge.fml.loading.moddiscovery.ModFileParser/LOADING]: Found coremod reach with Javascript path META-INF/asm/reach.js
[30Apr2025 23:13:00.356] [main/DEBUG] [net.minecraftforge.fml.loading.moddiscovery.ModFileParser/LOADING]: Found coremod shroom with Javascript path META-INF/asm/shroom.js
[30Apr2025 23:13:00.356] [main/DEBUG] [net.minecraftforge.fml.loading.moddiscovery.ModFileParser/LOADING]: Found coremod cloud with Javascript path META-INF/asm/cloud.js
[30Apr2025 23:13:00.357] [main/DEBUG] [net.minecraftforge.fml.loading.moddiscovery.ModFileParser/LOADING]: Found coremod lead with Javascript path META-INF/asm/lead.js
[30Apr2025 23:13:00.357] [main/DEBUG] [net.minecraftforge.fml.loading.moddiscovery.ModFile/LOADING]: Found coremod META-INF/asm/seed.js
[30Apr2025 23:13:00.357] [main/DEBUG] [net.minecraftforge.fml.loading.moddiscovery.ModFile/LOADING]: Found coremod META-INF/asm/maprendercontext.js
[30Apr2025 23:13:00.357] [main/DEBUG] [net.minecraftforge.fml.loading.moddiscovery.ModFile/LOADING]: Found coremod META-INF/asm/music.js
[30Apr2025 23:13:00.357] [main/DEBUG] [net.minecraftforge.fml.loading.moddiscovery.ModFile/LOADING]: Found coremod META-INF/asm/multipart.js
[30Apr2025 23:13:00.357] [main/DEBUG] [net.minecraftforge.fml.loading.moddiscovery.ModFile/LOADING]: Found coremod META-INF/asm/foliage.js
[30Apr2025 23:13:00.357] [main/DEBUG] [net.minecraftforge.fml.loading.moddiscovery.ModFile/LOADING]: Found coremod META-INF/asm/mount.js
[30Apr2025 23:13:00.357] [main/DEBUG] [net.minecraftforge.fml.loading.moddiscovery.ModFile/LOADING]: Found coremod META-INF/asm/book.js
[30Apr2025 23:13:00.357] [main/DEBUG] [net.minecraftforge.fml.loading.moddiscovery.ModFile/LOADING]: Found coremod META-INF/asm/conquered.js
[30Apr2025 23:13:00.357] [main/DEBUG] [net.minecraftforge.fml.loading.moddiscovery.ModFile/LOADING]: Found coremod META-INF/asm/reach.js
[30Apr2025 23:13:00.357] [main/DEBUG] [net.minecraftforge.fml.loading.moddiscovery.ModFile/LOADING]: Found coremod META-INF/asm/shroom.js
[30Apr2025 23:13:00.358] [main/DEBUG] [net.minecraftforge.fml.loading.moddiscovery.ModFile/LOADING]: Found coremod META-INF/asm/cloud.js
[30Apr2025 23:13:00.358] [main/DEBUG] [net.minecraftforge.fml.loading.moddiscovery.ModFile/LOADING]: Found coremod META-INF/asm/lead.js
[30Apr2025 23:13:00.358] [main/DEBUG] [net.minecraftforge.fml.loading.moddiscovery.ModFileParser/LOADING]: Considering mod file candidate /workspaces/MSX/servidor_minecraft/mods/tectonic-forge-1.20.1-2.4.1.jar
[30Apr2025 23:13:00.358] [main/DEBUG] [net.minecraftforge.fml.loading.moddiscovery.ModFileInfo/LOADING]: Found valid mod file tectonic-forge-1.20.1-2.4.1.jar with {tectonic} mods - versions {2.4.1}
[30Apr2025 23:13:00.358] [main/DEBUG] [net.minecraftforge.fml.loading.moddiscovery.ModFile/LOADING]: Loading mod file /workspaces/MSX/servidor_minecraft/mods/tectonic-forge-1.20.1-2.4.1.jar with languages [LanguageSpec[languageName=javafml, acceptedVersions=[44,)]]
[30Apr2025 23:13:00.359] [main/DEBUG] [net.minecraftforge.fml.loading.moddiscovery.ModFileParser/LOADING]: Considering mod file candidate /workspaces/MSX/servidor_minecraft/mods/FarmersDelight-1.20.1-1.2.7.jar
[30Apr2025 23:13:00.359] [main/DEBUG] [net.minecraftforge.fml.loading.moddiscovery.ModFileInfo/LOADING]: Found valid mod file FarmersDelight-1.20.1-1.2.7.jar with {farmersdelight} mods - versions {1.20.1-1.2.7}
[30Apr2025 23:13:00.359] [main/DEBUG] [net.minecraftforge.fml.loading.moddiscovery.ModFile/LOADING]: Loading mod file /workspaces/MSX/servidor_minecraft/mods/FarmersDelight-1.20.1-1.2.7.jar with languages [LanguageSpec[languageName=javafml, acceptedVersions=[46,)]]
[30Apr2025 23:13:00.360] [main/DEBUG] [net.minecraftforge.fml.loading.moddiscovery.ModFileInfo/LOADING]: Found valid mod file server-1.20.1-20230612.114412-srg.jar with {minecraft} mods - versions {1.20.1}
[30Apr2025 23:13:00.360] [main/DEBUG] [net.minecraftforge.fml.loading.moddiscovery.ModFile/LOADING]: Loading mod file /workspaces/MSX/servidor_minecraft/libraries/net/minecraft/server/1.20.1-20230612.114412/server-1.20.1-20230612.114412-srg.jar with languages [LanguageSpec[languageName=minecraft, acceptedVersions=1]]
[30Apr2025 23:13:00.360] [main/DEBUG] [net.minecraftforge.fml.loading.moddiscovery.ModFileParser/LOADING]: Considering mod file candidate /workspaces/MSX/servidor_minecraft/mods/alexscaves-2.0.2.jar
[30Apr2025 23:13:00.361] [main/DEBUG] [net.minecraftforge.fml.loading.moddiscovery.ModFileInfo/LOADING]: Found valid mod file alexscaves-2.0.2.jar with {alexscaves} mods - versions {2.0.2}
[30Apr2025 23:13:00.361] [main/DEBUG] [net.minecraftforge.fml.loading.moddiscovery.ModFile/LOADING]: Loading mod file /workspaces/MSX/servidor_minecraft/mods/alexscaves-2.0.2.jar with languages [LanguageSpec[languageName=javafml, acceptedVersions=[46,)]]
[30Apr2025 23:13:00.361] [main/DEBUG] [net.minecraftforge.fml.loading.moddiscovery.ModFileParser/LOADING]: Considering mod file candidate /workspaces/MSX/servidor_minecraft/mods/voicechat-forge-1.20.1-2.5.30.jar
[30Apr2025 23:13:00.362] [main/DEBUG] [net.minecraftforge.fml.loading.moddiscovery.ModFileInfo/LOADING]: Found valid mod file voicechat-forge-1.20.1-2.5.30.jar with {voicechat} mods - versions {1.20.1-2.5.30}
[30Apr2025 23:13:00.362] [main/DEBUG] [net.minecraftforge.fml.loading.moddiscovery.ModFile/LOADING]: Loading mod file /workspaces/MSX/servidor_minecraft/mods/voicechat-forge-1.20.1-2.5.30.jar with languages [LanguageSpec[languageName=javafml, acceptedVersions=*]]
[30Apr2025 23:13:00.362] [main/DEBUG] [net.minecraftforge.fml.loading.moddiscovery.ModFileParser/LOADING]: Considering mod file candidate /workspaces/MSX/servidor_minecraft/mods/bettercombat-forge-1.8.6+1.20.1.jar
[30Apr2025 23:13:00.363] [main/DEBUG] [net.minecraftforge.fml.loading.moddiscovery.ModFileInfo/LOADING]: Found valid mod file bettercombat-forge-1.8.6+1.20.1.jar with {bettercombat} mods - versions {1.8.6+1.20.1}
[30Apr2025 23:13:00.363] [main/DEBUG] [net.minecraftforge.fml.loading.moddiscovery.ModFile/LOADING]: Loading mod file /workspaces/MSX/servidor_minecraft/mods/bettercombat-forge-1.8.6+1.20.1.jar with languages [LanguageSpec[languageName=javafml, acceptedVersions=[39,)]]
[30Apr2025 23:13:00.364] [main/DEBUG] [net.minecraftforge.fml.loading.moddiscovery.ModFileParser/LOADING]: Considering mod file candidate /workspaces/MSX/servidor_minecraft/mods/alekiNiftyShips-FORGE-1.20.1-1.0.14.jar
[30Apr2025 23:13:00.365] [main/DEBUG] [net.minecraftforge.fml.loading.moddiscovery.ModFileInfo/LOADING]: Found valid mod file alekiNiftyShips-FORGE-1.20.1-1.0.14.jar with {alekiships} mods - versions {1.0.14}
[30Apr2025 23:13:00.365] [main/DEBUG] [net.minecraftforge.fml.loading.moddiscovery.ModFile/LOADING]: Loading mod file /workspaces/MSX/servidor_minecraft/mods/alekiNiftyShips-FORGE-1.20.1-1.0.14.jar with languages [LanguageSpec[languageName=javafml, acceptedVersions=[40,)]]
[30Apr2025 23:13:00.365] [main/DEBUG] [net.minecraftforge.fml.loading.moddiscovery.ModFileParser/LOADING]: Considering mod file candidate /workspaces/MSX/servidor_minecraft/mods/another_furniture-forge-1.20.1-3.0.2.jar
[30Apr2025 23:13:00.365] [main/DEBUG] [net.minecraftforge.fml.loading.moddiscovery.ModFileInfo/LOADING]: Found valid mod file another_furniture-forge-1.20.1-3.0.2.jar with {another_furniture} mods - versions {1.20.1-3.0.2}
[30Apr2025 23:13:00.365] [main/DEBUG] [net.minecraftforge.fml.loading.moddiscovery.ModFile/LOADING]: Loading mod file /workspaces/MSX/servidor_minecraft/mods/another_furniture-forge-1.20.1-3.0.2.jar with languages [LanguageSpec[languageName=javafml, acceptedVersions=[43,)]]
[30Apr2025 23:13:00.366] [main/DEBUG] [net.minecraftforge.fml.loading.moddiscovery.ModFileParser/LOADING]: Considering mod file candidate /workspaces/MSX/servidor_minecraft/mods/Chunky-1.3.146.jar
[30Apr2025 23:13:00.366] [main/DEBUG] [net.minecraftforge.fml.loading.moddiscovery.ModFileInfo/LOADING]: Found valid mod file Chunky-1.3.146.jar with {chunky} mods - versions {1.3.146}
[30Apr2025 23:13:00.366] [main/DEBUG] [net.minecraftforge.fml.loading.moddiscovery.ModFile/LOADING]: Loading mod file /workspaces/MSX/servidor_minecraft/mods/Chunky-1.3.146.jar with languages [LanguageSpec[languageName=javafml, acceptedVersions=[38,)]]
[30Apr2025 23:13:00.366] [main/DEBUG] [net.minecraftforge.fml.loading.moddiscovery.ModFileParser/LOADING]: Considering mod file candidate /workspaces/MSX/servidor_minecraft/mods/unusualend-2.3.0-forge-1.20.1.jar
[30Apr2025 23:13:00.367] [main/DEBUG] [net.minecraftforge.fml.loading.moddiscovery.ModFileInfo/LOADING]: Found valid mod file unusualend-2.3.0-forge-1.20.1.jar with {unusualend} mods - versions {2.3.0}
[30Apr2025 23:13:00.367] [main/DEBUG] [net.minecraftforge.fml.loading.moddiscovery.ModFile/LOADING]: Loading mod file /workspaces/MSX/servidor_minecraft/mods/unusualend-2.3.0-forge-1.20.1.jar with languages [LanguageSpec[languageName=javafml, acceptedVersions=[47,)]]
[30Apr2025 23:13:00.367] [main/DEBUG] [net.minecraftforge.fml.loading.moddiscovery.ModFileParser/LOADING]: Considering mod file candidate /workspaces/MSX/servidor_minecraft/mods/born_in_chaos_[Forge]1.20.1_1.6.3.jar
[30Apr2025 23:13:00.368] [main/DEBUG] [net.minecraftforge.fml.loading.moddiscovery.ModFileInfo/LOADING]: Found valid mod file born_in_chaos_[Forge]1.20.1_1.6.3.jar with {born_in_chaos_v1} mods - versions {1.6.3}
[30Apr2025 23:13:00.368] [main/DEBUG] [net.minecraftforge.fml.loading.moddiscovery.ModFile/LOADING]: Loading mod file /workspaces/MSX/servidor_minecraft/mods/born_in_chaos_[Forge]1.20.1_1.6.3.jar with languages [LanguageSpec[languageName=javafml, acceptedVersions=[47,)]]
[30Apr2025 23:13:00.368] [main/DEBUG] [net.minecraftforge.fml.loading.moddiscovery.ModFileParser/LOADING]: Considering mod file candidate /workspaces/MSX/servidor_minecraft/mods/resourcefulconfig-forge-1.20.1-2.1.3.jar
[30Apr2025 23:13:00.369] [main/DEBUG] [net.minecraftforge.fml.loading.moddiscovery.ModFileInfo/LOADING]: Found valid mod file resourcefulconfig-forge-1.20.1-2.1.3.jar with {resourcefulconfig} mods - versions {2.1.3}
[30Apr2025 23:13:00.369] [main/DEBUG] [net.minecraftforge.fml.loading.moddiscovery.ModFile/LOADING]: Loading mod file /workspaces/MSX/servidor_minecraft/mods/resourcefulconfig-forge-1.20.1-2.1.3.jar with languages [LanguageSpec[languageName=javafml, acceptedVersions=[46,)]]
[30Apr2025 23:13:00.369] [main/DEBUG] [net.minecraftforge.fml.loading.moddiscovery.ModFileParser/LOADING]: Considering mod file candidate /workspaces/MSX/servidor_minecraft/mods/lionfishapi-2.4-Fix.jar
[30Apr2025 23:13:00.369] [main/DEBUG] [net.minecraftforge.fml.loading.moddiscovery.ModFileInfo/LOADING]: Found valid mod file lionfishapi-2.4-Fix.jar with {lionfishapi} mods - versions {2.4-Fix}
[30Apr2025 23:13:00.370] [main/DEBUG] [net.minecraftforge.fml.loading.moddiscovery.ModFile/LOADING]: Loading mod file /workspaces/MSX/servidor_minecraft/mods/lionfishapi-2.4-Fix.jar with languages [LanguageSpec[languageName=javafml, acceptedVersions=[47,)]]
[30Apr2025 23:13:00.370] [main/DEBUG] [net.minecraftforge.fml.loading.moddiscovery.ModFileParser/LOADING]: Considering mod file candidate /workspaces/MSX/servidor_minecraft/mods/curios-forge-5.14.1+1.20.1.jar
[30Apr2025 23:13:00.370] [main/DEBUG] [net.minecraftforge.fml.loading.moddiscovery.ModFileInfo/LOADING]: Found valid mod file curios-forge-5.14.1+1.20.1.jar with {curios} mods - versions {5.14.1+1.20.1}
[30Apr2025 23:13:00.370] [main/DEBUG] [net.minecraftforge.fml.loading.moddiscovery.ModFile/LOADING]: Loading mod file /workspaces/MSX/servidor_minecraft/mods/curios-forge-5.14.1+1.20.1.jar with languages [LanguageSpec[languageName=javafml, acceptedVersions=[41,)]]
[30Apr2025 23:13:00.371] [main/DEBUG] [net.minecraftforge.fml.loading.moddiscovery.ModFileParser/LOADING]: Considering mod file candidate /workspaces/MSX/servidor_minecraft/mods/L_Enders_Cataclysm-2.64.jar
[30Apr2025 23:13:00.372] [main/DEBUG] [net.minecraftforge.fml.loading.moddiscovery.ModFileInfo/LOADING]: Found valid mod file L_Enders_Cataclysm-2.64.jar with {cataclysm} mods - versions {2.64}
[30Apr2025 23:13:00.372] [main/DEBUG] [net.minecraftforge.fml.loading.moddiscovery.ModFile/LOADING]: Loading mod file /workspaces/MSX/servidor_minecraft/mods/L_Enders_Cataclysm-2.64.jar with languages [LanguageSpec[languageName=javafml, acceptedVersions=[47,)]]
[30Apr2025 23:13:00.374] [main/DEBUG] [net.minecraftforge.fml.loading.moddiscovery.ModFileParser/LOADING]: Considering mod file candidate /workspaces/MSX/servidor_minecraft/mods/letsdo-brewery-forge-1.1.9.jar
[30Apr2025 23:13:00.374] [main/DEBUG] [net.minecraftforge.fml.loading.moddiscovery.ModFileInfo/LOADING]: Found valid mod file letsdo-brewery-forge-1.1.9.jar with {brewery} mods - versions {1.1.9}
[30Apr2025 23:13:00.376] [main/DEBUG] [net.minecraftforge.fml.loading.moddiscovery.ModFile/LOADING]: Loading mod file /workspaces/MSX/servidor_minecraft/mods/letsdo-brewery-forge-1.1.9.jar with languages [LanguageSpec[languageName=javafml, acceptedVersions=[45,)]]
[30Apr2025 23:13:00.376] [main/DEBUG] [net.minecraftforge.fml.loading.moddiscovery.ModFileParser/LOADING]: Considering mod file candidate /workspaces/MSX/servidor_minecraft/mods/advancednetherite-forge-2.1.3-1.20.1.jar
[30Apr2025 23:13:00.377] [main/DEBUG] [net.minecraftforge.fml.loading.moddiscovery.ModFileInfo/LOADING]: Found valid mod file advancednetherite-forge-2.1.3-1.20.1.jar with {advancednetherite} mods - versions {2.1.3}
[30Apr2025 23:13:00.377] [main/DEBUG] [net.minecraftforge.fml.loading.moddiscovery.ModFile/LOADING]: Loading mod file /workspaces/MSX/servidor_minecraft/mods/advancednetherite-forge-2.1.3-1.20.1.jar with languages [LanguageSpec[languageName=javafml, acceptedVersions=[47,)]]
[30Apr2025 23:13:00.377] [main/DEBUG] [net.minecraftforge.fml.loading.moddiscovery.ModFileParser/LOADING]: Considering mod file candidate /workspaces/MSX/servidor_minecraft/mods/irons_spellbooks-1.20.1-3.4.0.8.jar
[30Apr2025 23:13:00.378] [main/DEBUG] [net.minecraftforge.fml.loading.moddiscovery.ModFileInfo/LOADING]: Found valid mod file irons_spellbooks-1.20.1-3.4.0.8.jar with {irons_spellbooks} mods - versions {1.20.1-3.4.0.8}
[30Apr2025 23:13:00.378] [main/DEBUG] [net.minecraftforge.fml.loading.moddiscovery.ModFile/LOADING]: Loading mod file /workspaces/MSX/servidor_minecraft/mods/irons_spellbooks-1.20.1-3.4.0.8.jar with languages [LanguageSpec[languageName=javafml, acceptedVersions=[47,)]]
[30Apr2025 23:13:00.378] [main/DEBUG] [net.minecraftforge.fml.loading.moddiscovery.ModFileParser/LOADING]: Considering mod file candidate /workspaces/MSX/servidor_minecraft/mods/unearthed_journey-2.1.jar
[30Apr2025 23:13:00.379] [main/DEBUG] [net.minecraftforge.fml.loading.moddiscovery.ModFileInfo/LOADING]: Found valid mod file unearthed_journey-2.1.jar with {unearthed_journey} mods - versions {2.0.1}
[30Apr2025 23:13:00.379] [main/DEBUG] [net.minecraftforge.fml.loading.moddiscovery.ModFile/LOADING]: Loading mod file /workspaces/MSX/servidor_minecraft/mods/unearthed_journey-2.1.jar with languages [LanguageSpec[languageName=javafml, acceptedVersions=[47,)]]
[30Apr2025 23:13:00.379] [main/DEBUG] [net.minecraftforge.fml.loading.moddiscovery.ModFileParser/LOADING]: Considering mod file candidate /workspaces/MSX/servidor_minecraft/mods/resourcefullib-forge-1.20.1-2.1.29.jar
[30Apr2025 23:13:00.380] [main/DEBUG] [net.minecraftforge.fml.loading.moddiscovery.ModFileInfo/LOADING]: Found valid mod file resourcefullib-forge-1.20.1-2.1.29.jar with {resourcefullib} mods - versions {2.1.29}
[30Apr2025 23:13:00.380] [main/DEBUG] [net.minecraftforge.fml.loading.moddiscovery.ModFile/LOADING]: Loading mod file /workspaces/MSX/servidor_minecraft/mods/resourcefullib-forge-1.20.1-2.1.29.jar with languages [LanguageSpec[languageName=javafml, acceptedVersions=[46,)]]
[30Apr2025 23:13:00.380] [main/DEBUG] [net.minecraftforge.fml.loading.moddiscovery.ModFileParser/LOADING]: Considering mod file candidate /workspaces/MSX/servidor_minecraft/mods/alexsdelight-1.5.jar
[30Apr2025 23:13:00.381] [main/DEBUG] [net.minecraftforge.fml.loading.moddiscovery.ModFileInfo/LOADING]: Found valid mod file alexsdelight-1.5.jar with {alexsdelight} mods - versions {1.5}
[30Apr2025 23:13:00.381] [main/DEBUG] [net.minecraftforge.fml.loading.moddiscovery.ModFile/LOADING]: Loading mod file /workspaces/MSX/servidor_minecraft/mods/alexsdelight-1.5.jar with languages [LanguageSpec[languageName=javafml, acceptedVersions=[47,)]]
[30Apr2025 23:13:00.381] [main/DEBUG] [net.minecraftforge.fml.loading.moddiscovery.ModFileParser/LOADING]: Considering mod file candidate /workspaces/MSX/servidor_minecraft/mods/architectury-9.2.14-forge.jar
[30Apr2025 23:13:00.382] [main/DEBUG] [net.minecraftforge.fml.loading.moddiscovery.ModFileInfo/LOADING]: Found valid mod file architectury-9.2.14-forge.jar with {architectury} mods - versions {9.2.14}
[30Apr2025 23:13:00.382] [main/DEBUG] [net.minecraftforge.fml.loading.moddiscovery.ModFile/LOADING]: Loading mod file /workspaces/MSX/servidor_minecraft/mods/architectury-9.2.14-forge.jar with languages [LanguageSpec[languageName=javafml, acceptedVersions=[46,)]]
[30Apr2025 23:13:00.382] [main/DEBUG] [net.minecraftforge.fml.loading.moddiscovery.ModFileParser/LOADING]: Considering mod file candidate /workspaces/MSX/servidor_minecraft/mods/Vampirism-1.20.1-1.10.13.jar
[30Apr2025 23:13:00.383] [main/DEBUG] [net.minecraftforge.fml.loading.moddiscovery.ModFileInfo/LOADING]: Found valid mod file Vampirism-1.20.1-1.10.13.jar with {vampirism,teamlapenlib} mods - versions {1.10.13,1.10.13}
[30Apr2025 23:13:00.383] [main/DEBUG] [net.minecraftforge.fml.loading.moddiscovery.ModFile/LOADING]: Loading mod file /workspaces/MSX/servidor_minecraft/mods/Vampirism-1.20.1-1.10.13.jar with languages [LanguageSpec[languageName=javafml, acceptedVersions=[47,)]]
[30Apr2025 23:13:00.383] [main/DEBUG] [net.minecraftforge.fml.loading.moddiscovery.ModFileParser/LOADING]: Considering mod file candidate /workspaces/MSX/servidor_minecraft/mods/goblins_tyranny-1.2.3-forge-1.20.1.jar
[30Apr2025 23:13:00.383] [main/DEBUG] [net.minecraftforge.fml.loading.moddiscovery.ModFileInfo/LOADING]: Found valid mod file goblins_tyranny-1.2.3-forge-1.20.1.jar with {goblins_tyranny} mods - versions {1.2.3}
[30Apr2025 23:13:00.384] [main/DEBUG] [net.minecraftforge.fml.loading.moddiscovery.ModFile/LOADING]: Loading mod file /workspaces/MSX/servidor_minecraft/mods/goblins_tyranny-1.2.3-forge-1.20.1.jar with languages [LanguageSpec[languageName=javafml, acceptedVersions=[47,)]]
[30Apr2025 23:13:00.384] [main/DEBUG] [net.minecraftforge.fml.loading.moddiscovery.ModFileParser/LOADING]: Considering mod file candidate /workspaces/MSX/servidor_minecraft/mods/wab-1.20.1-1.1.5.jar
[30Apr2025 23:13:00.384] [main/DEBUG] [net.minecraftforge.fml.loading.moddiscovery.ModFileInfo/LOADING]: Found valid mod file wab-1.20.1-1.1.5.jar with {wan_ancient_beasts} mods - versions {1.1.5}
[30Apr2025 23:13:00.384] [main/DEBUG] [net.minecraftforge.fml.loading.moddiscovery.ModFile/LOADING]: Loading mod file /workspaces/MSX/servidor_minecraft/mods/wab-1.20.1-1.1.5.jar with languages [LanguageSpec[languageName=javafml, acceptedVersions=[47,)]]
[30Apr2025 23:13:00.384] [main/DEBUG] [net.minecraftforge.fml.loading.moddiscovery.ModFileParser/LOADING]: Considering mod file candidate /workspaces/MSX/servidor_minecraft/mods/ad_astra-forge-1.20.1-1.15.20.jar
[30Apr2025 23:13:00.385] [main/DEBUG] [net.minecraftforge.fml.loading.moddiscovery.ModFileInfo/LOADING]: Found valid mod file ad_astra-forge-1.20.1-1.15.20.jar with {ad_astra} mods - versions {1.15.20}
[30Apr2025 23:13:00.385] [main/DEBUG] [net.minecraftforge.fml.loading.moddiscovery.ModFile/LOADING]: Loading mod file /workspaces/MSX/servidor_minecraft/mods/ad_astra-forge-1.20.1-1.15.20.jar with languages [LanguageSpec[languageName=javafml, acceptedVersions=[47,)]]
[30Apr2025 23:13:00.385] [main/DEBUG] [net.minecraftforge.fml.loading.moddiscovery.ModFile/LOADING]: Loading mod file  with languages []
[30Apr2025 23:13:00.385] [main/DEBUG] [net.minecraftforge.fml.loading.moddiscovery.ModFileParser/LOADING]: Considering mod file candidate 
[30Apr2025 23:13:00.386] [main/DEBUG] [net.minecraftforge.fml.loading.moddiscovery.ModFileInfo/LOADING]: Found valid mod file mixinextras-forge-0.4.1.jar with {mixinextras} mods - versions {0.4.1}
[30Apr2025 23:13:00.386] [main/DEBUG] [net.minecraftforge.fml.loading.moddiscovery.ModFile/LOADING]: Loading mod file  with languages [LanguageSpec[languageName=javafml, acceptedVersions=*]]
[30Apr2025 23:13:00.386] [main/DEBUG] [net.minecraftforge.fml.loading.moddiscovery.ModFile/LOADING]: Loading mod file  with languages []
[30Apr2025 23:13:00.386] [main/DEBUG] [net.minecraftforge.fml.loading.moddiscovery.ModFile/LOADING]: Loading mod file  with languages []
[30Apr2025 23:13:00.387] [main/DEBUG] [net.minecraftforge.fml.loading.moddiscovery.ModFile/LOADING]: Loading mod file  with languages []
[30Apr2025 23:13:00.387] [main/DEBUG] [net.minecraftforge.fml.loading.moddiscovery.ModFile/LOADING]: Loading mod file  with languages []
[30Apr2025 23:13:00.387] [main/DEBUG] [net.minecraftforge.fml.loading.moddiscovery.ModFile/LOADING]: Loading mod file  with languages []
[30Apr2025 23:13:00.387] [main/DEBUG] [net.minecraftforge.fml.loading.moddiscovery.ModFile/LOADING]: Loading mod file  with languages []
[30Apr2025 23:13:00.387] [main/DEBUG] [net.minecraftforge.fml.loading.moddiscovery.ModFileParser/LOADING]: Considering mod file candidate 
[30Apr2025 23:13:00.387] [main/DEBUG] [net.minecraftforge.fml.loading.moddiscovery.ModFileInfo/LOADING]: Found valid mod file mixinextras-forge-0.4.1.jar with {mixinextras} mods - versions {0.4.1}
[30Apr2025 23:13:00.388] [main/DEBUG] [net.minecraftforge.fml.loading.moddiscovery.ModFile/LOADING]: Loading mod file  with languages [LanguageSpec[languageName=javafml, acceptedVersions=*]]
[30Apr2025 23:13:00.388] [main/DEBUG] [net.minecraftforge.fml.loading.moddiscovery.ModFile/LOADING]: Loading mod file  with languages []
[30Apr2025 23:13:00.388] [main/DEBUG] [net.minecraftforge.fml.loading.moddiscovery.ModFile/LOADING]: Loading mod file  with languages []
[30Apr2025 23:13:00.388] [main/DEBUG] [net.minecraftforge.fml.loading.moddiscovery.ModFile/LOADING]: Loading mod file  with languages []
[30Apr2025 23:13:00.388] [main/DEBUG] [net.minecraftforge.fml.loading.moddiscovery.ModFile/LOADING]: Loading mod file  with languages []
[30Apr2025 23:13:00.388] [main/DEBUG] [net.minecraftforge.fml.loading.moddiscovery.ModFile/LOADING]: Loading mod file  with languages []
[30Apr2025 23:13:00.389] [main/DEBUG] [cpw.mods.modlauncher.TransformationServiceDecorator/MODLAUNCHER]: End scan trigger - transformation service fml
[30Apr2025 23:13:00.399] [main/DEBUG] [net.minecraftforge.fml.loading.LanguageLoadingProvider/CORE]: Found 3 language providers
[30Apr2025 23:13:00.400] [main/DEBUG] [net.minecraftforge.fml.loading.LanguageLoadingProvider/CORE]: Found language provider minecraft, version 1.0
[30Apr2025 23:13:00.401] [main/DEBUG] [net.minecraftforge.fml.loading.LanguageLoadingProvider/CORE]: Found language provider lowcodefml, version 47
[30Apr2025 23:13:00.401] [main/DEBUG] [net.minecraftforge.fml.loading.LanguageLoadingProvider/CORE]: Found language provider javafml, version 47
[30Apr2025 23:13:00.417] [main/DEBUG] [net.minecraftforge.fml.loading.UniqueModListBuilder/]: Found 2 mods for first modid mclib, selecting most recent based on version data
[30Apr2025 23:13:00.418] [main/DEBUG] [net.minecraftforge.fml.loading.UniqueModListBuilder/]: Selected file mclib-20.jar for modid mclib with version 0.0NONE
[30Apr2025 23:13:00.418] [main/DEBUG] [net.minecraftforge.fml.loading.UniqueModListBuilder/]: Found 2 mods for first modid mixinextras, selecting most recent based on version data
[30Apr2025 23:13:00.418] [main/DEBUG] [net.minecraftforge.fml.loading.UniqueModListBuilder/]: Selected file mixinextras-forge-0.4.1.jar for modid mixinextras with version 0.4.1
[30Apr2025 23:13:00.418] [main/DEBUG] [net.minecraftforge.fml.loading.UniqueModListBuilder/]: Found 2 mods for first modid jlayer, selecting most recent based on version data
[30Apr2025 23:13:00.419] [main/DEBUG] [net.minecraftforge.fml.loading.UniqueModListBuilder/]: Selected file jlayer-1.0.1.jar for modid jlayer with version 0.0NONE
[30Apr2025 23:13:00.419] [main/DEBUG] [net.minecraftforge.fml.loading.UniqueModListBuilder/]: Found 2 mods for first modid bytecodecs, selecting most recent based on version data
[30Apr2025 23:13:00.419] [main/DEBUG] [net.minecraftforge.fml.loading.UniqueModListBuilder/]: Selected file bytecodecs-1.0.2.jar for modid bytecodecs with version 0.0NONE
[30Apr2025 23:13:00.419] [main/DEBUG] [net.minecraftforge.fml.loading.UniqueModListBuilder/]: Found 2 mods for first modid jankson, selecting most recent based on version data
[30Apr2025 23:13:00.419] [main/DEBUG] [net.minecraftforge.fml.loading.UniqueModListBuilder/]: Selected file jankson-1.2.1.jar for modid jankson with version 0.0NONE
[30Apr2025 23:13:00.419] [main/DEBUG] [net.minecraftforge.fml.loading.UniqueModListBuilder/]: Found 2 mods for first modid yabn, selecting most recent based on version data
[30Apr2025 23:13:00.419] [main/DEBUG] [net.minecraftforge.fml.loading.UniqueModListBuilder/]: Selected file yabn-1.0.3.jar for modid yabn with version 0.0NONE
[30Apr2025 23:13:00.419] [main/DEBUG] [net.minecraftforge.fml.loading.UniqueModListBuilder/]: Found 2 mods for first modid MixinExtras, selecting most recent based on version data
[30Apr2025 23:13:00.420] [main/DEBUG] [net.minecraftforge.fml.loading.UniqueModListBuilder/]: Selected file MixinExtras-0.4.1.jar for modid MixinExtras with version 0.0NONE
[30Apr2025 23:13:00.422] [main/DEBUG] [net.minecraftforge.fml.loading.ModSorter/]: Configured system mods: [minecraft, forge]
[30Apr2025 23:13:00.422] [main/DEBUG] [net.minecraftforge.fml.loading.ModSorter/]: Found system mod: minecraft
[30Apr2025 23:13:00.422] [main/DEBUG] [net.minecraftforge.fml.loading.ModSorter/]: Found system mod: forge
[30Apr2025 23:13:00.425] [main/DEBUG] [net.minecraftforge.fml.loading.ModSorter/LOADING]: Found 116 mod requirements (92 mandatory, 24 optional)
[30Apr2025 23:13:00.427] [main/DEBUG] [net.minecraftforge.fml.loading.ModSorter/LOADING]: Found 0 mod requirements missing (0 mandatory, 0 optional)
[30Apr2025 23:13:01.307] [main/DEBUG] [cpw.mods.modlauncher.TransformationServicesHandler/MODLAUNCHER]: Transformation services loading transformers
[30Apr2025 23:13:01.308] [main/DEBUG] [cpw.mods.modlauncher.TransformationServiceDecorator/MODLAUNCHER]: Initializing transformers for transformation service mixin
[30Apr2025 23:13:01.309] [main/DEBUG] [cpw.mods.modlauncher.TransformationServiceDecorator/MODLAUNCHER]: Initialized transformers for transformation service mixin
[30Apr2025 23:13:01.309] [main/DEBUG] [cpw.mods.modlauncher.TransformationServiceDecorator/MODLAUNCHER]: Initializing transformers for transformation service fml
[30Apr2025 23:13:01.309] [main/DEBUG] [net.minecraftforge.fml.loading.FMLServiceProvider/CORE]: Loading coremod transformers
[30Apr2025 23:13:01.309] [main/DEBUG] [net.minecraftforge.coremod.CoreModEngine/COREMOD]: Loading CoreMod from coremods/field_to_method.js
[30Apr2025 23:13:01.589] [main/DEBUG] [net.minecraftforge.coremod.CoreModEngine/COREMOD]: CoreMod loaded successfully
[30Apr2025 23:13:01.589] [main/DEBUG] [net.minecraftforge.coremod.CoreModEngine/COREMOD]: Loading CoreMod from coremods/field_to_instanceof.js
[30Apr2025 23:13:01.662] [main/DEBUG] [net.minecraftforge.coremod.CoreModEngine/COREMOD]: CoreMod loaded successfully
[30Apr2025 23:13:01.662] [main/DEBUG] [net.minecraftforge.coremod.CoreModEngine/COREMOD]: Loading CoreMod from coremods/add_bouncer_method.js
[30Apr2025 23:13:01.723] [main/DEBUG] [net.minecraftforge.coremod.CoreModEngine/COREMOD]: CoreMod loaded successfully
[30Apr2025 23:13:01.723] [main/DEBUG] [net.minecraftforge.coremod.CoreModEngine/COREMOD]: Loading CoreMod from coremods/method_redirector.js
[30Apr2025 23:13:01.821] [main/DEBUG] [net.minecraftforge.coremod.CoreModEngine/COREMOD]: CoreMod loaded successfully
[30Apr2025 23:13:01.822] [main/DEBUG] [net.minecraftforge.coremod.CoreModEngine/COREMOD]: Loading CoreMod from META-INF/asm/seed.js
[30Apr2025 23:13:01.840] [main/DEBUG] [net.minecraftforge.coremod.CoreModEngine/COREMOD]: CoreMod loaded successfully
[30Apr2025 23:13:01.840] [main/DEBUG] [net.minecraftforge.coremod.CoreModEngine/COREMOD]: Loading CoreMod from META-INF/asm/maprendercontext.js
[30Apr2025 23:13:01.888] [main/DEBUG] [net.minecraftforge.coremod.CoreModEngine/COREMOD]: CoreMod loaded successfully
[30Apr2025 23:13:01.888] [main/DEBUG] [net.minecraftforge.coremod.CoreModEngine/COREMOD]: Loading CoreMod from META-INF/asm/music.js
[30Apr2025 23:13:01.899] [main/DEBUG] [net.minecraftforge.coremod.CoreModEngine/COREMOD]: CoreMod loaded successfully
[30Apr2025 23:13:01.899] [main/DEBUG] [net.minecraftforge.coremod.CoreModEngine/COREMOD]: Loading CoreMod from META-INF/asm/multipart.js
[30Apr2025 23:13:01.940] [main/DEBUG] [net.minecraftforge.coremod.CoreModEngine/COREMOD]: CoreMod loaded successfully
[30Apr2025 23:13:01.940] [main/DEBUG] [net.minecraftforge.coremod.CoreModEngine/COREMOD]: Loading CoreMod from META-INF/asm/foliage.js
[30Apr2025 23:13:01.957] [main/DEBUG] [net.minecraftforge.coremod.CoreModEngine/COREMOD]: CoreMod loaded successfully
[30Apr2025 23:13:01.958] [main/DEBUG] [net.minecraftforge.coremod.CoreModEngine/COREMOD]: Loading CoreMod from META-INF/asm/mount.js
[30Apr2025 23:13:01.979] [main/DEBUG] [net.minecraftforge.coremod.CoreModEngine/COREMOD]: CoreMod loaded successfully
[30Apr2025 23:13:01.979] [main/DEBUG] [net.minecraftforge.coremod.CoreModEngine/COREMOD]: Loading CoreMod from META-INF/asm/book.js
[30Apr2025 23:13:01.991] [main/DEBUG] [net.minecraftforge.coremod.CoreModEngine/COREMOD]: CoreMod loaded successfully
[30Apr2025 23:13:01.992] [main/DEBUG] [net.minecraftforge.coremod.CoreModEngine/COREMOD]: Loading CoreMod from META-INF/asm/conquered.js
[30Apr2025 23:13:02.004] [main/DEBUG] [net.minecraftforge.coremod.CoreModEngine/COREMOD]: CoreMod loaded successfully
[30Apr2025 23:13:02.004] [main/DEBUG] [net.minecraftforge.coremod.CoreModEngine/COREMOD]: Loading CoreMod from META-INF/asm/reach.js
[30Apr2025 23:13:02.020] [main/DEBUG] [net.minecraftforge.coremod.CoreModEngine/COREMOD]: CoreMod loaded successfully
[30Apr2025 23:13:02.020] [main/DEBUG] [net.minecraftforge.coremod.CoreModEngine/COREMOD]: Loading CoreMod from META-INF/asm/shroom.js
[30Apr2025 23:13:02.033] [main/DEBUG] [net.minecraftforge.coremod.CoreModEngine/COREMOD]: CoreMod loaded successfully
[30Apr2025 23:13:02.033] [main/DEBUG] [net.minecraftforge.coremod.CoreModEngine/COREMOD]: Loading CoreMod from META-INF/asm/cloud.js
[30Apr2025 23:13:02.047] [main/DEBUG] [net.minecraftforge.coremod.CoreModEngine/COREMOD]: CoreMod loaded successfully
[30Apr2025 23:13:02.047] [main/DEBUG] [net.minecraftforge.coremod.CoreModEngine/COREMOD]: Loading CoreMod from META-INF/asm/lead.js
[30Apr2025 23:13:02.061] [main/DEBUG] [net.minecraftforge.coremod.CoreModEngine/COREMOD]: CoreMod loaded successfully
[30Apr2025 23:13:02.073] [main/DEBUG] [cpw.mods.modlauncher.TransformStore/MODLAUNCHER]: Adding transformer net.minecraftforge.coremod.transformer.CoreModMethodTransformer@554188ac to Target : METHOD {Lnet/minecraft/world/level/levelgen/WorldOptions;} {<init>} {(JZZLjava/util/Optional;)V}
[30Apr2025 23:13:02.075] [main/DEBUG] [cpw.mods.modlauncher.TransformStore/MODLAUNCHER]: Adding transformer net.minecraftforge.coremod.transformer.CoreModMethodTransformer@1c93b51e to Target : METHOD {Lnet/minecraft/client/gui/MapRenderer$MapInstance;} {m_93291_} {(Lcom/mojang/blaze3d/vertex/PoseStack;Lnet/minecraft/client/renderer/MultiBufferSource;ZI)V}
[30Apr2025 23:13:02.075] [main/DEBUG] [cpw.mods.modlauncher.TransformStore/MODLAUNCHER]: Adding transformer net.minecraftforge.coremod.transformer.CoreModMethodTransformer@7c0f28f8 to Target : METHOD {Lnet/minecraft/client/renderer/ItemInHandRenderer;} {m_109371_} {(Lnet/minecraft/client/player/AbstractClientPlayer;FFLnet/minecraft/world/InteractionHand;FLnet/minecraft/world/item/ItemStack;FLcom/mojang/blaze3d/vertex/PoseStack;Lnet/minecraft/client/renderer/MultiBufferSource;I)V}
[30Apr2025 23:13:02.076] [main/DEBUG] [cpw.mods.modlauncher.TransformStore/MODLAUNCHER]: Adding transformer net.minecraftforge.coremod.transformer.CoreModMethodTransformer@2abc8034 to Target : METHOD {Lnet/minecraft/world/entity/decoration/ItemFrame;} {m_218868_} {()Ljava/util/OptionalInt;}
[30Apr2025 23:13:02.076] [main/DEBUG] [cpw.mods.modlauncher.TransformStore/MODLAUNCHER]: Adding transformer net.minecraftforge.coremod.transformer.CoreModMethodTransformer@467b0f6e to Target : METHOD {Lnet/minecraft/client/renderer/ItemInHandRenderer;} {m_109366_} {(Lcom/mojang/blaze3d/vertex/PoseStack;Lnet/minecraft/client/renderer/MultiBufferSource;ILnet/minecraft/world/item/ItemStack;)V}
[30Apr2025 23:13:02.076] [main/DEBUG] [cpw.mods.modlauncher.TransformStore/MODLAUNCHER]: Adding transformer net.minecraftforge.coremod.transformer.CoreModMethodTransformer@474179fa to Target : METHOD {Lnet/minecraft/world/item/MapItem;} {m_7373_} {(Lnet/minecraft/world/item/ItemStack;Lnet/minecraft/world/level/Level;Ljava/util/List;Lnet/minecraft/world/item/TooltipFlag;)V}
[30Apr2025 23:13:02.076] [main/DEBUG] [cpw.mods.modlauncher.TransformStore/MODLAUNCHER]: Adding transformer net.minecraftforge.coremod.transformer.CoreModMethodTransformer@420cd102 to Target : METHOD {Lnet/minecraft/client/sounds/MusicManager;} {m_120183_} {()V}
[30Apr2025 23:13:02.077] [main/DEBUG] [cpw.mods.modlauncher.TransformStore/MODLAUNCHER]: Adding transformer net.minecraftforge.coremod.transformer.CoreModMethodTransformer@c7f4457 to Target : METHOD {Lnet/minecraft/server/level/ServerEntity;} {m_8543_} {()V}
[30Apr2025 23:13:02.077] [main/DEBUG] [cpw.mods.modlauncher.TransformStore/MODLAUNCHER]: Adding transformer net.minecraftforge.coremod.transformer.CoreModMethodTransformer@12e12ac9 to Target : METHOD {Lnet/minecraft/client/renderer/entity/EntityRenderDispatcher;} {m_6213_} {(Lnet/minecraft/server/packs/resources/ResourceManager;)V}
[30Apr2025 23:13:02.078] [main/DEBUG] [cpw.mods.modlauncher.TransformStore/MODLAUNCHER]: Adding transformer net.minecraftforge.coremod.transformer.CoreModMethodTransformer@5e230fc6 to Target : METHOD {Lnet/minecraft/client/renderer/entity/EntityRenderDispatcher;} {m_114382_} {(Lnet/minecraft/world/entity/Entity;)Lnet/minecraft/client/renderer/entity/EntityRenderer;}
[30Apr2025 23:13:02.078] [main/DEBUG] [cpw.mods.modlauncher.TransformStore/MODLAUNCHER]: Adding transformer net.minecraftforge.coremod.transformer.CoreModMethodTransformer@7a8341c1 to Target : METHOD {Lnet/minecraft/client/renderer/LevelRenderer;} {m_109599_} {(Lcom/mojang/blaze3d/vertex/PoseStack;FJZLnet/minecraft/client/Camera;Lnet/minecraft/client/renderer/GameRenderer;Lnet/minecraft/client/renderer/LightTexture;Lorg/joml/Matrix4f;)V}
[30Apr2025 23:13:02.078] [main/DEBUG] [cpw.mods.modlauncher.TransformStore/MODLAUNCHER]: Adding transformer net.minecraftforge.coremod.transformer.CoreModMethodTransformer@ca8ef3a to Target : METHOD {Lnet/minecraft/client/renderer/BiomeColors;} {m_108807_} {(Lnet/minecraft/world/level/biome/Biome;DD)I}
[30Apr2025 23:13:02.078] [main/DEBUG] [cpw.mods.modlauncher.TransformStore/MODLAUNCHER]: Adding transformer net.minecraftforge.coremod.transformer.CoreModMethodTransformer@17043b04 to Target : METHOD {Lnet/minecraft/client/player/LocalPlayer;} {m_6083_} {()V}
[30Apr2025 23:13:02.078] [main/DEBUG] [cpw.mods.modlauncher.TransformStore/MODLAUNCHER]: Adding transformer net.minecraftforge.coremod.transformer.CoreModMethodTransformer@511f5b1d to Target : METHOD {Lnet/minecraft/world/item/WrittenBookItem;} {m_7626_} {(Lnet/minecraft/world/item/ItemStack;)Lnet/minecraft/network/chat/Component;}
[30Apr2025 23:13:02.079] [main/DEBUG] [cpw.mods.modlauncher.TransformStore/MODLAUNCHER]: Adding transformer net.minecraftforge.coremod.transformer.CoreModMethodTransformer@31f295b6 to Target : METHOD {Lnet/minecraft/world/level/levelgen/structure/StructureStart;} {m_226857_} {(Lnet/minecraft/world/level/levelgen/structure/pieces/StructurePieceSerializationContext;Lnet/minecraft/nbt/CompoundTag;J)Lnet/minecraft/world/level/levelgen/structure/StructureStart;}
[30Apr2025 23:13:02.079] [main/DEBUG] [cpw.mods.modlauncher.TransformStore/MODLAUNCHER]: Adding transformer net.minecraftforge.coremod.transformer.CoreModMethodTransformer@7a687d8d to Target : METHOD {Lnet/minecraft/world/item/Item;} {m_41435_} {(Lnet/minecraft/world/level/Level;Lnet/minecraft/world/entity/player/Player;Lnet/minecraft/world/level/ClipContext$Fluid;)Lnet/minecraft/world/phys/BlockHitResult;}
[30Apr2025 23:13:02.079] [main/DEBUG] [cpw.mods.modlauncher.TransformStore/MODLAUNCHER]: Adding transformer net.minecraftforge.coremod.transformer.CoreModMethodTransformer@4c82b5df to Target : METHOD {Lnet/minecraft/world/level/block/MushroomBlock;} {m_7898_} {(Lnet/minecraft/world/level/block/state/BlockState;Lnet/minecraft/world/level/LevelReader;Lnet/minecraft/core/BlockPos;)Z}
[30Apr2025 23:13:02.079] [main/DEBUG] [cpw.mods.modlauncher.TransformStore/MODLAUNCHER]: Adding transformer net.minecraftforge.coremod.transformer.CoreModMethodTransformer@67eec8e1 to Target : METHOD {Lnet/minecraft/world/level/Level;} {m_46758_} {(Lnet/minecraft/core/BlockPos;)Z}
[30Apr2025 23:13:02.079] [main/DEBUG] [cpw.mods.modlauncher.TransformStore/MODLAUNCHER]: Adding transformer net.minecraftforge.coremod.transformer.CoreModMethodTransformer@4214ae8f to Target : METHOD {Lnet/minecraft/world/entity/decoration/LeashFenceKnotEntity;} {m_7088_} {()Z}
[30Apr2025 23:13:02.080] [main/DEBUG] [cpw.mods.modlauncher.TransformStore/MODLAUNCHER]: Adding transformer net.minecraftforge.coremod.transformer.CoreModClassTransformer@22dc59b2 to Target : CLASS {Lnet/minecraft/world/level/biome/Biome;} {} {V}
[30Apr2025 23:13:02.080] [main/DEBUG] [cpw.mods.modlauncher.TransformStore/MODLAUNCHER]: Adding transformer net.minecraftforge.coremod.transformer.CoreModClassTransformer@33e434c8 to Target : CLASS {Lnet/minecraft/world/level/levelgen/structure/Structure;} {} {V}
[30Apr2025 23:13:02.080] [main/DEBUG] [cpw.mods.modlauncher.TransformStore/MODLAUNCHER]: Adding transformer net.minecraftforge.coremod.transformer.CoreModClassTransformer@546394ed to Target : CLASS {Lnet/minecraft/world/effect/MobEffectInstance;} {} {V}
[30Apr2025 23:13:02.080] [main/DEBUG] [cpw.mods.modlauncher.TransformStore/MODLAUNCHER]: Adding transformer net.minecraftforge.coremod.transformer.CoreModClassTransformer@664212ab to Target : CLASS {Lnet/minecraft/world/level/block/LiquidBlock;} {} {V}
[30Apr2025 23:13:02.081] [main/DEBUG] [cpw.mods.modlauncher.TransformStore/MODLAUNCHER]: Adding transformer net.minecraftforge.coremod.transformer.CoreModClassTransformer@2693c618 to Target : CLASS {Lnet/minecraft/world/item/BucketItem;} {} {V}
[30Apr2025 23:13:02.081] [main/DEBUG] [cpw.mods.modlauncher.TransformStore/MODLAUNCHER]: Adding transformer net.minecraftforge.coremod.transformer.CoreModClassTransformer@3443e476 to Target : CLASS {Lnet/minecraft/world/level/block/StairBlock;} {} {V}
[30Apr2025 23:13:02.081] [main/DEBUG] [cpw.mods.modlauncher.TransformStore/MODLAUNCHER]: Adding transformer net.minecraftforge.coremod.transformer.CoreModClassTransformer@7ccfdaef to Target : CLASS {Lnet/minecraft/world/level/block/FlowerPotBlock;} {} {V}
[30Apr2025 23:13:02.081] [main/DEBUG] [cpw.mods.modlauncher.TransformStore/MODLAUNCHER]: Adding transformer net.minecraftforge.coremod.transformer.CoreModClassTransformer@a6e4897 to Target : CLASS {Lnet/minecraft/world/item/ItemStack;} {} {V}
[30Apr2025 23:13:02.081] [main/DEBUG] [cpw.mods.modlauncher.TransformStore/MODLAUNCHER]: Adding transformer net.minecraftforge.coremod.transformer.CoreModClassTransformer@32f5ecc4 to Target : CLASS {Lnet/minecraft/network/play/client/CClientSettingsPacket;} {} {V}
[30Apr2025 23:13:02.082] [main/DEBUG] [cpw.mods.modlauncher.TransformStore/MODLAUNCHER]: Adding transformer net.minecraftforge.coremod.transformer.CoreModClassTransformer@19bedeb8 to Target : CLASS {Lnet/minecraft/world/entity/monster/Evoker$EvokerSummonSpellGoal;} {} {V}
[30Apr2025 23:13:02.082] [main/DEBUG] [cpw.mods.modlauncher.TransformStore/MODLAUNCHER]: Adding transformer net.minecraftforge.coremod.transformer.CoreModClassTransformer@19bedeb8 to Target : CLASS {Lnet/minecraft/world/entity/npc/Villager;} {} {V}
[30Apr2025 23:13:02.082] [main/DEBUG] [cpw.mods.modlauncher.TransformStore/MODLAUNCHER]: Adding transformer net.minecraftforge.coremod.transformer.CoreModClassTransformer@19bedeb8 to Target : CLASS {Lnet/minecraft/world/level/levelgen/structure/structures/WoodlandMansionPieces$WoodlandMansionPiece;} {} {V}
[30Apr2025 23:13:02.082] [main/DEBUG] [cpw.mods.modlauncher.TransformStore/MODLAUNCHER]: Adding transformer net.minecraftforge.coremod.transformer.CoreModClassTransformer@19bedeb8 to Target : CLASS {Lnet/minecraft/world/entity/raid/Raid;} {} {V}
[30Apr2025 23:13:02.083] [main/DEBUG] [cpw.mods.modlauncher.TransformStore/MODLAUNCHER]: Adding transformer net.minecraftforge.coremod.transformer.CoreModClassTransformer@19bedeb8 to Target : CLASS {Lnet/minecraft/world/level/levelgen/structure/structures/OceanMonumentPieces$OceanMonumentPiece;} {} {V}
[30Apr2025 23:13:02.083] [main/DEBUG] [cpw.mods.modlauncher.TransformStore/MODLAUNCHER]: Adding transformer net.minecraftforge.coremod.transformer.CoreModClassTransformer@19bedeb8 to Target : CLASS {Lnet/minecraft/world/entity/monster/Zombie;} {} {V}
[30Apr2025 23:13:02.083] [main/DEBUG] [cpw.mods.modlauncher.TransformStore/MODLAUNCHER]: Adding transformer net.minecraftforge.coremod.transformer.CoreModClassTransformer@19bedeb8 to Target : CLASS {Lnet/minecraft/world/entity/animal/horse/SkeletonTrapGoal;} {} {V}
[30Apr2025 23:13:02.083] [main/DEBUG] [cpw.mods.modlauncher.TransformStore/MODLAUNCHER]: Adding transformer net.minecraftforge.coremod.transformer.CoreModClassTransformer@19bedeb8 to Target : CLASS {Lnet/minecraft/server/commands/RaidCommand;} {} {V}
[30Apr2025 23:13:02.083] [main/DEBUG] [cpw.mods.modlauncher.TransformStore/MODLAUNCHER]: Adding transformer net.minecraftforge.coremod.transformer.CoreModClassTransformer@19bedeb8 to Target : CLASS {Lnet/minecraft/server/commands/SummonCommand;} {} {V}
[30Apr2025 23:13:02.084] [main/DEBUG] [cpw.mods.modlauncher.TransformStore/MODLAUNCHER]: Adding transformer net.minecraftforge.coremod.transformer.CoreModClassTransformer@19bedeb8 to Target : CLASS {Lnet/minecraft/world/entity/EntityType;} {} {V}
[30Apr2025 23:13:02.084] [main/DEBUG] [cpw.mods.modlauncher.TransformStore/MODLAUNCHER]: Adding transformer net.minecraftforge.coremod.transformer.CoreModClassTransformer@19bedeb8 to Target : CLASS {Lnet/minecraft/world/level/levelgen/structure/structures/OceanRuinPieces$OceanRuinPiece;} {} {V}
[30Apr2025 23:13:02.084] [main/DEBUG] [cpw.mods.modlauncher.TransformStore/MODLAUNCHER]: Adding transformer net.minecraftforge.coremod.transformer.CoreModClassTransformer@19bedeb8 to Target : CLASS {Lnet/minecraft/world/entity/ai/village/VillageSiege;} {} {V}
[30Apr2025 23:13:02.085] [main/DEBUG] [cpw.mods.modlauncher.TransformStore/MODLAUNCHER]: Adding transformer net.minecraftforge.coremod.transformer.CoreModClassTransformer@19bedeb8 to Target : CLASS {Lnet/minecraft/world/entity/monster/ZombieVillager;} {} {V}
[30Apr2025 23:13:02.085] [main/DEBUG] [cpw.mods.modlauncher.TransformStore/MODLAUNCHER]: Adding transformer net.minecraftforge.coremod.transformer.CoreModClassTransformer@19bedeb8 to Target : CLASS {Lnet/minecraft/world/level/levelgen/PhantomSpawner;} {} {V}
[30Apr2025 23:13:02.085] [main/DEBUG] [cpw.mods.modlauncher.TransformStore/MODLAUNCHER]: Adding transformer net.minecraftforge.coremod.transformer.CoreModClassTransformer@19bedeb8 to Target : CLASS {Lnet/minecraft/world/entity/npc/CatSpawner;} {} {V}
[30Apr2025 23:13:02.085] [main/DEBUG] [cpw.mods.modlauncher.TransformStore/MODLAUNCHER]: Adding transformer net.minecraftforge.coremod.transformer.CoreModClassTransformer@19bedeb8 to Target : CLASS {Lnet/minecraft/world/level/NaturalSpawner;} {} {V}
[30Apr2025 23:13:02.086] [main/DEBUG] [cpw.mods.modlauncher.TransformStore/MODLAUNCHER]: Adding transformer net.minecraftforge.coremod.transformer.CoreModClassTransformer@19bedeb8 to Target : CLASS {Lnet/minecraft/world/level/levelgen/PatrolSpawner;} {} {V}
[30Apr2025 23:13:02.086] [main/DEBUG] [cpw.mods.modlauncher.TransformStore/MODLAUNCHER]: Adding transformer net.minecraftforge.coremod.transformer.CoreModClassTransformer@19bedeb8 to Target : CLASS {Lnet/minecraft/world/entity/animal/frog/Tadpole;} {} {V}
[30Apr2025 23:13:02.086] [main/DEBUG] [cpw.mods.modlauncher.TransformStore/MODLAUNCHER]: Adding transformer net.minecraftforge.coremod.transformer.CoreModClassTransformer@19bedeb8 to Target : CLASS {Lnet/minecraft/world/entity/monster/Spider;} {} {V}
[30Apr2025 23:13:02.086] [main/DEBUG] [cpw.mods.modlauncher.TransformStore/MODLAUNCHER]: Adding transformer net.minecraftforge.coremod.transformer.CoreModClassTransformer@19bedeb8 to Target : CLASS {Lnet/minecraft/world/level/levelgen/structure/structures/SwampHutPiece;} {} {V}
[30Apr2025 23:13:02.086] [main/DEBUG] [cpw.mods.modlauncher.TransformStore/MODLAUNCHER]: Adding transformer net.minecraftforge.coremod.transformer.CoreModClassTransformer@19bedeb8 to Target : CLASS {Lnet/minecraft/world/entity/monster/Strider;} {} {V}
[30Apr2025 23:13:02.086] [main/DEBUG] [cpw.mods.modlauncher.TransformStore/MODLAUNCHER]: Adding transformer net.minecraftforge.coremod.transformer.CoreModClassTransformer@19bedeb8 to Target : CLASS {Lnet/minecraft/world/level/levelgen/structure/templatesystem/StructureTemplate;} {} {V}
[30Apr2025 23:13:02.086] [main/DEBUG] [cpw.mods.modlauncher.TransformationServiceDecorator/MODLAUNCHER]: Initialized transformers for transformation service fml
[30Apr2025 23:13:04.071] [main/DEBUG] [mixin/]: Processing prepare() for PlatformAgent[MixinPlatformAgentDefault:ModLauncher Root Container(ModLauncher:4f56a0a2)]
[30Apr2025 23:13:04.071] [main/DEBUG] [mixin/]: Processing launch tasks for PlatformAgent[MixinPlatformAgentDefault:ModLauncher Root Container(ModLauncher:4f56a0a2)]
[30Apr2025 23:13:04.072] [main/DEBUG] [mixin/]: Adding mixin platform agents for container SecureJarResource(mowziesmobs)
[30Apr2025 23:13:04.072] [main/DEBUG] [mixin/]: Instancing new MixinPlatformAgentMinecraftForge for SecureJarResource(mowziesmobs)
[30Apr2025 23:13:04.072] [main/DEBUG] [mixin/]: MixinPlatformAgentMinecraftForge rejected container SecureJarResource(mowziesmobs)
[30Apr2025 23:13:04.072] [main/DEBUG] [mixin/]: Instancing new MixinPlatformAgentDefault for SecureJarResource(mowziesmobs)
[30Apr2025 23:13:04.072] [main/DEBUG] [mixin/]: MixinPlatformAgentDefault accepted container SecureJarResource(mowziesmobs)
[30Apr2025 23:13:04.072] [main/DEBUG] [mixin/]: Processing prepare() for PlatformAgent[MixinPlatformAgentDefault:SecureJarResource(mowziesmobs)]
[30Apr2025 23:13:04.072] [main/DEBUG] [mixin/]: Registering mixin config: mowziesmobs.mixins.json
[30Apr2025 23:13:04.088] [main/DEBUG] [mixin/]: Compatibility level JAVA_17 specified by mowziesmobs.mixins.json is higher than the maximum level supported by this version of mixin (JAVA_13).
[30Apr2025 23:13:04.093] [main/INFO] [mixin/]: Compatibility level set to JAVA_17
[30Apr2025 23:13:04.093] [main/DEBUG] [mixin/]: Adding mixin platform agents for container SecureJarResource(alshanex_familiars)
[30Apr2025 23:13:04.094] [main/DEBUG] [mixin/]: Instancing new MixinPlatformAgentMinecraftForge for SecureJarResource(alshanex_familiars)
[30Apr2025 23:13:04.094] [main/DEBUG] [mixin/]: MixinPlatformAgentMinecraftForge rejected container SecureJarResource(alshanex_familiars)
[30Apr2025 23:13:04.094] [main/DEBUG] [mixin/]: Instancing new MixinPlatformAgentDefault for SecureJarResource(alshanex_familiars)
[30Apr2025 23:13:04.094] [main/DEBUG] [mixin/]: MixinPlatformAgentDefault accepted container SecureJarResource(alshanex_familiars)
[30Apr2025 23:13:04.094] [main/DEBUG] [mixin/]: Processing prepare() for PlatformAgent[MixinPlatformAgentDefault:SecureJarResource(alshanex_familiars)]
[30Apr2025 23:13:04.094] [main/DEBUG] [mixin/]: Registering mixin config: alshanex_familiars.mixins.json
[30Apr2025 23:13:04.096] [main/DEBUG] [mixin/]: Adding mixin platform agents for container SecureJarResource(netherexp)
[30Apr2025 23:13:04.097] [main/DEBUG] [mixin/]: Instancing new MixinPlatformAgentMinecraftForge for SecureJarResource(netherexp)
[30Apr2025 23:13:04.097] [main/DEBUG] [mixin/]: MixinPlatformAgentMinecraftForge rejected container SecureJarResource(netherexp)
[30Apr2025 23:13:04.097] [main/DEBUG] [mixin/]: Instancing new MixinPlatformAgentDefault for SecureJarResource(netherexp)
[30Apr2025 23:13:04.097] [main/DEBUG] [mixin/]: MixinPlatformAgentDefault accepted container SecureJarResource(netherexp)
[30Apr2025 23:13:04.097] [main/DEBUG] [mixin/]: Processing prepare() for PlatformAgent[MixinPlatformAgentDefault:SecureJarResource(netherexp)]
[30Apr2025 23:13:04.097] [main/DEBUG] [mixin/]: Registering mixin config: mixins.netherexp.json
[30Apr2025 23:13:04.099] [main/DEBUG] [mixin/]: Adding mixin platform agents for container SecureJarResource(geckolib)
[30Apr2025 23:13:04.100] [main/DEBUG] [mixin/]: Instancing new MixinPlatformAgentMinecraftForge for SecureJarResource(geckolib)
[30Apr2025 23:13:04.100] [main/DEBUG] [mixin/]: MixinPlatformAgentMinecraftForge rejected container SecureJarResource(geckolib)
[30Apr2025 23:13:04.100] [main/DEBUG] [mixin/]: Instancing new MixinPlatformAgentDefault for SecureJarResource(geckolib)
[30Apr2025 23:13:04.100] [main/DEBUG] [mixin/]: MixinPlatformAgentDefault accepted container SecureJarResource(geckolib)
[30Apr2025 23:13:04.100] [main/DEBUG] [mixin/]: Processing prepare() for PlatformAgent[MixinPlatformAgentDefault:SecureJarResource(geckolib)]
[30Apr2025 23:13:04.100] [main/DEBUG] [mixin/]: Registering mixin config: geckolib.mixins.json
[30Apr2025 23:13:04.104] [main/DEBUG] [mixin/]: Adding mixin platform agents for container SecureJarResource(playeranimator)
[30Apr2025 23:13:04.104] [main/DEBUG] [mixin/]: Instancing new MixinPlatformAgentMinecraftForge for SecureJarResource(playeranimator)
[30Apr2025 23:13:04.104] [main/DEBUG] [mixin/]: MixinPlatformAgentMinecraftForge rejected container SecureJarResource(playeranimator)
[30Apr2025 23:13:04.105] [main/DEBUG] [mixin/]: Instancing new MixinPlatformAgentDefault for SecureJarResource(playeranimator)
[30Apr2025 23:13:04.105] [main/DEBUG] [mixin/]: MixinPlatformAgentDefault accepted container SecureJarResource(playeranimator)
[30Apr2025 23:13:04.105] [main/DEBUG] [mixin/]: Processing prepare() for PlatformAgent[MixinPlatformAgentDefault:SecureJarResource(playeranimator)]
[30Apr2025 23:13:04.105] [main/DEBUG] [mixin/]: Registering mixin config: playerAnimator-common.mixins.json
[30Apr2025 23:13:04.107] [main/DEBUG] [mixin/]: Compatibility level JAVA_16 specified by playerAnimator-common.mixins.json is higher than the maximum level supported by this version of mixin (JAVA_13).
[30Apr2025 23:13:04.107] [main/DEBUG] [mixin/]: Adding mixin platform agents for container SecureJarResource(elysium_api)
[30Apr2025 23:13:04.107] [main/DEBUG] [mixin/]: Instancing new MixinPlatformAgentMinecraftForge for SecureJarResource(elysium_api)
[30Apr2025 23:13:04.107] [main/DEBUG] [mixin/]: MixinPlatformAgentMinecraftForge rejected container SecureJarResource(elysium_api)
[30Apr2025 23:13:04.108] [main/DEBUG] [mixin/]: Instancing new MixinPlatformAgentDefault for SecureJarResource(elysium_api)
[30Apr2025 23:13:04.108] [main/DEBUG] [mixin/]: MixinPlatformAgentDefault accepted container SecureJarResource(elysium_api)
[30Apr2025 23:13:04.108] [main/DEBUG] [mixin/]: Processing prepare() for PlatformAgent[MixinPlatformAgentDefault:SecureJarResource(elysium_api)]
[30Apr2025 23:13:04.108] [main/DEBUG] [mixin/]: Registering mixin config: mixins.elysium_api.json
[30Apr2025 23:13:04.110] [main/DEBUG] [mixin/]: Adding mixin platform agents for container SecureJarResource(botarium)
[30Apr2025 23:13:04.110] [main/DEBUG] [mixin/]: Instancing new MixinPlatformAgentMinecraftForge for SecureJarResource(botarium)
[30Apr2025 23:13:04.110] [main/DEBUG] [mixin/]: MixinPlatformAgentMinecraftForge rejected container SecureJarResource(botarium)
[30Apr2025 23:13:04.110] [main/DEBUG] [mixin/]: Instancing new MixinPlatformAgentDefault for SecureJarResource(botarium)
[30Apr2025 23:13:04.110] [main/DEBUG] [mixin/]: MixinPlatformAgentDefault accepted container SecureJarResource(botarium)
[30Apr2025 23:13:04.111] [main/DEBUG] [mixin/]: Processing prepare() for PlatformAgent[MixinPlatformAgentDefault:SecureJarResource(botarium)]
[30Apr2025 23:13:04.111] [main/DEBUG] [mixin/]: Adding mixin platform agents for container SecureJarResource(caelus)
[30Apr2025 23:13:04.111] [main/DEBUG] [mixin/]: Instancing new MixinPlatformAgentMinecraftForge for SecureJarResource(caelus)
[30Apr2025 23:13:04.111] [main/DEBUG] [mixin/]: MixinPlatformAgentMinecraftForge rejected container SecureJarResource(caelus)
[30Apr2025 23:13:04.111] [main/DEBUG] [mixin/]: Instancing new MixinPlatformAgentDefault for SecureJarResource(caelus)
[30Apr2025 23:13:04.111] [main/DEBUG] [mixin/]: MixinPlatformAgentDefault accepted container SecureJarResource(caelus)
[30Apr2025 23:13:04.111] [main/DEBUG] [mixin/]: Processing prepare() for PlatformAgent[MixinPlatformAgentDefault:SecureJarResource(caelus)]
[30Apr2025 23:13:04.111] [main/DEBUG] [mixin/]: Registering mixin config: caelus.mixins.json
[30Apr2025 23:13:04.113] [main/DEBUG] [mixin/]: Adding mixin platform agents for container SecureJarResource(citadel)
[30Apr2025 23:13:04.113] [main/DEBUG] [mixin/]: Instancing new MixinPlatformAgentMinecraftForge for SecureJarResource(citadel)
[30Apr2025 23:13:04.113] [main/DEBUG] [mixin/]: MixinPlatformAgentMinecraftForge rejected container SecureJarResource(citadel)
[30Apr2025 23:13:04.113] [main/DEBUG] [mixin/]: Instancing new MixinPlatformAgentDefault for SecureJarResource(citadel)
[30Apr2025 23:13:04.114] [main/DEBUG] [mixin/]: MixinPlatformAgentDefault accepted container SecureJarResource(citadel)
[30Apr2025 23:13:04.114] [main/DEBUG] [mixin/]: Processing prepare() for PlatformAgent[MixinPlatformAgentDefault:SecureJarResource(citadel)]
[30Apr2025 23:13:04.114] [main/DEBUG] [mixin/]: Registering mixin config: citadel.mixins.json
[30Apr2025 23:13:04.117] [main/DEBUG] [mixin/]: Adding mixin platform agents for container SecureJarResource(alexsmobs)
[30Apr2025 23:13:04.117] [main/DEBUG] [mixin/]: Instancing new MixinPlatformAgentMinecraftForge for SecureJarResource(alexsmobs)
[30Apr2025 23:13:04.117] [main/DEBUG] [mixin/]: MixinPlatformAgentMinecraftForge rejected container SecureJarResource(alexsmobs)
[30Apr2025 23:13:04.117] [main/DEBUG] [mixin/]: Instancing new MixinPlatformAgentDefault for SecureJarResource(alexsmobs)
[30Apr2025 23:13:04.117] [main/DEBUG] [mixin/]: MixinPlatformAgentDefault accepted container SecureJarResource(alexsmobs)
[30Apr2025 23:13:04.117] [main/DEBUG] [mixin/]: Processing prepare() for PlatformAgent[MixinPlatformAgentDefault:SecureJarResource(alexsmobs)]
[30Apr2025 23:13:04.117] [main/DEBUG] [mixin/]: Registering mixin config: citadel.mixins.json
[30Apr2025 23:13:04.117] [main/DEBUG] [mixin/]: Adding mixin platform agents for container SecureJarResource(mixinextras)
[30Apr2025 23:13:04.117] [main/DEBUG] [mixin/]: Instancing new MixinPlatformAgentMinecraftForge for SecureJarResource(mixinextras)
[30Apr2025 23:13:04.117] [main/DEBUG] [mixin/]: MixinPlatformAgentMinecraftForge rejected container SecureJarResource(mixinextras)
[30Apr2025 23:13:04.117] [main/DEBUG] [mixin/]: Instancing new MixinPlatformAgentDefault for SecureJarResource(mixinextras)
[30Apr2025 23:13:04.117] [main/DEBUG] [mixin/]: MixinPlatformAgentDefault accepted container SecureJarResource(mixinextras)
[30Apr2025 23:13:04.118] [main/DEBUG] [mixin/]: Processing prepare() for PlatformAgent[MixinPlatformAgentDefault:SecureJarResource(mixinextras)]
[30Apr2025 23:13:04.118] [main/DEBUG] [mixin/]: Registering mixin config: mixinextras.init.mixins.json
[30Apr2025 23:13:04.119] [main/DEBUG] [mixin/]: Adding mixin platform agents for container SecureJarResource(blueprint)
[30Apr2025 23:13:04.120] [main/DEBUG] [mixin/]: Instancing new MixinPlatformAgentMinecraftForge for SecureJarResource(blueprint)
[30Apr2025 23:13:04.120] [main/DEBUG] [mixin/]: MixinPlatformAgentMinecraftForge rejected container SecureJarResource(blueprint)
[30Apr2025 23:13:04.120] [main/DEBUG] [mixin/]: Instancing new MixinPlatformAgentDefault for SecureJarResource(blueprint)
[30Apr2025 23:13:04.120] [main/DEBUG] [mixin/]: MixinPlatformAgentDefault accepted container SecureJarResource(blueprint)
[30Apr2025 23:13:04.120] [main/DEBUG] [mixin/]: Processing prepare() for PlatformAgent[MixinPlatformAgentDefault:SecureJarResource(blueprint)]
[30Apr2025 23:13:04.120] [main/DEBUG] [mixin/]: Registering mixin config: blueprint.mixins.json
[30Apr2025 23:13:04.124] [main/DEBUG] [mixin/]: Adding mixin platform agents for container SecureJarResource(cloth_config)
[30Apr2025 23:13:04.124] [main/DEBUG] [mixin/]: Instancing new MixinPlatformAgentMinecraftForge for SecureJarResource(cloth_config)
[30Apr2025 23:13:04.124] [main/DEBUG] [mixin/]: MixinPlatformAgentMinecraftForge rejected container SecureJarResource(cloth_config)
[30Apr2025 23:13:04.124] [main/DEBUG] [mixin/]: Instancing new MixinPlatformAgentDefault for SecureJarResource(cloth_config)
[30Apr2025 23:13:04.124] [main/DEBUG] [mixin/]: MixinPlatformAgentDefault accepted container SecureJarResource(cloth_config)
[30Apr2025 23:13:04.124] [main/DEBUG] [mixin/]: Processing prepare() for PlatformAgent[MixinPlatformAgentDefault:SecureJarResource(cloth_config)]
[30Apr2025 23:13:04.124] [main/DEBUG] [mixin/]: Adding mixin platform agents for container SecureJarResource(forge)
[30Apr2025 23:13:04.124] [main/DEBUG] [mixin/]: Instancing new MixinPlatformAgentMinecraftForge for SecureJarResource(forge)
[30Apr2025 23:13:04.126] [main/DEBUG] [mixin/]: MixinPlatformAgentMinecraftForge rejected container SecureJarResource(forge)
[30Apr2025 23:13:04.126] [main/DEBUG] [mixin/]: Instancing new MixinPlatformAgentDefault for SecureJarResource(forge)
[30Apr2025 23:13:04.126] [main/DEBUG] [mixin/]: MixinPlatformAgentDefault accepted container SecureJarResource(forge)
[30Apr2025 23:13:04.126] [main/DEBUG] [mixin/]: Processing prepare() for PlatformAgent[MixinPlatformAgentDefault:SecureJarResource(forge)]
[30Apr2025 23:13:04.126] [main/DEBUG] [mixin/]: Adding mixin platform agents for container SecureJarResource(twilightforest)
[30Apr2025 23:13:04.126] [main/DEBUG] [mixin/]: Instancing new MixinPlatformAgentMinecraftForge for SecureJarResource(twilightforest)
[30Apr2025 23:13:04.126] [main/DEBUG] [mixin/]: MixinPlatformAgentMinecraftForge rejected container SecureJarResource(twilightforest)
[30Apr2025 23:13:04.126] [main/DEBUG] [mixin/]: Instancing new MixinPlatformAgentDefault for SecureJarResource(twilightforest)
[30Apr2025 23:13:04.126] [main/DEBUG] [mixin/]: MixinPlatformAgentDefault accepted container SecureJarResource(twilightforest)
[30Apr2025 23:13:04.127] [main/DEBUG] [mixin/]: Processing prepare() for PlatformAgent[MixinPlatformAgentDefault:SecureJarResource(twilightforest)]
[30Apr2025 23:13:04.127] [main/DEBUG] [mixin/]: Adding mixin platform agents for container SecureJarResource(tectonic)
[30Apr2025 23:13:04.127] [main/DEBUG] [mixin/]: Instancing new MixinPlatformAgentMinecraftForge for SecureJarResource(tectonic)
[30Apr2025 23:13:04.127] [main/DEBUG] [mixin/]: MixinPlatformAgentMinecraftForge rejected container SecureJarResource(tectonic)
[30Apr2025 23:13:04.128] [main/DEBUG] [mixin/]: Instancing new MixinPlatformAgentDefault for SecureJarResource(tectonic)
[30Apr2025 23:13:04.128] [main/DEBUG] [mixin/]: MixinPlatformAgentDefault accepted container SecureJarResource(tectonic)
[30Apr2025 23:13:04.128] [main/DEBUG] [mixin/]: Processing prepare() for PlatformAgent[MixinPlatformAgentDefault:SecureJarResource(tectonic)]
[30Apr2025 23:13:04.128] [main/DEBUG] [mixin/]: Registering mixin config: tectonic.mixins.json
[30Apr2025 23:13:04.131] [main/DEBUG] [mixin/]: Adding mixin platform agents for container SecureJarResource(minecraft)
[30Apr2025 23:13:04.131] [main/DEBUG] [mixin/]: Instancing new MixinPlatformAgentMinecraftForge for SecureJarResource(minecraft)
[30Apr2025 23:13:04.131] [main/DEBUG] [mixin/]: MixinPlatformAgentMinecraftForge rejected container SecureJarResource(minecraft)
[30Apr2025 23:13:04.131] [main/DEBUG] [mixin/]: Instancing new MixinPlatformAgentDefault for SecureJarResource(minecraft)
[30Apr2025 23:13:04.132] [main/DEBUG] [mixin/]: MixinPlatformAgentDefault accepted container SecureJarResource(minecraft)
[30Apr2025 23:13:04.132] [main/DEBUG] [mixin/]: Processing prepare() for PlatformAgent[MixinPlatformAgentDefault:SecureJarResource(minecraft)]
[30Apr2025 23:13:04.132] [main/DEBUG] [mixin/]: Adding mixin platform agents for container SecureJarResource(farmersdelight)
[30Apr2025 23:13:04.132] [main/DEBUG] [mixin/]: Instancing new MixinPlatformAgentMinecraftForge for SecureJarResource(farmersdelight)
[30Apr2025 23:13:04.132] [main/DEBUG] [mixin/]: MixinPlatformAgentMinecraftForge rejected container SecureJarResource(farmersdelight)
[30Apr2025 23:13:04.132] [main/DEBUG] [mixin/]: Instancing new MixinPlatformAgentDefault for SecureJarResource(farmersdelight)
[30Apr2025 23:13:04.132] [main/DEBUG] [mixin/]: MixinPlatformAgentDefault accepted container SecureJarResource(farmersdelight)
[30Apr2025 23:13:04.132] [main/DEBUG] [mixin/]: Processing prepare() for PlatformAgent[MixinPlatformAgentDefault:SecureJarResource(farmersdelight)]
[30Apr2025 23:13:04.132] [main/DEBUG] [mixin/]: Registering mixin config: farmersdelight.mixins.json
[30Apr2025 23:13:04.135] [main/DEBUG] [mixin/]: Adding mixin platform agents for container SecureJarResource(alexscaves)
[30Apr2025 23:13:04.135] [main/DEBUG] [mixin/]: Instancing new MixinPlatformAgentMinecraftForge for SecureJarResource(alexscaves)
[30Apr2025 23:13:04.135] [main/DEBUG] [mixin/]: MixinPlatformAgentMinecraftForge rejected container SecureJarResource(alexscaves)
[30Apr2025 23:13:04.135] [main/DEBUG] [mixin/]: Instancing new MixinPlatformAgentDefault for SecureJarResource(alexscaves)
[30Apr2025 23:13:04.135] [main/DEBUG] [mixin/]: MixinPlatformAgentDefault accepted container SecureJarResource(alexscaves)
[30Apr2025 23:13:04.135] [main/DEBUG] [mixin/]: Processing prepare() for PlatformAgent[MixinPlatformAgentDefault:SecureJarResource(alexscaves)]
[30Apr2025 23:13:04.135] [main/DEBUG] [mixin/]: Registering mixin config: citadel.mixins.json
[30Apr2025 23:13:04.135] [main/DEBUG] [mixin/]: Registering mixin config: alexscaves.mixins.json
[30Apr2025 23:13:04.173] [main/DEBUG] [mixin/]: Adding mixin platform agents for container SecureJarResource(voicechat)
[30Apr2025 23:13:04.173] [main/DEBUG] [mixin/]: Instancing new MixinPlatformAgentMinecraftForge for SecureJarResource(voicechat)
[30Apr2025 23:13:04.174] [main/DEBUG] [mixin/]: MixinPlatformAgentMinecraftForge rejected container SecureJarResource(voicechat)
[30Apr2025 23:13:04.174] [main/DEBUG] [mixin/]: Instancing new MixinPlatformAgentDefault for SecureJarResource(voicechat)
[30Apr2025 23:13:04.174] [main/DEBUG] [mixin/]: MixinPlatformAgentDefault accepted container SecureJarResource(voicechat)
[30Apr2025 23:13:04.174] [main/DEBUG] [mixin/]: Processing prepare() for PlatformAgent[MixinPlatformAgentDefault:SecureJarResource(voicechat)]
[30Apr2025 23:13:04.174] [main/DEBUG] [mixin/]: Adding mixin platform agents for container SecureJarResource(bettercombat)
[30Apr2025 23:13:04.174] [main/DEBUG] [mixin/]: Instancing new MixinPlatformAgentMinecraftForge for SecureJarResource(bettercombat)
[30Apr2025 23:13:04.174] [main/DEBUG] [mixin/]: MixinPlatformAgentMinecraftForge rejected container SecureJarResource(bettercombat)
[30Apr2025 23:13:04.174] [main/DEBUG] [mixin/]: Instancing new MixinPlatformAgentDefault for SecureJarResource(bettercombat)
[30Apr2025 23:13:04.174] [main/DEBUG] [mixin/]: MixinPlatformAgentDefault accepted container SecureJarResource(bettercombat)
[30Apr2025 23:13:04.174] [main/DEBUG] [mixin/]: Processing prepare() for PlatformAgent[MixinPlatformAgentDefault:SecureJarResource(bettercombat)]
[30Apr2025 23:13:04.174] [main/DEBUG] [mixin/]: Registering mixin config: bettercombat.mixins.json
[30Apr2025 23:13:04.176] [main/DEBUG] [mixin/]: Adding mixin platform agents for container SecureJarResource(alekiships)
[30Apr2025 23:13:04.176] [main/DEBUG] [mixin/]: Instancing new MixinPlatformAgentMinecraftForge for SecureJarResource(alekiships)
[30Apr2025 23:13:04.176] [main/DEBUG] [mixin/]: MixinPlatformAgentMinecraftForge rejected container SecureJarResource(alekiships)
[30Apr2025 23:13:04.176] [main/DEBUG] [mixin/]: Instancing new MixinPlatformAgentDefault for SecureJarResource(alekiships)
[30Apr2025 23:13:04.176] [main/DEBUG] [mixin/]: MixinPlatformAgentDefault accepted container SecureJarResource(alekiships)
[30Apr2025 23:13:04.176] [main/DEBUG] [mixin/]: Processing prepare() for PlatformAgent[MixinPlatformAgentDefault:SecureJarResource(alekiships)]
[30Apr2025 23:13:04.176] [main/DEBUG] [mixin/]: Registering mixin config: alekiships.mixins.json
[30Apr2025 23:13:04.177] [main/DEBUG] [mixin/]: Adding mixin platform agents for container SecureJarResource(another_furniture)
[30Apr2025 23:13:04.178] [main/DEBUG] [mixin/]: Instancing new MixinPlatformAgentMinecraftForge for SecureJarResource(another_furniture)
[30Apr2025 23:13:04.178] [main/DEBUG] [mixin/]: MixinPlatformAgentMinecraftForge rejected container SecureJarResource(another_furniture)
[30Apr2025 23:13:04.178] [main/DEBUG] [mixin/]: Instancing new MixinPlatformAgentDefault for SecureJarResource(another_furniture)
[30Apr2025 23:13:04.178] [main/DEBUG] [mixin/]: MixinPlatformAgentDefault accepted container SecureJarResource(another_furniture)
[30Apr2025 23:13:04.178] [main/DEBUG] [mixin/]: Processing prepare() for PlatformAgent[MixinPlatformAgentDefault:SecureJarResource(another_furniture)]
[30Apr2025 23:13:04.178] [main/DEBUG] [mixin/]: Registering mixin config: another_furniture-common.mixins.json
[30Apr2025 23:13:04.180] [main/DEBUG] [mixin/]: Registering mixin config: another_furniture.mixins.json
[30Apr2025 23:13:04.182] [main/DEBUG] [mixin/]: Adding mixin platform agents for container SecureJarResource(chunky)
[30Apr2025 23:13:04.182] [main/DEBUG] [mixin/]: Instancing new MixinPlatformAgentMinecraftForge for SecureJarResource(chunky)
[30Apr2025 23:13:04.183] [main/DEBUG] [mixin/]: MixinPlatformAgentMinecraftForge rejected container SecureJarResource(chunky)
[30Apr2025 23:13:04.183] [main/DEBUG] [mixin/]: Instancing new MixinPlatformAgentDefault for SecureJarResource(chunky)
[30Apr2025 23:13:04.183] [main/DEBUG] [mixin/]: MixinPlatformAgentDefault accepted container SecureJarResource(chunky)
[30Apr2025 23:13:04.184] [main/DEBUG] [mixin/]: Processing prepare() for PlatformAgent[MixinPlatformAgentDefault:SecureJarResource(chunky)]
[30Apr2025 23:13:04.184] [main/DEBUG] [mixin/]: Adding mixin platform agents for container SecureJarResource(unusualend)
[30Apr2025 23:13:04.184] [main/DEBUG] [mixin/]: Instancing new MixinPlatformAgentMinecraftForge for SecureJarResource(unusualend)
[30Apr2025 23:13:04.184] [main/DEBUG] [mixin/]: MixinPlatformAgentMinecraftForge rejected container SecureJarResource(unusualend)
[30Apr2025 23:13:04.184] [main/DEBUG] [mixin/]: Instancing new MixinPlatformAgentDefault for SecureJarResource(unusualend)
[30Apr2025 23:13:04.184] [main/DEBUG] [mixin/]: MixinPlatformAgentDefault accepted container SecureJarResource(unusualend)
[30Apr2025 23:13:04.184] [main/DEBUG] [mixin/]: Processing prepare() for PlatformAgent[MixinPlatformAgentDefault:SecureJarResource(unusualend)]
[30Apr2025 23:13:04.184] [main/DEBUG] [mixin/]: Registering mixin config: mixins.unusualend.json
[30Apr2025 23:13:04.185] [main/DEBUG] [mixin/]: Adding mixin platform agents for container SecureJarResource(resourcefulconfig)
[30Apr2025 23:13:04.186] [main/DEBUG] [mixin/]: Instancing new MixinPlatformAgentMinecraftForge for SecureJarResource(resourcefulconfig)
[30Apr2025 23:13:04.186] [main/DEBUG] [mixin/]: MixinPlatformAgentMinecraftForge rejected container SecureJarResource(resourcefulconfig)
[30Apr2025 23:13:04.186] [main/DEBUG] [mixin/]: Instancing new MixinPlatformAgentDefault for SecureJarResource(resourcefulconfig)
[30Apr2025 23:13:04.186] [main/DEBUG] [mixin/]: MixinPlatformAgentDefault accepted container SecureJarResource(resourcefulconfig)
[30Apr2025 23:13:04.186] [main/DEBUG] [mixin/]: Processing prepare() for PlatformAgent[MixinPlatformAgentDefault:SecureJarResource(resourcefulconfig)]
[30Apr2025 23:13:04.186] [main/DEBUG] [mixin/]: Adding mixin platform agents for container SecureJarResource(born_in_chaos_v1)
[30Apr2025 23:13:04.186] [main/DEBUG] [mixin/]: Instancing new MixinPlatformAgentMinecraftForge for SecureJarResource(born_in_chaos_v1)
[30Apr2025 23:13:04.186] [main/DEBUG] [mixin/]: MixinPlatformAgentMinecraftForge rejected container SecureJarResource(born_in_chaos_v1)
[30Apr2025 23:13:04.186] [main/DEBUG] [mixin/]: Instancing new MixinPlatformAgentDefault for SecureJarResource(born_in_chaos_v1)
[30Apr2025 23:13:04.186] [main/DEBUG] [mixin/]: MixinPlatformAgentDefault accepted container SecureJarResource(born_in_chaos_v1)
[30Apr2025 23:13:04.186] [main/DEBUG] [mixin/]: Processing prepare() for PlatformAgent[MixinPlatformAgentDefault:SecureJarResource(born_in_chaos_v1)]
[30Apr2025 23:13:04.186] [main/DEBUG] [mixin/]: Adding mixin platform agents for container SecureJarResource(lionfishapi)
[30Apr2025 23:13:04.186] [main/DEBUG] [mixin/]: Instancing new MixinPlatformAgentMinecraftForge for SecureJarResource(lionfishapi)
[30Apr2025 23:13:04.186] [main/DEBUG] [mixin/]: MixinPlatformAgentMinecraftForge rejected container SecureJarResource(lionfishapi)
[30Apr2025 23:13:04.186] [main/DEBUG] [mixin/]: Instancing new MixinPlatformAgentDefault for SecureJarResource(lionfishapi)
[30Apr2025 23:13:04.186] [main/DEBUG] [mixin/]: MixinPlatformAgentDefault accepted container SecureJarResource(lionfishapi)
[30Apr2025 23:13:04.186] [main/DEBUG] [mixin/]: Processing prepare() for PlatformAgent[MixinPlatformAgentDefault:SecureJarResource(lionfishapi)]
[30Apr2025 23:13:04.186] [main/DEBUG] [mixin/]: Registering mixin config: lionfishapi.mixins.json
[30Apr2025 23:13:04.188] [main/DEBUG] [mixin/]: Adding mixin platform agents for container SecureJarResource(cataclysm)
[30Apr2025 23:13:04.188] [main/DEBUG] [mixin/]: Instancing new MixinPlatformAgentMinecraftForge for SecureJarResource(cataclysm)
[30Apr2025 23:13:04.188] [main/DEBUG] [mixin/]: MixinPlatformAgentMinecraftForge rejected container SecureJarResource(cataclysm)
[30Apr2025 23:13:04.188] [main/DEBUG] [mixin/]: Instancing new MixinPlatformAgentDefault for SecureJarResource(cataclysm)
[30Apr2025 23:13:04.188] [main/DEBUG] [mixin/]: MixinPlatformAgentDefault accepted container SecureJarResource(cataclysm)
[30Apr2025 23:13:04.188] [main/DEBUG] [mixin/]: Processing prepare() for PlatformAgent[MixinPlatformAgentDefault:SecureJarResource(cataclysm)]
[30Apr2025 23:13:04.188] [main/DEBUG] [mixin/]: Registering mixin config: lionfishapi.mixins.json
[30Apr2025 23:13:04.188] [main/DEBUG] [mixin/]: Registering mixin config: cataclysm.mixins.json
[30Apr2025 23:13:04.190] [main/DEBUG] [mixin/]: Adding mixin platform agents for container SecureJarResource(curios)
[30Apr2025 23:13:04.190] [main/DEBUG] [mixin/]: Instancing new MixinPlatformAgentMinecraftForge for SecureJarResource(curios)
[30Apr2025 23:13:04.190] [main/DEBUG] [mixin/]: MixinPlatformAgentMinecraftForge rejected container SecureJarResource(curios)
[30Apr2025 23:13:04.190] [main/DEBUG] [mixin/]: Instancing new MixinPlatformAgentDefault for SecureJarResource(curios)
[30Apr2025 23:13:04.190] [main/DEBUG] [mixin/]: MixinPlatformAgentDefault accepted container SecureJarResource(curios)
[30Apr2025 23:13:04.190] [main/DEBUG] [mixin/]: Processing prepare() for PlatformAgent[MixinPlatformAgentDefault:SecureJarResource(curios)]
[30Apr2025 23:13:04.190] [main/DEBUG] [mixin/]: Registering mixin config: curios.mixins.json
[30Apr2025 23:13:04.191] [main/DEBUG] [mixin/]: Adding mixin platform agents for container SecureJarResource(advancednetherite)
[30Apr2025 23:13:04.191] [main/DEBUG] [mixin/]: Instancing new MixinPlatformAgentMinecraftForge for SecureJarResource(advancednetherite)
[30Apr2025 23:13:04.192] [main/DEBUG] [mixin/]: MixinPlatformAgentMinecraftForge rejected container SecureJarResource(advancednetherite)
[30Apr2025 23:13:04.192] [main/DEBUG] [mixin/]: Instancing new MixinPlatformAgentDefault for SecureJarResource(advancednetherite)
[30Apr2025 23:13:04.192] [main/DEBUG] [mixin/]: MixinPlatformAgentDefault accepted container SecureJarResource(advancednetherite)
[30Apr2025 23:13:04.192] [main/DEBUG] [mixin/]: Processing prepare() for PlatformAgent[MixinPlatformAgentDefault:SecureJarResource(advancednetherite)]
[30Apr2025 23:13:04.192] [main/DEBUG] [mixin/]: Adding mixin platform agents for container SecureJarResource(irons_spellbooks)
[30Apr2025 23:13:04.192] [main/DEBUG] [mixin/]: Instancing new MixinPlatformAgentMinecraftForge for SecureJarResource(irons_spellbooks)
[30Apr2025 23:13:04.192] [main/DEBUG] [mixin/]: MixinPlatformAgentMinecraftForge rejected container SecureJarResource(irons_spellbooks)
[30Apr2025 23:13:04.192] [main/DEBUG] [mixin/]: Instancing new MixinPlatformAgentDefault for SecureJarResource(irons_spellbooks)
[30Apr2025 23:13:04.192] [main/DEBUG] [mixin/]: MixinPlatformAgentDefault accepted container SecureJarResource(irons_spellbooks)
[30Apr2025 23:13:04.192] [main/DEBUG] [mixin/]: Processing prepare() for PlatformAgent[MixinPlatformAgentDefault:SecureJarResource(irons_spellbooks)]
[30Apr2025 23:13:04.192] [main/DEBUG] [mixin/]: Registering mixin config: mixins.irons_spellbooks.json
[30Apr2025 23:13:04.194] [main/DEBUG] [mixin/]: Adding mixin platform agents for container SecureJarResource(unearthed_journey)
[30Apr2025 23:13:04.194] [main/DEBUG] [mixin/]: Instancing new MixinPlatformAgentMinecraftForge for SecureJarResource(unearthed_journey)
[30Apr2025 23:13:04.194] [main/DEBUG] [mixin/]: MixinPlatformAgentMinecraftForge rejected container SecureJarResource(unearthed_journey)
[30Apr2025 23:13:04.194] [main/DEBUG] [mixin/]: Instancing new MixinPlatformAgentDefault for SecureJarResource(unearthed_journey)
[30Apr2025 23:13:04.194] [main/DEBUG] [mixin/]: MixinPlatformAgentDefault accepted container SecureJarResource(unearthed_journey)
[30Apr2025 23:13:04.194] [main/DEBUG] [mixin/]: Processing prepare() for PlatformAgent[MixinPlatformAgentDefault:SecureJarResource(unearthed_journey)]
[30Apr2025 23:13:04.194] [main/DEBUG] [mixin/]: Adding mixin platform agents for container SecureJarResource(resourcefullib)
[30Apr2025 23:13:04.194] [main/DEBUG] [mixin/]: Instancing new MixinPlatformAgentMinecraftForge for SecureJarResource(resourcefullib)
[30Apr2025 23:13:04.194] [main/DEBUG] [mixin/]: MixinPlatformAgentMinecraftForge rejected container SecureJarResource(resourcefullib)
[30Apr2025 23:13:04.194] [main/DEBUG] [mixin/]: Instancing new MixinPlatformAgentDefault for SecureJarResource(resourcefullib)
[30Apr2025 23:13:04.194] [main/DEBUG] [mixin/]: MixinPlatformAgentDefault accepted container SecureJarResource(resourcefullib)
[30Apr2025 23:13:04.194] [main/DEBUG] [mixin/]: Processing prepare() for PlatformAgent[MixinPlatformAgentDefault:SecureJarResource(resourcefullib)]
[30Apr2025 23:13:04.194] [main/DEBUG] [mixin/]: Adding mixin platform agents for container SecureJarResource(architectury)
[30Apr2025 23:13:04.194] [main/DEBUG] [mixin/]: Instancing new MixinPlatformAgentMinecraftForge for SecureJarResource(architectury)
[30Apr2025 23:13:04.194] [main/DEBUG] [mixin/]: MixinPlatformAgentMinecraftForge rejected container SecureJarResource(architectury)
[30Apr2025 23:13:04.194] [main/DEBUG] [mixin/]: Instancing new MixinPlatformAgentDefault for SecureJarResource(architectury)
[30Apr2025 23:13:04.194] [main/DEBUG] [mixin/]: MixinPlatformAgentDefault accepted container SecureJarResource(architectury)
[30Apr2025 23:13:04.194] [main/DEBUG] [mixin/]: Processing prepare() for PlatformAgent[MixinPlatformAgentDefault:SecureJarResource(architectury)]
[30Apr2025 23:13:04.195] [main/DEBUG] [mixin/]: Registering mixin config: architectury.mixins.json
[30Apr2025 23:13:04.196] [main/DEBUG] [mixin/]: Compatibility level JAVA_16 specified by architectury.mixins.json is higher than the maximum level supported by this version of mixin (JAVA_13).
[30Apr2025 23:13:04.196] [main/DEBUG] [mixin/]: Registering mixin config: architectury-common.mixins.json
[30Apr2025 23:13:04.198] [main/DEBUG] [mixin/]: Compatibility level JAVA_16 specified by architectury-common.mixins.json is higher than the maximum level supported by this version of mixin (JAVA_13).
[30Apr2025 23:13:04.199] [main/DEBUG] [mixin/]: Adding mixin platform agents for container SecureJarResource(mca)
[30Apr2025 23:13:04.199] [main/DEBUG] [mixin/]: Instancing new MixinPlatformAgentMinecraftForge for SecureJarResource(mca)
[30Apr2025 23:13:04.199] [main/DEBUG] [mixin/]: MixinPlatformAgentMinecraftForge rejected container SecureJarResource(mca)
[30Apr2025 23:13:04.199] [main/DEBUG] [mixin/]: Instancing new MixinPlatformAgentDefault for SecureJarResource(mca)
[30Apr2025 23:13:04.199] [main/DEBUG] [mixin/]: MixinPlatformAgentDefault accepted container SecureJarResource(mca)
[30Apr2025 23:13:04.199] [main/DEBUG] [mixin/]: Processing prepare() for PlatformAgent[MixinPlatformAgentDefault:SecureJarResource(mca)]
[30Apr2025 23:13:04.201] [main/DEBUG] [mixin/]: Registering mixin config: forge-mca.mixin.json
[30Apr2025 23:13:04.230] [main/DEBUG] [mixin/]: Adding mixin platform agents for container SecureJarResource(doapi)
[30Apr2025 23:13:04.230] [main/DEBUG] [mixin/]: Instancing new MixinPlatformAgentMinecraftForge for SecureJarResource(doapi)
[30Apr2025 23:13:04.230] [main/DEBUG] [mixin/]: MixinPlatformAgentMinecraftForge rejected container SecureJarResource(doapi)
[30Apr2025 23:13:04.230] [main/DEBUG] [mixin/]: Instancing new MixinPlatformAgentDefault for SecureJarResource(doapi)
[30Apr2025 23:13:04.230] [main/DEBUG] [mixin/]: MixinPlatformAgentDefault accepted container SecureJarResource(doapi)
[30Apr2025 23:13:04.230] [main/DEBUG] [mixin/]: Processing prepare() for PlatformAgent[MixinPlatformAgentDefault:SecureJarResource(doapi)]
[30Apr2025 23:13:04.230] [main/DEBUG] [mixin/]: Registering mixin config: doapi-common.mixins.json
[30Apr2025 23:13:04.233] [main/DEBUG] [mixin/]: Registering mixin config: doapi.mixins.json
[30Apr2025 23:13:04.236] [main/DEBUG] [mixin/]: Adding mixin platform agents for container SecureJarResource(vinery)
[30Apr2025 23:13:04.236] [main/DEBUG] [mixin/]: Instancing new MixinPlatformAgentMinecraftForge for SecureJarResource(vinery)
[30Apr2025 23:13:04.236] [main/DEBUG] [mixin/]: MixinPlatformAgentMinecraftForge rejected container SecureJarResource(vinery)
[30Apr2025 23:13:04.236] [main/DEBUG] [mixin/]: Instancing new MixinPlatformAgentDefault for SecureJarResource(vinery)
[30Apr2025 23:13:04.236] [main/DEBUG] [mixin/]: MixinPlatformAgentDefault accepted container SecureJarResource(vinery)
[30Apr2025 23:13:04.236] [main/DEBUG] [mixin/]: Processing prepare() for PlatformAgent[MixinPlatformAgentDefault:SecureJarResource(vinery)]
[30Apr2025 23:13:04.236] [main/DEBUG] [mixin/]: Registering mixin config: vinery-common.mixins.json
[30Apr2025 23:13:04.238] [main/DEBUG] [mixin/]: Registering mixin config: vinery.mixins.json
[30Apr2025 23:13:04.240] [main/DEBUG] [mixin/]: Adding mixin platform agents for container SecureJarResource(brewery)
[30Apr2025 23:13:04.240] [main/DEBUG] [mixin/]: Instancing new MixinPlatformAgentMinecraftForge for SecureJarResource(brewery)
[30Apr2025 23:13:04.240] [main/DEBUG] [mixin/]: MixinPlatformAgentMinecraftForge rejected container SecureJarResource(brewery)
[30Apr2025 23:13:04.240] [main/DEBUG] [mixin/]: Instancing new MixinPlatformAgentDefault for SecureJarResource(brewery)
[30Apr2025 23:13:04.240] [main/DEBUG] [mixin/]: MixinPlatformAgentDefault accepted container SecureJarResource(brewery)
[30Apr2025 23:13:04.240] [main/DEBUG] [mixin/]: Processing prepare() for PlatformAgent[MixinPlatformAgentDefault:SecureJarResource(brewery)]
[30Apr2025 23:13:04.240] [main/DEBUG] [mixin/]: Registering mixin config: brewery-common.mixins.json
[30Apr2025 23:13:04.242] [main/DEBUG] [mixin/]: Registering mixin config: brewery.mixins.json
[30Apr2025 23:13:04.243] [main/DEBUG] [mixin/]: Adding mixin platform agents for container SecureJarResource(alexsdelight)
[30Apr2025 23:13:04.243] [main/DEBUG] [mixin/]: Instancing new MixinPlatformAgentMinecraftForge for SecureJarResource(alexsdelight)
[30Apr2025 23:13:04.243] [main/DEBUG] [mixin/]: MixinPlatformAgentMinecraftForge rejected container SecureJarResource(alexsdelight)
[30Apr2025 23:13:04.243] [main/DEBUG] [mixin/]: Instancing new MixinPlatformAgentDefault for SecureJarResource(alexsdelight)
[30Apr2025 23:13:04.244] [main/DEBUG] [mixin/]: MixinPlatformAgentDefault accepted container SecureJarResource(alexsdelight)
[30Apr2025 23:13:04.244] [main/DEBUG] [mixin/]: Processing prepare() for PlatformAgent[MixinPlatformAgentDefault:SecureJarResource(alexsdelight)]
[30Apr2025 23:13:04.244] [main/DEBUG] [mixin/]: Adding mixin platform agents for container SecureJarResource(vampirism)
[30Apr2025 23:13:04.244] [main/DEBUG] [mixin/]: Instancing new MixinPlatformAgentMinecraftForge for SecureJarResource(vampirism)
[30Apr2025 23:13:04.244] [main/DEBUG] [mixin/]: MixinPlatformAgentMinecraftForge rejected container SecureJarResource(vampirism)
[30Apr2025 23:13:04.244] [main/DEBUG] [mixin/]: Instancing new MixinPlatformAgentDefault for SecureJarResource(vampirism)
[30Apr2025 23:13:04.244] [main/DEBUG] [mixin/]: MixinPlatformAgentDefault accepted container SecureJarResource(vampirism)
[30Apr2025 23:13:04.244] [main/DEBUG] [mixin/]: Processing prepare() for PlatformAgent[MixinPlatformAgentDefault:SecureJarResource(vampirism)]
[30Apr2025 23:13:04.244] [main/DEBUG] [mixin/]: Registering mixin config: vampirism.mixins.json
[30Apr2025 23:13:04.249] [main/DEBUG] [mixin/]: Adding mixin platform agents for container SecureJarResource(goblins_tyranny)
[30Apr2025 23:13:04.249] [main/DEBUG] [mixin/]: Instancing new MixinPlatformAgentMinecraftForge for SecureJarResource(goblins_tyranny)
[30Apr2025 23:13:04.249] [main/DEBUG] [mixin/]: MixinPlatformAgentMinecraftForge rejected container SecureJarResource(goblins_tyranny)
[30Apr2025 23:13:04.249] [main/DEBUG] [mixin/]: Instancing new MixinPlatformAgentDefault for SecureJarResource(goblins_tyranny)
[30Apr2025 23:13:04.249] [main/DEBUG] [mixin/]: MixinPlatformAgentDefault accepted container SecureJarResource(goblins_tyranny)
[30Apr2025 23:13:04.249] [main/DEBUG] [mixin/]: Processing prepare() for PlatformAgent[MixinPlatformAgentDefault:SecureJarResource(goblins_tyranny)]
[30Apr2025 23:13:04.249] [main/DEBUG] [mixin/]: Adding mixin platform agents for container SecureJarResource(wan_ancient_beasts)
[30Apr2025 23:13:04.249] [main/DEBUG] [mixin/]: Instancing new MixinPlatformAgentMinecraftForge for SecureJarResource(wan_ancient_beasts)
[30Apr2025 23:13:04.249] [main/DEBUG] [mixin/]: MixinPlatformAgentMinecraftForge rejected container SecureJarResource(wan_ancient_beasts)
[30Apr2025 23:13:04.249] [main/DEBUG] [mixin/]: Instancing new MixinPlatformAgentDefault for SecureJarResource(wan_ancient_beasts)
[30Apr2025 23:13:04.249] [main/DEBUG] [mixin/]: MixinPlatformAgentDefault accepted container SecureJarResource(wan_ancient_beasts)
[30Apr2025 23:13:04.249] [main/DEBUG] [mixin/]: Processing prepare() for PlatformAgent[MixinPlatformAgentDefault:SecureJarResource(wan_ancient_beasts)]
[30Apr2025 23:13:04.249] [main/DEBUG] [mixin/]: Registering mixin config: wan_ancient_beasts.mixins.json
[30Apr2025 23:13:04.253] [main/DEBUG] [mixin/]: Adding mixin platform agents for container SecureJarResource(ad_astra)
[30Apr2025 23:13:04.253] [main/DEBUG] [mixin/]: Instancing new MixinPlatformAgentMinecraftForge for SecureJarResource(ad_astra)
[30Apr2025 23:13:04.253] [main/DEBUG] [mixin/]: MixinPlatformAgentMinecraftForge rejected container SecureJarResource(ad_astra)
[30Apr2025 23:13:04.253] [main/DEBUG] [mixin/]: Instancing new MixinPlatformAgentDefault for SecureJarResource(ad_astra)
[30Apr2025 23:13:04.253] [main/DEBUG] [mixin/]: MixinPlatformAgentDefault accepted container SecureJarResource(ad_astra)
[30Apr2025 23:13:04.253] [main/DEBUG] [mixin/]: Processing prepare() for PlatformAgent[MixinPlatformAgentDefault:SecureJarResource(ad_astra)]
[30Apr2025 23:13:04.253] [main/DEBUG] [mixin/]: Registering mixin config: adastra-common.mixins.json
[30Apr2025 23:13:04.254] [main/DEBUG] [mixin/]: Registering mixin config: adastra.mixins.json
[30Apr2025 23:13:04.256] [main/DEBUG] [mixin/]: Adding mixin platform agents for container SecureJarResource(mclib)
[30Apr2025 23:13:04.256] [main/DEBUG] [mixin/]: Instancing new MixinPlatformAgentMinecraftForge for SecureJarResource(mclib)
[30Apr2025 23:13:04.256] [main/DEBUG] [mixin/]: MixinPlatformAgentMinecraftForge rejected container SecureJarResource(mclib)
[30Apr2025 23:13:04.256] [main/DEBUG] [mixin/]: Instancing new MixinPlatformAgentDefault for SecureJarResource(mclib)
[30Apr2025 23:13:04.256] [main/DEBUG] [mixin/]: MixinPlatformAgentDefault accepted container SecureJarResource(mclib)
[30Apr2025 23:13:04.256] [main/DEBUG] [mixin/]: Processing prepare() for PlatformAgent[MixinPlatformAgentDefault:SecureJarResource(mclib)]
[30Apr2025 23:13:04.256] [main/DEBUG] [mixin/]: Adding mixin platform agents for container SecureJarResource(jlayer)
[30Apr2025 23:13:04.256] [main/DEBUG] [mixin/]: Instancing new MixinPlatformAgentMinecraftForge for SecureJarResource(jlayer)
[30Apr2025 23:13:04.256] [main/DEBUG] [mixin/]: MixinPlatformAgentMinecraftForge rejected container SecureJarResource(jlayer)
[30Apr2025 23:13:04.256] [main/DEBUG] [mixin/]: Instancing new MixinPlatformAgentDefault for SecureJarResource(jlayer)
[30Apr2025 23:13:04.256] [main/DEBUG] [mixin/]: MixinPlatformAgentDefault accepted container SecureJarResource(jlayer)
[30Apr2025 23:13:04.256] [main/DEBUG] [mixin/]: Processing prepare() for PlatformAgent[MixinPlatformAgentDefault:SecureJarResource(jlayer)]
[30Apr2025 23:13:04.256] [main/DEBUG] [mixin/]: Adding mixin platform agents for container SecureJarResource(bytecodecs)
[30Apr2025 23:13:04.256] [main/DEBUG] [mixin/]: Instancing new MixinPlatformAgentMinecraftForge for SecureJarResource(bytecodecs)
[30Apr2025 23:13:04.257] [main/DEBUG] [mixin/]: MixinPlatformAgentMinecraftForge rejected container SecureJarResource(bytecodecs)
[30Apr2025 23:13:04.257] [main/DEBUG] [mixin/]: Instancing new MixinPlatformAgentDefault for SecureJarResource(bytecodecs)
[30Apr2025 23:13:04.257] [main/DEBUG] [mixin/]: MixinPlatformAgentDefault accepted container SecureJarResource(bytecodecs)
[30Apr2025 23:13:04.257] [main/DEBUG] [mixin/]: Processing prepare() for PlatformAgent[MixinPlatformAgentDefault:SecureJarResource(bytecodecs)]
[30Apr2025 23:13:04.257] [main/DEBUG] [mixin/]: Adding mixin platform agents for container SecureJarResource(jankson)
[30Apr2025 23:13:04.257] [main/DEBUG] [mixin/]: Instancing new MixinPlatformAgentMinecraftForge for SecureJarResource(jankson)
[30Apr2025 23:13:04.257] [main/DEBUG] [mixin/]: MixinPlatformAgentMinecraftForge rejected container SecureJarResource(jankson)
[30Apr2025 23:13:04.257] [main/DEBUG] [mixin/]: Instancing new MixinPlatformAgentDefault for SecureJarResource(jankson)
[30Apr2025 23:13:04.257] [main/DEBUG] [mixin/]: MixinPlatformAgentDefault accepted container SecureJarResource(jankson)
[30Apr2025 23:13:04.257] [main/DEBUG] [mixin/]: Processing prepare() for PlatformAgent[MixinPlatformAgentDefault:SecureJarResource(jankson)]
[30Apr2025 23:13:04.257] [main/DEBUG] [mixin/]: Adding mixin platform agents for container SecureJarResource(yabn)
[30Apr2025 23:13:04.257] [main/DEBUG] [mixin/]: Instancing new MixinPlatformAgentMinecraftForge for SecureJarResource(yabn)
[30Apr2025 23:13:04.257] [main/DEBUG] [mixin/]: MixinPlatformAgentMinecraftForge rejected container SecureJarResource(yabn)
[30Apr2025 23:13:04.257] [main/DEBUG] [mixin/]: Instancing new MixinPlatformAgentDefault for SecureJarResource(yabn)
[30Apr2025 23:13:04.257] [main/DEBUG] [mixin/]: MixinPlatformAgentDefault accepted container SecureJarResource(yabn)
[30Apr2025 23:13:04.257] [main/DEBUG] [mixin/]: Processing prepare() for PlatformAgent[MixinPlatformAgentDefault:SecureJarResource(yabn)]
[30Apr2025 23:13:04.257] [main/DEBUG] [mixin/]: Adding mixin platform agents for container SecureJarResource(MixinExtras)
[30Apr2025 23:13:04.257] [main/DEBUG] [mixin/]: Instancing new MixinPlatformAgentMinecraftForge for SecureJarResource(MixinExtras)
[30Apr2025 23:13:04.257] [main/DEBUG] [mixin/]: MixinPlatformAgentMinecraftForge rejected container SecureJarResource(MixinExtras)
[30Apr2025 23:13:04.257] [main/DEBUG] [mixin/]: Instancing new MixinPlatformAgentDefault for SecureJarResource(MixinExtras)
[30Apr2025 23:13:04.257] [main/DEBUG] [mixin/]: MixinPlatformAgentDefault accepted container SecureJarResource(MixinExtras)
[30Apr2025 23:13:04.257] [main/DEBUG] [mixin/]: Processing prepare() for PlatformAgent[MixinPlatformAgentDefault:SecureJarResource(MixinExtras)]
[30Apr2025 23:13:04.257] [main/DEBUG] [mixin/]: inject() running with 51 agents
[30Apr2025 23:13:04.257] [main/DEBUG] [mixin/]: Processing inject() for PlatformAgent[MixinPlatformAgentDefault:ModLauncher Root Container(ModLauncher:4f56a0a2)]
[30Apr2025 23:13:04.257] [main/DEBUG] [mixin/]: Processing inject() for PlatformAgent[MixinPlatformAgentDefault:SecureJarResource(mowziesmobs)]
[30Apr2025 23:13:04.258] [main/DEBUG] [mixin/]: Processing inject() for PlatformAgent[MixinPlatformAgentDefault:SecureJarResource(alshanex_familiars)]
[30Apr2025 23:13:04.258] [main/DEBUG] [mixin/]: Processing inject() for PlatformAgent[MixinPlatformAgentDefault:SecureJarResource(netherexp)]
[30Apr2025 23:13:04.258] [main/DEBUG] [mixin/]: Processing inject() for PlatformAgent[MixinPlatformAgentDefault:SecureJarResource(geckolib)]
[30Apr2025 23:13:04.258] [main/DEBUG] [mixin/]: Processing inject() for PlatformAgent[MixinPlatformAgentDefault:SecureJarResource(playeranimator)]
[30Apr2025 23:13:04.258] [main/DEBUG] [mixin/]: Processing inject() for PlatformAgent[MixinPlatformAgentDefault:SecureJarResource(elysium_api)]
[30Apr2025 23:13:04.258] [main/DEBUG] [mixin/]: Processing inject() for PlatformAgent[MixinPlatformAgentDefault:SecureJarResource(botarium)]
[30Apr2025 23:13:04.258] [main/DEBUG] [mixin/]: Processing inject() for PlatformAgent[MixinPlatformAgentDefault:SecureJarResource(caelus)]
[30Apr2025 23:13:04.258] [main/DEBUG] [mixin/]: Processing inject() for PlatformAgent[MixinPlatformAgentDefault:SecureJarResource(citadel)]
[30Apr2025 23:13:04.258] [main/DEBUG] [mixin/]: Processing inject() for PlatformAgent[MixinPlatformAgentDefault:SecureJarResource(alexsmobs)]
[30Apr2025 23:13:04.258] [main/DEBUG] [mixin/]: Processing inject() for PlatformAgent[MixinPlatformAgentDefault:SecureJarResource(mixinextras)]
[30Apr2025 23:13:04.258] [main/DEBUG] [mixin/]: Processing inject() for PlatformAgent[MixinPlatformAgentDefault:SecureJarResource(blueprint)]
[30Apr2025 23:13:04.258] [main/DEBUG] [mixin/]: Processing inject() for PlatformAgent[MixinPlatformAgentDefault:SecureJarResource(cloth_config)]
[30Apr2025 23:13:04.258] [main/DEBUG] [mixin/]: Processing inject() for PlatformAgent[MixinPlatformAgentDefault:SecureJarResource(forge)]
[30Apr2025 23:13:04.258] [main/DEBUG] [mixin/]: Processing inject() for PlatformAgent[MixinPlatformAgentDefault:SecureJarResource(twilightforest)]
[30Apr2025 23:13:04.258] [main/DEBUG] [mixin/]: Processing inject() for PlatformAgent[MixinPlatformAgentDefault:SecureJarResource(tectonic)]
[30Apr2025 23:13:04.258] [main/DEBUG] [mixin/]: Processing inject() for PlatformAgent[MixinPlatformAgentDefault:SecureJarResource(minecraft)]
[30Apr2025 23:13:04.258] [main/DEBUG] [mixin/]: Processing inject() for PlatformAgent[MixinPlatformAgentDefault:SecureJarResource(farmersdelight)]
[30Apr2025 23:13:04.258] [main/DEBUG] [mixin/]: Processing inject() for PlatformAgent[MixinPlatformAgentDefault:SecureJarResource(alexscaves)]
[30Apr2025 23:13:04.258] [main/DEBUG] [mixin/]: Processing inject() for PlatformAgent[MixinPlatformAgentDefault:SecureJarResource(voicechat)]
[30Apr2025 23:13:04.258] [main/DEBUG] [mixin/]: Processing inject() for PlatformAgent[MixinPlatformAgentDefault:SecureJarResource(bettercombat)]
[30Apr2025 23:13:04.258] [main/DEBUG] [mixin/]: Processing inject() for PlatformAgent[MixinPlatformAgentDefault:SecureJarResource(alekiships)]
[30Apr2025 23:13:04.258] [main/DEBUG] [mixin/]: Processing inject() for PlatformAgent[MixinPlatformAgentDefault:SecureJarResource(another_furniture)]
[30Apr2025 23:13:04.259] [main/DEBUG] [mixin/]: Processing inject() for PlatformAgent[MixinPlatformAgentDefault:SecureJarResource(chunky)]
[30Apr2025 23:13:04.259] [main/DEBUG] [mixin/]: Processing inject() for PlatformAgent[MixinPlatformAgentDefault:SecureJarResource(unusualend)]
[30Apr2025 23:13:04.259] [main/DEBUG] [mixin/]: Processing inject() for PlatformAgent[MixinPlatformAgentDefault:SecureJarResource(resourcefulconfig)]
[30Apr2025 23:13:04.259] [main/DEBUG] [mixin/]: Processing inject() for PlatformAgent[MixinPlatformAgentDefault:SecureJarResource(born_in_chaos_v1)]
[30Apr2025 23:13:04.259] [main/DEBUG] [mixin/]: Processing inject() for PlatformAgent[MixinPlatformAgentDefault:SecureJarResource(lionfishapi)]
[30Apr2025 23:13:04.259] [main/DEBUG] [mixin/]: Processing inject() for PlatformAgent[MixinPlatformAgentDefault:SecureJarResource(cataclysm)]
[30Apr2025 23:13:04.259] [main/DEBUG] [mixin/]: Processing inject() for PlatformAgent[MixinPlatformAgentDefault:SecureJarResource(curios)]
[30Apr2025 23:13:04.259] [main/DEBUG] [mixin/]: Processing inject() for PlatformAgent[MixinPlatformAgentDefault:SecureJarResource(advancednetherite)]
[30Apr2025 23:13:04.259] [main/DEBUG] [mixin/]: Processing inject() for PlatformAgent[MixinPlatformAgentDefault:SecureJarResource(irons_spellbooks)]
[30Apr2025 23:13:04.259] [main/DEBUG] [mixin/]: Processing inject() for PlatformAgent[MixinPlatformAgentDefault:SecureJarResource(unearthed_journey)]
[30Apr2025 23:13:04.259] [main/DEBUG] [mixin/]: Processing inject() for PlatformAgent[MixinPlatformAgentDefault:SecureJarResource(resourcefullib)]
[30Apr2025 23:13:04.259] [main/DEBUG] [mixin/]: Processing inject() for PlatformAgent[MixinPlatformAgentDefault:SecureJarResource(architectury)]
[30Apr2025 23:13:04.259] [main/DEBUG] [mixin/]: Processing inject() for PlatformAgent[MixinPlatformAgentDefault:SecureJarResource(mca)]
[30Apr2025 23:13:04.259] [main/DEBUG] [mixin/]: Processing inject() for PlatformAgent[MixinPlatformAgentDefault:SecureJarResource(doapi)]
[30Apr2025 23:13:04.259] [main/DEBUG] [mixin/]: Processing inject() for PlatformAgent[MixinPlatformAgentDefault:SecureJarResource(vinery)]
[30Apr2025 23:13:04.259] [main/DEBUG] [mixin/]: Processing inject() for PlatformAgent[MixinPlatformAgentDefault:SecureJarResource(brewery)]
[30Apr2025 23:13:04.259] [main/DEBUG] [mixin/]: Processing inject() for PlatformAgent[MixinPlatformAgentDefault:SecureJarResource(alexsdelight)]
[30Apr2025 23:13:04.259] [main/DEBUG] [mixin/]: Processing inject() for PlatformAgent[MixinPlatformAgentDefault:SecureJarResource(vampirism)]
[30Apr2025 23:13:04.259] [main/DEBUG] [mixin/]: Processing inject() for PlatformAgent[MixinPlatformAgentDefault:SecureJarResource(goblins_tyranny)]
[30Apr2025 23:13:04.259] [main/DEBUG] [mixin/]: Processing inject() for PlatformAgent[MixinPlatformAgentDefault:SecureJarResource(wan_ancient_beasts)]
[30Apr2025 23:13:04.259] [main/DEBUG] [mixin/]: Processing inject() for PlatformAgent[MixinPlatformAgentDefault:SecureJarResource(ad_astra)]
[30Apr2025 23:13:04.260] [main/DEBUG] [mixin/]: Processing inject() for PlatformAgent[MixinPlatformAgentDefault:SecureJarResource(mclib)]
[30Apr2025 23:13:04.260] [main/DEBUG] [mixin/]: Processing inject() for PlatformAgent[MixinPlatformAgentDefault:SecureJarResource(jlayer)]
[30Apr2025 23:13:04.260] [main/DEBUG] [mixin/]: Processing inject() for PlatformAgent[MixinPlatformAgentDefault:SecureJarResource(bytecodecs)]
[30Apr2025 23:13:04.260] [main/DEBUG] [mixin/]: Processing inject() for PlatformAgent[MixinPlatformAgentDefault:SecureJarResource(jankson)]
[30Apr2025 23:13:04.260] [main/DEBUG] [mixin/]: Processing inject() for PlatformAgent[MixinPlatformAgentDefault:SecureJarResource(yabn)]
[30Apr2025 23:13:04.260] [main/DEBUG] [mixin/]: Processing inject() for PlatformAgent[MixinPlatformAgentDefault:SecureJarResource(MixinExtras)]
[30Apr2025 23:13:04.260] [main/INFO] [cpw.mods.modlauncher.LaunchServiceHandler/MODLAUNCHER]: Launching target 'forgeserver' with arguments [nogui]
[30Apr2025 23:13:04.318] [main/DEBUG] [mixin/]: Error cleaning class output directory: .mixin.out
[30Apr2025 23:13:04.322] [main/DEBUG] [mixin/]: Preparing mixins for MixinEnvironment[DEFAULT]
[30Apr2025 23:13:04.323] [main/DEBUG] [mixin/]: Selecting config mowziesmobs.mixins.json
[30Apr2025 23:13:04.330] [main/DEBUG] [mixin/]: Selecting config alshanex_familiars.mixins.json
[30Apr2025 23:13:04.332] [main/DEBUG] [mixin/]: Selecting config mixins.netherexp.json
[30Apr2025 23:13:04.346] [main/DEBUG] [mixin/]: Selecting config geckolib.mixins.json
[30Apr2025 23:13:04.348] [main/DEBUG] [mixin/]: Selecting config playerAnimator-common.mixins.json
[30Apr2025 23:13:04.353] [main/DEBUG] [mixin/]: Selecting config mixins.elysium_api.json
[30Apr2025 23:13:04.355] [main/DEBUG] [mixin/]: Selecting config caelus.mixins.json
[30Apr2025 23:13:04.359] [main/DEBUG] [mixin/]: Selecting config citadel.mixins.json
[30Apr2025 23:13:04.362] [main/DEBUG] [mixin/]: Selecting config mixinextras.init.mixins.json
[30Apr2025 23:13:04.405] [main/DEBUG] [MixinExtras|Service/]: com.llamalad7.mixinextras.service.MixinExtrasServiceImpl(version=0.4.1) is taking over from null
[30Apr2025 23:13:04.506] [main/DEBUG] [mixin/]: Registering new injector for @Inject with org.spongepowered.asm.mixin.injection.struct.CallbackInjectionInfo
[30Apr2025 23:13:04.508] [main/DEBUG] [mixin/]: Registering new injector for @ModifyArg with org.spongepowered.asm.mixin.injection.struct.ModifyArgInjectionInfo
[30Apr2025 23:13:04.509] [main/DEBUG] [mixin/]: Registering new injector for @ModifyArgs with org.spongepowered.asm.mixin.injection.struct.ModifyArgsInjectionInfo
[30Apr2025 23:13:04.511] [main/DEBUG] [mixin/]: Registering new injector for @Redirect with org.spongepowered.asm.mixin.injection.struct.RedirectInjectionInfo
[30Apr2025 23:13:04.512] [main/DEBUG] [mixin/]: Registering new injector for @ModifyVariable with org.spongepowered.asm.mixin.injection.struct.ModifyVariableInjectionInfo
[30Apr2025 23:13:04.513] [main/DEBUG] [mixin/]: Registering new injector for @ModifyConstant with org.spongepowered.asm.mixin.injection.struct.ModifyConstantInjectionInfo
[30Apr2025 23:13:04.531] [main/DEBUG] [mixin/]: Selecting config blueprint.mixins.json
[30Apr2025 23:13:04.535] [main/DEBUG] [mixin/]: Selecting config tectonic.mixins.json
[30Apr2025 23:13:04.536] [main/DEBUG] [mixin/]: Selecting config farmersdelight.mixins.json
[30Apr2025 23:13:04.538] [main/DEBUG] [mixin/]: Selecting config alexscaves.mixins.json
[30Apr2025 23:13:04.542] [main/DEBUG] [mixin/]: Selecting config bettercombat.mixins.json
[30Apr2025 23:13:04.549] [main/DEBUG] [mixin/]: Selecting config alekiships.mixins.json
[30Apr2025 23:13:04.553] [main/DEBUG] [mixin/]: Selecting config another_furniture-common.mixins.json
[30Apr2025 23:13:04.554] [main/DEBUG] [mixin/]: Selecting config another_furniture.mixins.json
[30Apr2025 23:13:04.561] [main/DEBUG] [mixin/]: Selecting config mixins.unusualend.json
[30Apr2025 23:13:04.563] [main/DEBUG] [mixin/]: Selecting config lionfishapi.mixins.json
[30Apr2025 23:13:04.564] [main/DEBUG] [mixin/]: Selecting config cataclysm.mixins.json
[30Apr2025 23:13:04.568] [main/DEBUG] [mixin/]: Selecting config curios.mixins.json
[30Apr2025 23:13:04.570] [main/DEBUG] [mixin/]: Selecting config mixins.irons_spellbooks.json
[30Apr2025 23:13:04.571] [main/DEBUG] [mixin/]: Selecting config architectury.mixins.json
[30Apr2025 23:13:04.575] [main/DEBUG] [mixin/]: Selecting config architectury-common.mixins.json
[30Apr2025 23:13:04.576] [main/DEBUG] [mixin/]: Selecting config forge-mca.mixin.json
[30Apr2025 23:13:04.578] [main/DEBUG] [mixin/]: Selecting config doapi-common.mixins.json
[30Apr2025 23:13:04.580] [main/DEBUG] [mixin/]: Selecting config doapi.mixins.json
[30Apr2025 23:13:04.581] [main/DEBUG] [mixin/]: Selecting config vinery-common.mixins.json
[30Apr2025 23:13:04.583] [main/DEBUG] [mixin/]: Selecting config vinery.mixins.json
[30Apr2025 23:13:04.585] [main/DEBUG] [mixin/]: Selecting config brewery-common.mixins.json
[30Apr2025 23:13:04.587] [main/DEBUG] [mixin/]: Selecting config brewery.mixins.json
[30Apr2025 23:13:04.591] [main/DEBUG] [mixin/]: Selecting config vampirism.mixins.json
[30Apr2025 23:13:04.594] [main/DEBUG] [mixin/]: Selecting config wan_ancient_beasts.mixins.json
[30Apr2025 23:13:04.595] [main/DEBUG] [mixin/]: Selecting config adastra-common.mixins.json
[30Apr2025 23:13:04.597] [main/DEBUG] [mixin/]: Selecting config adastra.mixins.json
[30Apr2025 23:13:04.599] [main/DEBUG] [mixin/]: Preparing mowziesmobs.mixins.json (1)
[30Apr2025 23:13:04.681] [main/DEBUG] [mixin/]: Preparing alshanex_familiars.mixins.json (5)
[30Apr2025 23:13:04.747] [main/DEBUG] [mixin/]: Preparing mixins.netherexp.json (36)
[30Apr2025 23:13:04.975] [main/DEBUG] [net.minecraftforge.coremod.transformer.CoreModBaseTransformer/COREMOD]: Transforming net/minecraft/world/entity/monster/Strider
[30Apr2025 23:13:05.318] [main/DEBUG] [net.minecraftforge.coremod.transformer.CoreModBaseTransformer/COREMOD]: Transforming net/minecraft/world/item/BucketItem
[30Apr2025 23:13:05.337] [main/DEBUG] [net.minecraftforge.coremod.transformer.CoreModBaseTransformer/COREMOD]: Transforming m_41435_ with desc (Lnet/minecraft/world/level/Level;Lnet/minecraft/world/entity/player/Player;Lnet/minecraft/world/level/ClipContext$Fluid;)Lnet/minecraft/world/phys/BlockHitResult;
[30Apr2025 23:13:05.363] [main/DEBUG] [net.minecraftforge.coremod.transformer.CoreModBaseTransformer/COREMOD]: Transforming net/minecraft/world/item/ItemStack
[30Apr2025 23:13:05.393] [main/DEBUG] [mixin/]: Preparing geckolib.mixins.json (1)
[30Apr2025 23:13:05.393] [main/DEBUG] [mixin/]: Preparing playerAnimator-common.mixins.json (14)
[30Apr2025 23:13:05.393] [main/DEBUG] [mixin/]: Preparing mixins.elysium_api.json (11)
[30Apr2025 23:13:05.443] [main/DEBUG] [mixin/]: Preparing caelus.mixins.json (4)
[30Apr2025 23:13:05.444] [main/DEBUG] [mixin/]: Preparing citadel.mixins.json (15)
[30Apr2025 23:13:05.467] [main/DEBUG] [net.minecraftforge.coremod.transformer.CoreModBaseTransformer/COREMOD]: Transforming m_46758_ with desc (Lnet/minecraft/core/BlockPos;)Z
[30Apr2025 23:13:05.579] [main/DEBUG] [mixin/]: Preparing mixinextras.init.mixins.json (0)
[30Apr2025 23:13:05.579] [main/DEBUG] [mixin/]: Preparing blueprint.mixins.json (34)
[30Apr2025 23:13:05.717] [main/DEBUG] [net.minecraftforge.coremod.transformer.CoreModBaseTransformer/COREMOD]: Transforming m_8543_ with desc ()V
[30Apr2025 23:13:05.746] [main/DEBUG] [net.minecraftforge.coremod.transformer.CoreModBaseTransformer/COREMOD]: Transforming m_226857_ with desc (Lnet/minecraft/world/level/levelgen/structure/pieces/StructurePieceSerializationContext;Lnet/minecraft/nbt/CompoundTag;J)Lnet/minecraft/world/level/levelgen/structure/StructureStart;
[30Apr2025 23:13:05.765] [main/DEBUG] [net.minecraftforge.coremod.transformer.CoreModBaseTransformer/COREMOD]: Transforming net/minecraft/world/level/levelgen/structure/templatesystem/StructureTemplate
[30Apr2025 23:13:06.004] [main/DEBUG] [mixin/]: Preparing tectonic.mixins.json (4)
[30Apr2025 23:13:06.009] [main/DEBUG] [net.minecraftforge.coremod.transformer.CoreModBaseTransformer/COREMOD]: Transforming net/minecraft/world/level/biome/Biome
[30Apr2025 23:13:06.033] [main/DEBUG] [mixin/]: Preparing farmersdelight.mixins.json (9)
[30Apr2025 23:13:06.059] [main/DEBUG] [mixin/]: Preparing alexscaves.mixins.json (52)
[30Apr2025 23:13:06.193] [main/DEBUG] [net.minecraftforge.coremod.transformer.CoreModBaseTransformer/COREMOD]: Transforming net/minecraft/world/level/NaturalSpawner
[30Apr2025 23:13:06.290] [main/DEBUG] [net.minecraftforge.coremod.transformer.CoreModBaseTransformer/COREMOD]: Transforming net/minecraft/world/level/levelgen/structure/structures/SwampHutPiece
[30Apr2025 23:13:06.316] [main/DEBUG] [mixin/]: Preparing bettercombat.mixins.json (17)
[30Apr2025 23:13:06.361] [main/DEBUG] [mixin/]: Preparing alekiships.mixins.json (10)
[30Apr2025 23:13:06.370] [main/DEBUG] [mixin/]: Preparing another_furniture-common.mixins.json (1)
[30Apr2025 23:13:06.371] [main/DEBUG] [mixin/]: Preparing another_furniture.mixins.json (5)
[30Apr2025 23:13:06.381] [main/DEBUG] [mixin/]: Preparing mixins.unusualend.json (3)
[30Apr2025 23:13:06.392] [main/DEBUG] [net.minecraftforge.coremod.transformer.CoreModBaseTransformer/COREMOD]: Transforming net/minecraft/world/level/levelgen/structure/Structure
[30Apr2025 23:13:06.397] [main/DEBUG] [mixin/]: Preparing lionfishapi.mixins.json (2)
[30Apr2025 23:13:06.398] [main/DEBUG] [mixin/]: Preparing cataclysm.mixins.json (21)
[30Apr2025 23:13:06.442] [main/DEBUG] [mixin/]: Preparing curios.mixins.json (13)
[30Apr2025 23:13:06.470] [main/DEBUG] [mixin/]: Preparing mixins.irons_spellbooks.json (20)
[30Apr2025 23:13:06.483] [main/DEBUG] [mixin/]: Preparing architectury.mixins.json (9)
[30Apr2025 23:13:06.490] [main/DEBUG] [mixin/]: Preparing architectury-common.mixins.json (10)
[30Apr2025 23:13:06.495] [main/DEBUG] [net.minecraftforge.coremod.transformer.CoreModBaseTransformer/COREMOD]: Transforming net/minecraft/world/entity/EntityType
[30Apr2025 23:13:06.582] [main/DEBUG] [net.minecraftforge.coremod.transformer.CoreModBaseTransformer/COREMOD]: Transforming net/minecraft/world/level/block/LiquidBlock
[30Apr2025 23:13:06.589] [main/DEBUG] [mixin/]: Preparing forge-mca.mixin.json (31)
[30Apr2025 23:13:06.627] [main/DEBUG] [net.minecraftforge.coremod.transformer.CoreModBaseTransformer/COREMOD]: Transforming net/minecraft/world/entity/npc/Villager
[30Apr2025 23:13:06.827] [main/DEBUG] [net.minecraftforge.coremod.transformer.CoreModBaseTransformer/COREMOD]: Transforming net/minecraft/world/entity/monster/Zombie
[30Apr2025 23:13:06.948] [main/DEBUG] [net.minecraftforge.coremod.transformer.CoreModBaseTransformer/COREMOD]: Transforming net/minecraft/world/entity/monster/ZombieVillager
[30Apr2025 23:13:07.011] [main/DEBUG] [mixin/]: Preparing doapi-common.mixins.json (4)
[30Apr2025 23:13:07.018] [main/DEBUG] [mixin/]: Preparing doapi.mixins.json (9)
[30Apr2025 23:13:07.026] [main/DEBUG] [mixin/]: Preparing vinery-common.mixins.json (10)
[30Apr2025 23:13:07.041] [main/DEBUG] [mixin/]: Preparing vinery.mixins.json (4)
[30Apr2025 23:13:07.044] [main/DEBUG] [mixin/]: Preparing brewery-common.mixins.json (10)
[30Apr2025 23:13:07.050] [main/DEBUG] [mixin/]: Preparing brewery.mixins.json (0)
[30Apr2025 23:13:07.050] [main/DEBUG] [mixin/]: Preparing vampirism.mixins.json (52)
[30Apr2025 23:13:07.091] [main/DEBUG] [net.minecraftforge.coremod.transformer.CoreModBaseTransformer/COREMOD]: Transforming net/minecraft/world/effect/MobEffectInstance
[30Apr2025 23:13:07.142] [main/DEBUG] [mixin/]: Preparing wan_ancient_beasts.mixins.json (3)
[30Apr2025 23:13:07.145] [main/DEBUG] [mixin/]: Preparing adastra-common.mixins.json (39)
[30Apr2025 23:13:07.196] [main/DEBUG] [mixin/]: Preparing adastra.mixins.json (5)
[30Apr2025 23:13:07.543] [main/DEBUG] [mixin/]: Inner class net/satisfy/vinery/forge/mixin/BootsItemMixin$1 in net/satisfy/vinery/forge/mixin/BootsItemMixin on net/satisfy/vinery/core/item/WinemakerBootsItem gets unique name net/satisfy/vinery/core/item/WinemakerBootsItem$Anonymous$4050e8079e584608b4939e9280ce925d
[30Apr2025 23:13:07.549] [main/DEBUG] [mixin/]: Inner class net/satisfy/vinery/forge/mixin/ChestplateItemMixin$1 in net/satisfy/vinery/forge/mixin/ChestplateItemMixin on net/satisfy/vinery/core/item/WinemakerChestItem gets unique name net/satisfy/vinery/core/item/WinemakerChestItem$Anonymous$32375482bd8d4d14b13e5e318d335f2a
[30Apr2025 23:13:07.549] [main/DEBUG] [mixin/]: Inner class net/satisfy/vinery/forge/mixin/HelmetItemMixin$1 in net/satisfy/vinery/forge/mixin/HelmetItemMixin on net/satisfy/vinery/core/item/WinemakerHelmetItem gets unique name net/satisfy/vinery/core/item/WinemakerHelmetItem$Anonymous$3859b2303ba44adb9de9a9dd623a746e
[30Apr2025 23:13:07.553] [main/DEBUG] [mixin/]: Inner class net/satisfy/vinery/forge/mixin/LeggingsItemMixin$1 in net/satisfy/vinery/forge/mixin/LeggingsItemMixin on net/satisfy/vinery/core/item/WinemakerLegsItem gets unique name net/satisfy/vinery/core/item/WinemakerLegsItem$Anonymous$92cdded54e8c454ab25cdba1d9ece19c
[30Apr2025 23:13:07.602] [main/DEBUG] [mixin/]: Inner class earth/terrarium/adastra/mixins/forge/common/CustomDyeableArmorItemMixin$1 in earth/terrarium/adastra/mixins/forge/common/CustomDyeableArmorItemMixin on earth/terrarium/adastra/common/items/armor/base/CustomDyeableArmorItem gets unique name earth/terrarium/adastra/common/items/armor/base/CustomDyeableArmorItem$Anonymous$49beacf3f17e47c5b56fccae4cc52a1f
[30Apr2025 23:13:07.604] [main/DEBUG] [mixin/]: Inner class earth/terrarium/adastra/mixins/forge/common/RenderedItemMixin$1 in earth/terrarium/adastra/mixins/forge/common/RenderedItemMixin on earth/terrarium/adastra/common/items/rendered/RenderedItem gets unique name earth/terrarium/adastra/common/items/rendered/RenderedItem$Anonymous$182572c49edf462ba6a7a1cea61c29d5
[30Apr2025 23:13:07.604] [main/DEBUG] [mixin/]: Inner class earth/terrarium/adastra/mixins/forge/common/RenderedItemMixin$1 in earth/terrarium/adastra/mixins/forge/common/RenderedItemMixin on earth/terrarium/adastra/common/items/rendered/RenderedBlockItem gets unique name earth/terrarium/adastra/common/items/rendered/RenderedBlockItem$Anonymous$32caf1f224d44f8d821b173167d99f27
[30Apr2025 23:13:07.605] [main/DEBUG] [mixin/]: Inner class earth/terrarium/adastra/mixins/forge/common/RenderedItemMixin$1 in earth/terrarium/adastra/mixins/forge/common/RenderedItemMixin on earth/terrarium/adastra/common/items/rendered/TooltipRenderedBlockItem gets unique name earth/terrarium/adastra/common/items/rendered/TooltipRenderedBlockItem$Anonymous$3d96a7ad96a64f158479cd2bab3fd541
[30Apr2025 23:13:07.608] [main/DEBUG] [mixin/]: Prepared 315 mixins in 3.284 sec (10.4ms avg) (0ms load, 0ms transform, 0ms plugin)
[30Apr2025 23:13:07.621] [main/INFO] [MixinExtras|Service/]: Initializing MixinExtras via com.llamalad7.mixinextras.service.MixinExtrasServiceImpl(version=0.4.1).
[30Apr2025 23:13:07.622] [main/DEBUG] [mixin/]: Registering new injector for @SugarWrapper with com.llamalad7.mixinextras.sugar.impl.SugarWrapperInjectionInfo
[30Apr2025 23:13:07.622] [main/DEBUG] [mixin/]: Registering new injector for @FactoryRedirectWrapper with com.llamalad7.mixinextras.wrapper.factory.FactoryRedirectWrapperInjectionInfo
[30Apr2025 23:13:07.627] [main/DEBUG] [mixin/]: Mixing MinecraftServerMixin from citadel.mixins.json into net.minecraft.server.MinecraftServer
[30Apr2025 23:13:07.639] [main/DEBUG] [mixin/]: Mixing MinecraftServerMixin from blueprint.mixins.json into net.minecraft.server.MinecraftServer
[30Apr2025 23:13:07.740] [main/DEBUG] [mixin/]: Mixing GameTestServerMixin from blueprint.mixins.json into net.minecraft.gametest.framework.GameTestServer
[30Apr2025 23:13:07.754] [main/DEBUG] [mixin/]: Mixing DedicatedServerMixin from blueprint.mixins.json into net.minecraft.server.dedicated.DedicatedServer
[30Apr2025 23:13:07.777] [main/DEBUG] [io.netty.util.internal.logging.InternalLoggerFactory/]: Using SLF4J as the default logging framework
[30Apr2025 23:13:07.780] [main/DEBUG] [io.netty.util.ResourceLeakDetector/]: -Dio.netty.leakDetection.level: simple
[30Apr2025 23:13:07.781] [main/DEBUG] [io.netty.util.ResourceLeakDetector/]: -Dio.netty.leakDetection.targetRecords: 4
[30Apr2025 23:13:07.791] [main/DEBUG] [mixin/]: Mixing MixinTranslatableText from forge-mca.mixin.json into net.minecraft.network.chat.contents.TranslatableContents
[30Apr2025 23:13:08.094] [main/DEBUG] [mixin/]: Mixing DataFixerMixin from doapi-common.mixins.json into net.minecraft.resources.ResourceLocation
[30Apr2025 23:13:08.254] [main/DEBUG] [oshi.util.FileUtil/]: No oshi.properties file found from ClassLoader cpw.mods.modlauncher.TransformingClassLoader@1903b5d
[30Apr2025 23:13:08.254] [main/DEBUG] [oshi.util.FileUtil/]: No oshi.properties file found from ClassLoader jdk.internal.loader.ClassLoaders$AppClassLoader@76ed5528
[30Apr2025 23:13:08.412] [main/DEBUG] [oshi.util.FileUtil/]: Reading file /proc/self/auxv
[30Apr2025 23:13:08.412] [main/DEBUG] [oshi.util.FileUtil/]: Reading file /proc/self/auxv
[30Apr2025 23:13:08.417] [main/DEBUG] [oshi.util.FileUtil/]: Reading file /proc/stat
[30Apr2025 23:13:08.422] [main/DEBUG] [oshi.util.FileUtil/]: Reading file /sys/devices/system/cpu/cpu0/topology/core_id
[30Apr2025 23:13:08.422] [main/DEBUG] [oshi.util.FileUtil/]: Reading file /sys/devices/system/cpu/cpu0/topology/core_id
[30Apr2025 23:13:08.422] [main/DEBUG] [oshi.util.FileUtil/]: Reading file /sys/devices/system/cpu/cpu0/topology/physical_package_id
[30Apr2025 23:13:08.423] [main/DEBUG] [oshi.util.FileUtil/]: Reading file /sys/devices/system/cpu/cpu0/topology/physical_package_id
[30Apr2025 23:13:08.423] [main/DEBUG] [oshi.util.FileUtil/]: Reading file /sys/devices/system/cpu/cpu0/cpu_capacity
[30Apr2025 23:13:08.424] [main/DEBUG] [oshi.util.FileUtil/]: Reading file /sys/devices/system/cpu/cpu1/topology/core_id
[30Apr2025 23:13:08.424] [main/DEBUG] [oshi.util.FileUtil/]: Reading file /sys/devices/system/cpu/cpu1/topology/core_id
[30Apr2025 23:13:08.425] [main/DEBUG] [oshi.util.FileUtil/]: Reading file /sys/devices/system/cpu/cpu1/topology/physical_package_id
[30Apr2025 23:13:08.425] [main/DEBUG] [oshi.util.FileUtil/]: Reading file /sys/devices/system/cpu/cpu1/topology/physical_package_id
[30Apr2025 23:13:08.425] [main/DEBUG] [oshi.util.FileUtil/]: Reading file /sys/devices/system/cpu/cpu1/cpu_capacity
[30Apr2025 23:13:08.425] [main/DEBUG] [oshi.util.FileUtil/]: Reading file /sys/devices/system/cpu/cpu2/topology/core_id
[30Apr2025 23:13:08.426] [main/DEBUG] [oshi.util.FileUtil/]: Reading file /sys/devices/system/cpu/cpu2/topology/core_id
[30Apr2025 23:13:08.426] [main/DEBUG] [oshi.util.FileUtil/]: Reading file /sys/devices/system/cpu/cpu2/topology/physical_package_id
[30Apr2025 23:13:08.426] [main/DEBUG] [oshi.util.FileUtil/]: Reading file /sys/devices/system/cpu/cpu2/topology/physical_package_id
[30Apr2025 23:13:08.426] [main/DEBUG] [oshi.util.FileUtil/]: Reading file /sys/devices/system/cpu/cpu2/cpu_capacity
[30Apr2025 23:13:08.426] [main/DEBUG] [oshi.util.FileUtil/]: Reading file /sys/devices/system/cpu/cpu3/topology/core_id
[30Apr2025 23:13:08.426] [main/DEBUG] [oshi.util.FileUtil/]: Reading file /sys/devices/system/cpu/cpu3/topology/core_id
[30Apr2025 23:13:08.426] [main/DEBUG] [oshi.util.FileUtil/]: Reading file /sys/devices/system/cpu/cpu3/topology/physical_package_id
[30Apr2025 23:13:08.426] [main/DEBUG] [oshi.util.FileUtil/]: Reading file /sys/devices/system/cpu/cpu3/topology/physical_package_id
[30Apr2025 23:13:08.426] [main/DEBUG] [oshi.util.FileUtil/]: Reading file /sys/devices/system/cpu/cpu3/cpu_capacity
[30Apr2025 23:13:08.432] [main/DEBUG] [oshi.util.FileUtil/]: Reading file /proc/cpuinfo
[30Apr2025 23:13:08.447] [main/DEBUG] [oshi.util.FileUtil/]: Reading file /proc/self/auxv
[30Apr2025 23:13:08.451] [main/DEBUG] [oshi.util.FileUtil/]: No oshi.architecture.properties file found from ClassLoader cpw.mods.modlauncher.TransformingClassLoader@1903b5d
[30Apr2025 23:13:08.452] [main/DEBUG] [oshi.util.FileUtil/]: No oshi.architecture.properties file found from ClassLoader jdk.internal.loader.ClassLoaders$AppClassLoader@76ed5528
[30Apr2025 23:13:08.471] [main/DEBUG] [oshi.util.FileUtil/]: Reading file /proc/meminfo
[30Apr2025 23:13:08.472] [main/DEBUG] [oshi.util.FileUtil/]: Reading file /proc/meminfo
[30Apr2025 23:13:08.587] [main/DEBUG] [mixin/]: Mixing inject.MixinGameEvent from architectury-common.mixins.json into net.minecraft.world.level.gameevent.GameEvent
[30Apr2025 23:13:08.629] [main/DEBUG] [mixin/]: Mixing BlockMixin from another_furniture-common.mixins.json into net.minecraft.world.level.block.Block
[30Apr2025 23:13:08.636] [main/DEBUG] [mixin/]: Mixing inject.MixinBlock from architectury-common.mixins.json into net.minecraft.world.level.block.Block
[30Apr2025 23:13:08.637] [main/DEBUG] [mixin/]: Mixing BlockMixin from vinery-common.mixins.json into net.minecraft.world.level.block.Block
[30Apr2025 23:13:08.638] [main/DEBUG] [mixin/]: Mixing block.BlockMixin from mixins.elysium_api.json into net.minecraft.world.level.block.Block
[30Apr2025 23:13:08.638] [main/DEBUG] [mixin/]: Renaming synthetic method lambda$elysium$soundTransformer$0(Lnet/minecraft/world/level/block/state/BlockState;Lnet/jadenxgamer/elysium_api/impl/sound_transformer/SoundTransformer;)Z to mda53580$lambda$elysium$soundTransformer$0$0 in mixins.elysium_api.json:block.BlockMixin
[30Apr2025 23:13:08.720] [main/DEBUG] [mixin/]: Mixing EntityMixin from blueprint.mixins.json into net.minecraft.world.entity.Entity
[30Apr2025 23:13:08.724] [main/DEBUG] [mixin/]: Renaming synthetic method lambda$read$1(Lnet/minecraft/nbt/Tag;)V to mda53580$lambda$read$1$0 in blueprint.mixins.json:EntityMixin
[30Apr2025 23:13:08.724] [main/DEBUG] [mixin/]: Renaming synthetic method lambda$writeTrackedData$0(Lnet/minecraft/nbt/ListTag;Lcom/teamabnormals/blueprint/common/world/storage/tracking/TrackedData;Lcom/teamabnormals/blueprint/common/world/storage/tracking/IDataManager$DataEntry;)V to mda53580$lambda$writeTrackedData$0$1 in blueprint.mixins.json:EntityMixin
[30Apr2025 23:13:08.768] [main/DEBUG] [mixin/]: Mixing EntityMixin from alexscaves.mixins.json into net.minecraft.world.entity.Entity
[30Apr2025 23:13:08.906] [main/DEBUG] [mixin/]: Mixing EntityMixin from lionfishapi.mixins.json into net.minecraft.world.entity.Entity
[30Apr2025 23:13:08.927] [main/DEBUG] [mixin/]: Mixing AccessorEntity from curios.mixins.json into net.minecraft.world.entity.Entity
[30Apr2025 23:13:08.934] [main/DEBUG] [mixin/]: Mixing EntityMixin from mixins.irons_spellbooks.json into net.minecraft.world.entity.Entity
[30Apr2025 23:13:08.951] [main/DEBUG] [mixin/]: Mixing AlcoholPlayerMixin from brewery-common.mixins.json into net.minecraft.world.entity.Entity
[30Apr2025 23:13:08.959] [main/DEBUG] [mixin/]: Mixing MixinEntity from vampirism.mixins.json into net.minecraft.world.entity.Entity
[30Apr2025 23:13:08.968] [main/DEBUG] [mixin/]: Mixing common.EntityBelowWorldMixin from adastra-common.mixins.json into net.minecraft.world.entity.Entity
[30Apr2025 23:13:08.968] [main/DEBUG] [mixin/]: Renaming synthetic method lambda$adastra$onBelowWorld$0(Lnet/minecraft/server/level/ServerLevel;Lnet/minecraft/world/entity/Entity;Lorg/spongepowered/asm/mixin/injection/callback/CallbackInfo;Lnet/minecraft/resources/ResourceKey;)V to mda53580$lambda$adastra$onBelowWorld$0$2 in adastra-common.mixins.json:common.EntityBelowWorldMixin
[30Apr2025 23:13:09.172] [main/DEBUG] [mixin/]: Mixing entity.LivingEntityMixin from mixins.netherexp.json into net.minecraft.world.entity.LivingEntity
[30Apr2025 23:13:09.240] [main/DEBUG] [mixin/]: Mixing entity.LivingEntityMixin from mixins.elysium_api.json into net.minecraft.world.entity.LivingEntity
[30Apr2025 23:13:09.244] [main/DEBUG] [mixin/]: Mixing MixinLivingEntity from caelus.mixins.json into net.minecraft.world.entity.LivingEntity
[30Apr2025 23:13:09.250] [main/DEBUG] [mixin/]: Mixing LivingEntityMixin from citadel.mixins.json into net.minecraft.world.entity.LivingEntity
[30Apr2025 23:13:09.254] [main/DEBUG] [mixin/]: Mixing LivingEntityMixin from alexscaves.mixins.json into net.minecraft.world.entity.LivingEntity
[30Apr2025 23:13:09.272] [main/DEBUG] [mixin/]: Mixing LivingEntityAccessor from bettercombat.mixins.json into net.minecraft.world.entity.LivingEntity
[30Apr2025 23:13:09.273] [main/DEBUG] [mixin/]: Mixing LivingEntityMixin from bettercombat.mixins.json into net.minecraft.world.entity.LivingEntity
[30Apr2025 23:13:09.275] [main/DEBUG] [mixin/]: Renaming synthetic method lambda$getAttributeValue_Inject$0(Lnet/minecraft/world/entity/player/Player;Lnet/minecraft/world/entity/ai/attributes/Attribute;Lorg/spongepowered/asm/mixin/injection/callback/CallbackInfoReturnable;)V to mda53580$lambda$getAttributeValue_Inject$0$0 in bettercombat.mixins.json:LivingEntityMixin
[30Apr2025 23:13:09.288] [main/DEBUG] [mixin/]: Mixing minecraft.LivingEntityMixin from alekiships.mixins.json into net.minecraft.world.entity.LivingEntity
[30Apr2025 23:13:09.289] [main/DEBUG] [mixin/]: Renaming synthetic method lambda$injectOnClimbableWhileClimbingMasts$0(Lnet/minecraft/world/entity/Entity;)Z to mda53580$lambda$injectOnClimbableWhileClimbingMasts$0$1 in alekiships.mixins.json:minecraft.LivingEntityMixin
[30Apr2025 23:13:09.295] [main/DEBUG] [mixin/]: Mixing LivingEntityMixin from cataclysm.mixins.json into net.minecraft.world.entity.LivingEntity
[30Apr2025 23:13:09.298] [main/DEBUG] [mixin/]: Mixing MixinLivingEntity from curios.mixins.json into net.minecraft.world.entity.LivingEntity
[30Apr2025 23:13:09.301] [main/DEBUG] [mixin/]: Mixing LivingEntityMixin from mixins.irons_spellbooks.json into net.minecraft.world.entity.LivingEntity
[30Apr2025 23:13:09.301] [main/DEBUG] [mixin/]: Renaming synthetic method lambda$static$1(Lnet/minecraft/world/entity/ai/attributes/Attribute;)Z to mda53580$lambda$static$1$2 in mixins.irons_spellbooks.json:LivingEntityMixin
[30Apr2025 23:13:09.302] [main/DEBUG] [mixin/]: Renaming synthetic method lambda$static$0(Lnet/minecraft/world/entity/ai/attributes/Attribute;)Z to mda53580$lambda$static$0$3 in mixins.irons_spellbooks.json:LivingEntityMixin
[30Apr2025 23:13:09.325] [main/DEBUG] [mixin/]: Mixing LivingEntityMixin from vinery-common.mixins.json into net.minecraft.world.entity.LivingEntity
[30Apr2025 23:13:09.338] [main/DEBUG] [mixin/]: Mixing LivingEntityAccessor from vampirism.mixins.json into net.minecraft.world.entity.LivingEntity
[30Apr2025 23:13:09.338] [main/DEBUG] [mixin/]: Mixing MixinLivingEntity from vampirism.mixins.json into net.minecraft.world.entity.LivingEntity
[30Apr2025 23:13:09.346] [main/DEBUG] [mixin/]: Mixing common.EntityBelowWorldMixin from adastra-common.mixins.json into net.minecraft.world.entity.LivingEntity
[30Apr2025 23:13:09.352] [main/DEBUG] [mixin/]: Mixing common.LivingEntityAccessor from adastra-common.mixins.json into net.minecraft.world.entity.LivingEntity
[30Apr2025 23:13:09.352] [main/DEBUG] [mixin/]: Mixing common.LivingEntityMixin from adastra-common.mixins.json into net.minecraft.world.entity.LivingEntity
[30Apr2025 23:13:09.405] [main/DEBUG] [mixin/]: Mixing common.radio.LivingEntityMixin from adastra-common.mixins.json into net.minecraft.world.entity.LivingEntity
[30Apr2025 23:13:09.643] [main/DEBUG] [net.minecraftforge.coremod.transformer.CoreModBaseTransformer/COREMOD]: Transforming m_46758_ with desc (Lnet/minecraft/core/BlockPos;)Z
[30Apr2025 23:13:09.647] [main/DEBUG] [mixin/]: Mixing LevelMixin from citadel.mixins.json into net.minecraft.world.level.Level
[30Apr2025 23:13:09.652] [main/DEBUG] [mixin/]: Mixing common.multipart.LevelMixin from adastra.mixins.json into net.minecraft.world.level.Level
[30Apr2025 23:13:09.708] [main/DEBUG] [mixin/]: Mixing ServerLevelMixin from citadel.mixins.json into net.minecraft.server.level.ServerLevel
[30Apr2025 23:13:09.710] [main/DEBUG] [mixin/]: Mixing ServerLevelMixin from blueprint.mixins.json into net.minecraft.server.level.ServerLevel
[30Apr2025 23:13:09.714] [main/DEBUG] [mixin/]: Mixing MixinServerWorld from forge-mca.mixin.json into net.minecraft.server.level.ServerLevel
[30Apr2025 23:13:09.719] [main/DEBUG] [mixin/]: Mixing common.ServerLevelMixin from adastra-common.mixins.json into net.minecraft.server.level.ServerLevel
[30Apr2025 23:13:09.719] [main/DEBUG] [mixin/]: Renaming synthetic method lambda$adastra$tick$0(JLnet/minecraft/server/level/ServerLevel;)V to mda53580$lambda$adastra$tick$0$0 in adastra-common.mixins.json:common.ServerLevelMixin
[30Apr2025 23:13:09.732] [main/DEBUG] [mixin/]: Mixing common.multipart.ServerLevelMixin from adastra-common.mixins.json into net.minecraft.server.level.ServerLevel
[30Apr2025 23:13:09.781] [main/DEBUG] [mixin/]: Mixing ItemMixin from cataclysm.mixins.json into net.minecraft.world.entity.item.ItemEntity
[30Apr2025 23:13:09.786] [main/DEBUG] [mixin/]: Mixing common.gravity.GravityEntityMixin from adastra-common.mixins.json into net.minecraft.world.entity.item.ItemEntity
[30Apr2025 23:13:09.800] [main/DEBUG] [mixin/]: Mixing entity.PlayerMixin from mixins.netherexp.json into net.minecraft.world.entity.player.Player
[30Apr2025 23:13:09.803] [main/DEBUG] [mixin/]: Mixing PlayerMixin from alexscaves.mixins.json into net.minecraft.world.entity.player.Player
[30Apr2025 23:13:09.812] [main/DEBUG] [mixin/]: Mixing PlayerEntityAccessor from bettercombat.mixins.json into net.minecraft.world.entity.player.Player
[30Apr2025 23:13:09.812] [main/DEBUG] [mixin/]: Mixing PlayerEntityMixin from bettercombat.mixins.json into net.minecraft.world.entity.player.Player
[30Apr2025 23:13:09.839] [main/DEBUG] [mixin/]: Mixing minecraft.PlayerMixin from alekiships.mixins.json into net.minecraft.world.entity.player.Player
[30Apr2025 23:13:09.842] [main/DEBUG] [mixin/]: Mixing PlayerMixin from mixins.irons_spellbooks.json into net.minecraft.world.entity.player.Player
[30Apr2025 23:13:09.844] [main/DEBUG] [mixin/]: Mixing MixinPlayerEntity from forge-mca.mixin.json into net.minecraft.world.entity.player.Player
[30Apr2025 23:13:09.848] [main/DEBUG] [mixin/]: Mixing PlayerMixin from brewery-common.mixins.json into net.minecraft.world.entity.player.Player
[30Apr2025 23:13:09.854] [main/DEBUG] [mixin/]: Mixing MixinPlayerEntity from vampirism.mixins.json into net.minecraft.world.entity.player.Player
[30Apr2025 23:13:09.872] [main/DEBUG] [mixin/]: Mixing common.PlayerMixin from adastra-common.mixins.json into net.minecraft.world.entity.player.Player
[30Apr2025 23:13:10.004] [main/DEBUG] [net.minecraftforge.coremod.transformer.CoreModBaseTransformer/COREMOD]: Transforming m_41435_ with desc (Lnet/minecraft/world/level/Level;Lnet/minecraft/world/entity/player/Player;Lnet/minecraft/world/level/ClipContext$Fluid;)Lnet/minecraft/world/phys/BlockHitResult;
[30Apr2025 23:13:10.046] [main/DEBUG] [mixin/]: Mixing FluidInvokerMixin from blueprint.mixins.json into net.minecraft.world.level.material.Fluid
[30Apr2025 23:13:10.047] [main/DEBUG] [mixin/]: Mixing inject.MixinFluid from architectury-common.mixins.json into net.minecraft.world.level.material.Fluid
[30Apr2025 23:13:10.053] [main/DEBUG] [net.minecraftforge.coremod.transformer.CoreModBaseTransformer/COREMOD]: Transforming m_41435_ with desc (Lnet/minecraft/world/level/Level;Lnet/minecraft/world/entity/player/Player;Lnet/minecraft/world/level/ClipContext$Fluid;)Lnet/minecraft/world/phys/BlockHitResult;
[30Apr2025 23:13:10.054] [main/DEBUG] [mixin/]: Mixing item.ItemMixin from mixins.netherexp.json into net.minecraft.world.item.Item
[30Apr2025 23:13:10.056] [main/DEBUG] [mixin/]: Mixing ItemMixin from mixins.irons_spellbooks.json into net.minecraft.world.item.Item
[30Apr2025 23:13:10.064] [main/DEBUG] [mixin/]: Mixing inject.MixinItem from architectury-common.mixins.json into net.minecraft.world.item.Item
[30Apr2025 23:13:10.068] [main/DEBUG] [mixin/]: Mixing ItemMixin from vampirism.mixins.json into net.minecraft.world.item.Item
[30Apr2025 23:13:10.094] [main/DEBUG] [net.minecraftforge.coremod.transformer.CoreModBaseTransformer/COREMOD]: Transforming net/minecraft/world/entity/EntityType
[30Apr2025 23:13:10.182] [main/DEBUG] [mixin/]: Mixing inject.MixinEntityType from architectury-common.mixins.json into net.minecraft.world.entity.EntityType
[30Apr2025 23:13:10.182] [main/DEBUG] [mixin/]: Mixing MixinEntityType from forge-mca.mixin.json into net.minecraft.world.entity.EntityType
[30Apr2025 23:13:10.223] [main/DEBUG] [mixin/]: Mixing MobEffectMixin from mixins.irons_spellbooks.json into net.minecraft.world.effect.MobEffect
[30Apr2025 23:13:10.248] [main/DEBUG] [mixin/]: Mixing item.EnchantmentMixin from mixins.netherexp.json into net.minecraft.world.item.enchantment.Enchantment
[30Apr2025 23:13:10.250] [main/DEBUG] [mixin/]: Mixing EnchantmentMixin from bettercombat.mixins.json into net.minecraft.world.item.enchantment.Enchantment
[30Apr2025 23:13:10.271] [main/DEBUG] [mixin/]: Mixing entity.BlockEntityTypeMixin from mixins.netherexp.json into net.minecraft.world.level.block.entity.BlockEntityType
[30Apr2025 23:13:10.275] [main/DEBUG] [mixin/]: Mixing sign.MixinBlockEntityType from doapi.mixins.json into net.minecraft.world.level.block.entity.BlockEntityType
[30Apr2025 23:13:10.278] [main/DEBUG] [mixin/]: Mixing TileEntityTypeAccessor from vampirism.mixins.json into net.minecraft.world.level.block.entity.BlockEntityType
[30Apr2025 23:13:10.294] [main/DEBUG] [mixin/]: Mixing ChunkStatusMixin from alexscaves.mixins.json into net.minecraft.world.level.chunk.ChunkStatus
[30Apr2025 23:13:10.314] [main/DEBUG] [mixin/]: Mixing MixinVillagerProfession from forge-mca.mixin.json into net.minecraft.world.entity.npc.VillagerProfession
[30Apr2025 23:13:10.315] [main/DEBUG] [mixin/]: Renaming @Invoker method init(Ljava/lang/String;Ljava/util/function/Predicate;Ljava/util/function/Predicate;Lcom/google/common/collect/ImmutableSet;Lcom/google/common/collect/ImmutableSet;Lnet/minecraft/sounds/SoundEvent;)Lnet/minecraft/world/entity/npc/VillagerProfession; to init_$md$a53580$0 in forge-mca.mixin.json:MixinVillagerProfession
[30Apr2025 23:13:10.320] [main/DEBUG] [mixin/]: Mixing MixinMemoryModuleType from forge-mca.mixin.json into net.minecraft.world.entity.ai.memory.MemoryModuleType
[30Apr2025 23:13:10.320] [main/DEBUG] [mixin/]: Renaming @Invoker method init(Ljava/util/Optional;)Lnet/minecraft/world/entity/ai/memory/MemoryModuleType; to init_$md$a53580$0 in forge-mca.mixin.json:MixinMemoryModuleType
[30Apr2025 23:13:10.323] [main/DEBUG] [mixin/]: Mixing MixinSensorType from forge-mca.mixin.json into net.minecraft.world.entity.ai.sensing.SensorType
[30Apr2025 23:13:10.323] [main/DEBUG] [mixin/]: Renaming @Invoker method init(Ljava/util/function/Supplier;)Lnet/minecraft/world/entity/ai/sensing/SensorType; to init_$md$a53580$0 in forge-mca.mixin.json:MixinSensorType
[30Apr2025 23:13:10.326] [main/DEBUG] [mixin/]: Mixing MixinActivity from forge-mca.mixin.json into net.minecraft.world.entity.schedule.Activity
[30Apr2025 23:13:10.326] [main/DEBUG] [mixin/]: Renaming @Invoker method init(Ljava/lang/String;)Lnet/minecraft/world/entity/schedule/Activity; to init_$md$a53580$0 in forge-mca.mixin.json:MixinActivity
[30Apr2025 23:13:10.335] [main/DEBUG] [mixin/]: Mixing KeepRichSoilGiantTreeMixin from farmersdelight.mixins.json into net.minecraft.world.level.levelgen.feature.Feature
[30Apr2025 23:13:10.335] [main/DEBUG] [mixin/]: Renaming synthetic method lambda$keepRichSoil$0(Lnet/minecraft/world/level/block/state/BlockState;)Z to mda53580$lambda$keepRichSoil$0$0 in farmersdelight.mixins.json:KeepRichSoilGiantTreeMixin
[30Apr2025 23:13:10.365] [main/DEBUG] [mixin/]: Mixing entity.DecoratedPotPatternsMixin from mixins.netherexp.json into net.minecraft.world.level.block.entity.DecoratedPotPatterns
[30Apr2025 23:13:10.373] [main/DEBUG] [mixin/]: Mixing ModPotPatternsMixin from wan_ancient_beasts.mixins.json into net.minecraft.world.level.block.entity.DecoratedPotPatterns
[30Apr2025 23:13:10.598] [main/DEBUG] [mixin/]: Mixing accessor.DecoratedPotPatternsAccessor from wan_ancient_beasts.mixins.json into net.minecraft.world.level.block.entity.DecoratedPotPatterns
[30Apr2025 23:13:10.599] [main/DEBUG] [mixin/]: Renaming @Accessor method getItemToPotTexture()Ljava/util/Map; to getItemToPotTexture_$md$a53580$0 in wan_ancient_beasts.mixins.json:accessor.DecoratedPotPatternsAccessor
[30Apr2025 23:13:10.599] [main/DEBUG] [mixin/]: Renaming @Accessor method setItemToPotTexture(Ljava/util/Map;)V to setItemToPotTexture_$md$a53580$1 in wan_ancient_beasts.mixins.json:accessor.DecoratedPotPatternsAccessor
[30Apr2025 23:13:10.635] [main/DEBUG] [mixin/]: Mixing FireBlockAccessor from another_furniture.mixins.json into net.minecraft.world.level.block.FireBlock
[30Apr2025 23:13:10.635] [main/DEBUG] [mixin/]: Mixing FireBlockMixin from doapi.mixins.json into net.minecraft.world.level.block.FireBlock
[30Apr2025 23:13:10.652] [main/DEBUG] [mixin/]: Mixing block.BaseFireBlockMixin from mixins.netherexp.json into net.minecraft.world.level.block.BaseFireBlock
[30Apr2025 23:13:10.949] [main/DEBUG] [mixin/]: Mixing block.BlocksMixin from mixins.netherexp.json into net.minecraft.world.level.block.Blocks
[30Apr2025 23:13:11.030] [main/DEBUG] [mixin/]: Mixing SpreadingSnowyDirtBlockMixin from vinery-common.mixins.json into net.minecraft.world.level.block.SpreadingSnowyDirtBlock
[30Apr2025 23:13:11.051] [main/DEBUG] [mixin/]: Mixing PlantBlockMixin from vinery-common.mixins.json into net.minecraft.world.level.block.BushBlock
[30Apr2025 23:13:11.074] [main/DEBUG] [net.minecraftforge.coremod.transformer.CoreModBaseTransformer/COREMOD]: Transforming net/minecraft/world/level/block/LiquidBlock
[30Apr2025 23:13:11.075] [main/DEBUG] [mixin/]: Mixing inject.MixinLiquidBlock from architectury-common.mixins.json into net.minecraft.world.level.block.LiquidBlock
[30Apr2025 23:13:11.098] [main/DEBUG] [mixin/]: Mixing CuttingBoardDispenserMixin from farmersdelight.mixins.json into net.minecraft.world.level.block.DispenserBlock
[30Apr2025 23:13:11.113] [main/DEBUG] [mixin/]: Mixing NoteBlockMixin from blueprint.mixins.json into net.minecraft.world.level.block.NoteBlock
[30Apr2025 23:13:11.139] [main/DEBUG] [net.minecraftforge.coremod.transformer.CoreModBaseTransformer/COREMOD]: Transforming m_7898_ with desc (Lnet/minecraft/world/level/block/state/BlockState;Lnet/minecraft/world/level/LevelReader;Lnet/minecraft/core/BlockPos;)Z
[30Apr2025 23:13:11.164] [main/DEBUG] [mixin/]: Mixing block.SoulFireBlockMixin from mixins.elysium_api.json into net.minecraft.world.level.block.SoulFireBlock
[30Apr2025 23:13:11.174] [main/DEBUG] [net.minecraftforge.coremod.transformer.CoreModBaseTransformer/COREMOD]: Transforming net/minecraft/world/level/block/StairBlock
[30Apr2025 23:13:11.229] [main/DEBUG] [mixin/]: Mixing common.environment.IceBlockMixin from adastra-common.mixins.json into net.minecraft.world.level.block.IceBlock
[30Apr2025 23:13:11.267] [main/DEBUG] [mixin/]: Mixing block.StemBlockMixin from mixins.netherexp.json into net.minecraft.world.level.block.StemBlock
[30Apr2025 23:13:11.290] [main/DEBUG] [mixin/]: Mixing block.NetherWartBlockMixin from mixins.elysium_api.json into net.minecraft.world.level.block.NetherWartBlock
[30Apr2025 23:13:11.324] [main/DEBUG] [net.minecraftforge.coremod.transformer.CoreModBaseTransformer/COREMOD]: Transforming net/minecraft/world/level/block/FlowerPotBlock
[30Apr2025 23:13:11.366] [main/DEBUG] [mixin/]: Mixing ChorusPlantBlockMixin from mixins.unusualend.json into net.minecraft.world.level.block.ChorusPlantBlock
[30Apr2025 23:13:11.424] [main/DEBUG] [mixin/]: Mixing ChorusFlowerBlockMixin from mixins.unusualend.json into net.minecraft.world.level.block.ChorusFlowerBlock
[30Apr2025 23:13:11.437] [main/DEBUG] [mixin/]: Mixing block.TorchflowerCropBlockMixin from mixins.netherexp.json into net.minecraft.world.level.block.TorchflowerCropBlock
[30Apr2025 23:13:11.491] [main/DEBUG] [mixin/]: Mixing StoneCutterMixin from brewery-common.mixins.json into net.minecraft.world.level.block.StonecutterBlock
[30Apr2025 23:13:11.495] [main/DEBUG] [mixin/]: Mixing MixinBellBlock from vampirism.mixins.json into net.minecraft.world.level.block.BellBlock
[30Apr2025 23:13:11.505] [main/DEBUG] [mixin/]: Mixing CampfireBaleMixin from farmersdelight.mixins.json into net.minecraft.world.level.block.CampfireBlock
[30Apr2025 23:13:11.513] [main/DEBUG] [mixin/]: Mixing block.RootsBlockMixin from mixins.elysium_api.json into net.minecraft.world.level.block.RootsBlock
[30Apr2025 23:13:11.517] [main/DEBUG] [mixin/]: Mixing block.NetherSproutsBlockMixin from mixins.elysium_api.json into net.minecraft.world.level.block.NetherSproutsBlock
[30Apr2025 23:13:11.520] [main/DEBUG] [mixin/]: Mixing block.WeepingVinesMixin from mixins.netherexp.json into net.minecraft.world.level.block.WeepingVinesBlock
[30Apr2025 23:13:11.522] [main/DEBUG] [mixin/]: Renaming synthetic method lambda$use$0(Lnet/minecraft/world/InteractionHand;Lnet/minecraft/world/entity/player/Player;)V to mda53580$lambda$use$0$0 in mixins.netherexp.json:block.WeepingVinesMixin
[30Apr2025 23:13:11.599] [main/DEBUG] [mixin/]: Mixing block.TwistingVinesMixin from mixins.netherexp.json into net.minecraft.world.level.block.TwistingVinesBlock
[30Apr2025 23:13:11.599] [main/DEBUG] [mixin/]: Renaming synthetic method lambda$use$0(Lnet/minecraft/world/InteractionHand;Lnet/minecraft/world/entity/player/Player;)V to mda53580$lambda$use$0$0 in mixins.netherexp.json:block.TwistingVinesMixin
[30Apr2025 23:13:11.704] [main/DEBUG] [mixin/]: Mixing MixinPowderSnowBlock from curios.mixins.json into net.minecraft.world.level.block.PowderSnowBlock
[30Apr2025 23:13:11.715] [main/DEBUG] [mixin/]: Mixing common.environment.WeatheringCopperFullBlockMixin from adastra-common.mixins.json into net.minecraft.world.level.block.WeatheringCopperFullBlock
[30Apr2025 23:13:11.747] [main/DEBUG] [mixin/]: Mixing BlockBehaviourMixin from mowziesmobs.mixins.json into net.minecraft.world.level.block.state.BlockBehaviour$Properties
[30Apr2025 23:13:11.749] [main/DEBUG] [mixin/]: Mixing sign.MixinAbstractBlockSettings from doapi.mixins.json into net.minecraft.world.level.block.state.BlockBehaviour$Properties
[30Apr2025 23:13:11.810] [main/DEBUG] [mixin/]: Mixing FlowingFluidMixin from alexscaves.mixins.json into net.minecraft.world.level.material.FlowingFluid
[30Apr2025 23:13:11.812] [main/DEBUG] [mixin/]: Mixing common.environment.FlowingFluidMixin from adastra-common.mixins.json into net.minecraft.world.level.material.FlowingFluid
[30Apr2025 23:13:12.013] [main/DEBUG] [mixin/]: Mixing FallingBlockEntityMixin from blueprint.mixins.json into net.minecraft.world.entity.item.FallingBlockEntity
[30Apr2025 23:13:12.015] [main/DEBUG] [mixin/]: Mixing FallingBlockEntityMixin from alexscaves.mixins.json into net.minecraft.world.entity.item.FallingBlockEntity
[30Apr2025 23:13:12.019] [main/DEBUG] [mixin/]: Mixing MixinFallingBlockEntity from architectury.mixins.json into net.minecraft.world.entity.item.FallingBlockEntity
[30Apr2025 23:13:12.641] [main/DEBUG] [mixin/]: Mixing common.radio.ServerPlayerMixin from adastra-common.mixins.json into net.minecraft.server.level.ServerPlayer
[30Apr2025 23:13:12.659] [main/DEBUG] [mixin/]: Mixing AttributesMixin from mixins.irons_spellbooks.json into net.minecraft.world.entity.ai.attributes.Attributes
[30Apr2025 23:13:12.675] [main/DEBUG] [mixin/]: Mixing KeepRichSoilTreeMixin from farmersdelight.mixins.json into net.minecraft.world.level.levelgen.feature.trunkplacers.TrunkPlacer
[30Apr2025 23:13:12.676] [main/DEBUG] [mixin/]: Renaming synthetic method lambda$cancelSetDirtIfRichSoil$0(Lnet/minecraft/world/level/block/state/BlockState;)Z to mda53580$lambda$cancelSetDirtIfRichSoil$0$0 in farmersdelight.mixins.json:KeepRichSoilTreeMixin
[30Apr2025 23:13:12.699] [main/DEBUG] [mixin/]: Mixing common.gravity.GravityEntityMixin from adastra-common.mixins.json into net.minecraft.world.entity.item.PrimedTnt
[30Apr2025 23:13:12.739] [main/DEBUG] [mixin/]: Mixing MixinDefaultParticleType from forge-mca.mixin.json into net.minecraft.core.particles.SimpleParticleType
[30Apr2025 23:13:12.740] [main/DEBUG] [mixin/]: Renaming @Invoker method init(Z)Lnet/minecraft/core/particles/SimpleParticleType; to init_$md$a53580$0 in forge-mca.mixin.json:MixinDefaultParticleType
[30Apr2025 23:13:13.014] [main/DEBUG] [mixin/]: Mixing AbstractFurnaceBlockEntityAccessor from another_furniture.mixins.json into net.minecraft.world.level.block.entity.AbstractFurnaceBlockEntity
[30Apr2025 23:13:13.015] [main/DEBUG] [mixin/]: Renaming @Invoker method invokeAdd(Ljava/util/Map;Lnet/minecraft/tags/TagKey;I)V to invokeAdd_$md$a53580$0 in another_furniture.mixins.json:AbstractFurnaceBlockEntityAccessor
[30Apr2025 23:13:13.015] [main/DEBUG] [mixin/]: Renaming @Invoker method invokeNotFurnaceFuel(Lnet/minecraft/world/item/Item;)Z to invokeNotFurnaceFuel_$md$a53580$1 in another_furniture.mixins.json:AbstractFurnaceBlockEntityAccessor
[30Apr2025 23:13:13.016] [main/DEBUG] [mixin/]: Mixing MixinAbstractFurnaceBlockEntity from forge-mca.mixin.json into net.minecraft.world.level.block.entity.AbstractFurnaceBlockEntity
[30Apr2025 23:13:13.016] [main/DEBUG] [mixin/]: Renaming synthetic method lambda$onDropExperience$0(Lnet/minecraft/server/level/ServerPlayer;Lnet/minecraft/resources/ResourceLocation;Ljava/lang/Integer;)V to mda53580$lambda$onDropExperience$0$2 in forge-mca.mixin.json:MixinAbstractFurnaceBlockEntity
[30Apr2025 23:13:13.028] [main/DEBUG] [mixin/]: Mixing AbstractFurnaceBlockEntityAccessor from vampirism.mixins.json into net.minecraft.world.level.block.entity.AbstractFurnaceBlockEntity
[30Apr2025 23:13:13.029] [main/DEBUG] [mixin/]: Renaming @Invoker method getTotalCookTime(Lnet/minecraft/world/level/Level;Lnet/minecraft/world/level/block/entity/AbstractFurnaceBlockEntity;)I to getTotalCookTime_$md$a53580$3 in vampirism.mixins.json:AbstractFurnaceBlockEntityAccessor
[30Apr2025 23:13:13.124] [main/DEBUG] [mixin/]: Mixing entity.AbstractArrowMixin from mixins.netherexp.json into net.minecraft.world.entity.projectile.AbstractArrow
[30Apr2025 23:13:13.125] [main/DEBUG] [mixin/]: Mixing AbstractArrowMixin from alexscaves.mixins.json into net.minecraft.world.entity.projectile.AbstractArrow
[30Apr2025 23:13:13.126] [main/DEBUG] [mixin/]: Mixing common.gravity.AbstractArrowMixin from adastra-common.mixins.json into net.minecraft.world.entity.projectile.AbstractArrow
[30Apr2025 23:13:13.137] [main/DEBUG] [mixin/]: Mixing entity.ProjectileMixin from mixins.netherexp.json into net.minecraft.world.entity.projectile.Projectile
[30Apr2025 23:13:13.137] [main/DEBUG] [mixin/]: Renaming synthetic method lambda$netherexp$entityCollisionCheck$0(Lnet/minecraft/world/entity/LivingEntity;)V to mda53580$lambda$netherexp$entityCollisionCheck$0$0 in mixins.netherexp.json:entity.ProjectileMixin
[30Apr2025 23:13:13.166] [main/DEBUG] [mixin/]: Mixing entity.MobMixin from mixins.netherexp.json into net.minecraft.world.entity.Mob
[30Apr2025 23:13:13.169] [main/DEBUG] [mixin/]: Mixing MobMixin from alexscaves.mixins.json into net.minecraft.world.entity.Mob
[30Apr2025 23:13:13.170] [main/DEBUG] [mixin/]: Mixing MixinMobEntity from vampirism.mixins.json into net.minecraft.world.entity.Mob
[30Apr2025 23:13:13.170] [main/DEBUG] [mixin/]: Mixing common.MobMixin from adastra-common.mixins.json into net.minecraft.world.entity.Mob
[30Apr2025 23:13:13.229] [main/DEBUG] [mixin/]: Mixing MonsterMixin from alexscaves.mixins.json into net.minecraft.world.entity.monster.Monster
[30Apr2025 23:13:13.309] [main/DEBUG] [mixin/]: Mixing brewing.BrewingStandBlockEntityMixin from mixins.netherexp.json into net.minecraft.world.level.block.entity.BrewingStandBlockEntity
[30Apr2025 23:13:13.326] [main/DEBUG] [net.minecraftforge.coremod.transformer.CoreModBaseTransformer/COREMOD]: Transforming net/minecraft/world/item/ItemStack
[30Apr2025 23:13:13.327] [main/DEBUG] [mixin/]: Mixing item.ItemStackMixin from mixins.netherexp.json into net.minecraft.world.item.ItemStack
[30Apr2025 23:13:13.329] [main/DEBUG] [mixin/]: Mixing ItemStackMixin from bettercombat.mixins.json into net.minecraft.world.item.ItemStack
[30Apr2025 23:13:13.330] [main/DEBUG] [mixin/]: Mixing ItemStackMixin from mixins.irons_spellbooks.json into net.minecraft.world.item.ItemStack
[30Apr2025 23:13:13.374] [main/DEBUG] [mixin/]: Mixing BeaconBlockEntityMixin from vampirism.mixins.json into net.minecraft.world.level.block.entity.BeaconBlockEntity
[30Apr2025 23:13:13.375] [main/DEBUG] [mixin/]: Renaming @Invoker method applyEffects(Lnet/minecraft/world/level/Level;Lnet/minecraft/core/BlockPos;ILnet/minecraft/world/effect/MobEffect;Lnet/minecraft/world/effect/MobEffect;)V to applyEffects_$md$a53580$0 in vampirism.mixins.json:BeaconBlockEntityMixin
[30Apr2025 23:13:13.660] [main/DEBUG] [mixin/]: Mixing SnifferMixin from wan_ancient_beasts.mixins.json into net.minecraft.world.entity.animal.sniffer.Sniffer
[30Apr2025 23:13:14.054] [main/DEBUG] [mixin/]: Mixing SmithingMenuMixin from citadel.mixins.json into net.minecraft.world.inventory.SmithingMenu
[30Apr2025 23:13:14.277] [main/DEBUG] [mixin/]: Mixing MixinLightningBolt from architectury-common.mixins.json into net.minecraft.world.entity.LightningBolt
[30Apr2025 23:13:14.389] [main/DEBUG] [net.minecraftforge.coremod.transformer.CoreModBaseTransformer/COREMOD]: Transforming net/minecraft/world/entity/animal/frog/Tadpole
[30Apr2025 23:13:14.427] [main/DEBUG] [mixin/]: Mixing item.BlockItemMixin from mixins.netherexp.json into net.minecraft.world.item.BlockItem
[30Apr2025 23:13:14.437] [main/DEBUG] [mixin/]: Mixing ArmorItemAccessor from vampirism.mixins.json into net.minecraft.world.item.ArmorItem
[30Apr2025 23:13:14.437] [main/DEBUG] [mixin/]: Renaming @Accessor method getModifierUUID_vampirism()Ljava/util/EnumMap; to getModifierUUID_vampirism_$md$a53580$0 in vampirism.mixins.json:ArmorItemAccessor
[30Apr2025 23:13:14.440] [main/DEBUG] [mixin/]: Mixing MixinFlintAndSteelItem from forge-mca.mixin.json into net.minecraft.world.item.FlintAndSteelItem
[30Apr2025 23:13:14.440] [main/DEBUG] [mixin/]: Renaming synthetic method lambda$mca$onUseOnBlock$0(Lnet/minecraft/server/level/ServerLevel;Lnet/minecraft/world/item/context/UseOnContext;)V to mda53580$lambda$mca$onUseOnBlock$0$0 in forge-mca.mixin.json:MixinFlintAndSteelItem
[30Apr2025 23:13:14.445] [main/DEBUG] [mixin/]: Mixing item.BowItemMixin from mixins.netherexp.json into net.minecraft.world.item.BowItem
[30Apr2025 23:13:14.450] [main/DEBUG] [mixin/]: Mixing RangedWeaponItemMixin from bettercombat.mixins.json into net.minecraft.world.item.ProjectileWeaponItem
[30Apr2025 23:13:14.455] [main/DEBUG] [mixin/]: Mixing ShovelItemMixin from vinery-common.mixins.json into net.minecraft.world.item.ShovelItem
[30Apr2025 23:13:14.462] [main/DEBUG] [mixin/]: Mixing SoupItemMixin from farmersdelight.mixins.json into net.minecraft.world.item.BowlFoodItem
[30Apr2025 23:13:14.471] [main/DEBUG] [net.minecraftforge.coremod.transformer.CoreModBaseTransformer/COREMOD]: Transforming net/minecraft/world/item/BucketItem
[30Apr2025 23:13:14.471] [main/DEBUG] [mixin/]: Mixing item.BucketItemMixin from mixins.netherexp.json into net.minecraft.world.item.BucketItem
[30Apr2025 23:13:14.472] [main/DEBUG] [mixin/]: Mixing inject.MixinBucketItem from architectury-common.mixins.json into net.minecraft.world.item.BucketItem
[30Apr2025 23:13:14.478] [main/DEBUG] [mixin/]: Mixing MixinMilkBucketItem from forge-mca.mixin.json into net.minecraft.world.item.MilkBucketItem
[30Apr2025 23:13:14.495] [main/DEBUG] [mixin/]: Mixing BoneMealItemMixin from vinery-common.mixins.json into net.minecraft.world.item.BoneMealItem
[30Apr2025 23:13:14.495] [main/DEBUG] [mixin/]: Renaming synthetic method lambda$useOnBlock$0(Lnet/minecraft/world/item/context/UseOnContext;Lnet/minecraft/world/entity/player/Player;)V to mda53580$lambda$useOnBlock$0$0 in vinery-common.mixins.json:BoneMealItemMixin
[30Apr2025 23:13:14.502] [main/DEBUG] [net.minecraftforge.coremod.transformer.CoreModBaseTransformer/COREMOD]: Transforming m_7373_ with desc (Lnet/minecraft/world/item/ItemStack;Lnet/minecraft/world/level/Level;Ljava/util/List;Lnet/minecraft/world/item/TooltipFlag;)V
[30Apr2025 23:13:14.519] [main/DEBUG] [mixin/]: Mixing MixinShearsItem from curios.mixins.json into net.minecraft.world.item.ShearsItem
[30Apr2025 23:13:14.530] [main/DEBUG] [net.minecraftforge.coremod.transformer.CoreModBaseTransformer/COREMOD]: Transforming m_7626_ with desc (Lnet/minecraft/world/item/ItemStack;)Lnet/minecraft/network/chat/Component;
[30Apr2025 23:13:14.556] [main/DEBUG] [mixin/]: Mixing TridentItemMixin from mixins.irons_spellbooks.json into net.minecraft.world.item.TridentItem
[30Apr2025 23:13:14.562] [main/DEBUG] [mixin/]: Mixing item.CrossbowItemMixin from mixins.netherexp.json into net.minecraft.world.item.CrossbowItem
[30Apr2025 23:13:14.563] [main/DEBUG] [mixin/]: Renaming synthetic method lambda$netherexp$crossbowProjectiles$0(Lnet/minecraft/world/item/ItemStack;)Z to mda53580$lambda$netherexp$crossbowProjectiles$0$0 in mixins.netherexp.json:item.CrossbowItemMixin
[30Apr2025 23:13:14.566] [main/DEBUG] [mixin/]: Mixing CrossbowItemMixin from vampirism.mixins.json into net.minecraft.world.item.CrossbowItem
[30Apr2025 23:13:14.567] [main/DEBUG] [mixin/]: Renaming @Invoker method getChargedProjectiles(Lnet/minecraft/world/item/ItemStack;)Ljava/util/List; to getChargedProjectiles_$md$a53580$1 in vampirism.mixins.json:CrossbowItemMixin
[30Apr2025 23:13:14.567] [main/DEBUG] [mixin/]: Renaming @Invoker method getShotPitches(Lnet/minecraft/util/RandomSource;)[F to getShotPitches_$md$a53580$2 in vampirism.mixins.json:CrossbowItemMixin
[30Apr2025 23:13:14.568] [main/DEBUG] [mixin/]: Renaming @Invoker method onCrossbowShot(Lnet/minecraft/world/level/Level;Lnet/minecraft/world/entity/LivingEntity;Lnet/minecraft/world/item/ItemStack;)V to onCrossbowShot_$md$a53580$3 in vampirism.mixins.json:CrossbowItemMixin
[30Apr2025 23:13:14.568] [main/DEBUG] [mixin/]: Renaming @Invoker method getArrow(Lnet/minecraft/world/level/Level;Lnet/minecraft/world/entity/LivingEntity;Lnet/minecraft/world/item/ItemStack;Lnet/minecraft/world/item/ItemStack;)Lnet/minecraft/world/entity/projectile/AbstractArrow; to getArrow_$md$a53580$4 in vampirism.mixins.json:CrossbowItemMixin
[30Apr2025 23:13:14.568] [main/DEBUG] [mixin/]: Renaming @Invoker method addChargedProjectile(Lnet/minecraft/world/item/ItemStack;Lnet/minecraft/world/item/ItemStack;)V to addChargedProjectile_$md$a53580$5 in vampirism.mixins.json:CrossbowItemMixin
[30Apr2025 23:13:14.588] [main/DEBUG] [mixin/]: Mixing inject.MixinItemProperties from architectury-common.mixins.json into net.minecraft.world.item.Item$Properties
[30Apr2025 23:13:14.624] [main/DEBUG] [mixin/]: Mixing AbstractMinecartMixin from alexscaves.mixins.json into net.minecraft.world.entity.vehicle.AbstractMinecart
[30Apr2025 23:13:14.653] [main/DEBUG] [mixin/]: Mixing common.gravity.GravityEntityMixin from adastra-common.mixins.json into net.minecraft.world.entity.vehicle.AbstractMinecart
[30Apr2025 23:13:14.715] [main/DEBUG] [net.minecraftforge.coremod.transformer.CoreModBaseTransformer/COREMOD]: Transforming m_7088_ with desc ()Z
[30Apr2025 23:13:15.852] [main/DEBUG] [mixin/]: Mixing AreaEffectCloudMixin from vampirism.mixins.json into net.minecraft.world.entity.AreaEffectCloud
[30Apr2025 23:13:15.913] [main/DEBUG] [mixin/]: Mixing ExperienceOrbMixin from vinery-common.mixins.json into net.minecraft.world.entity.ExperienceOrb
[30Apr2025 23:13:15.940] [main/DEBUG] [mixin/]: Mixing MobFollowPlayerMixin from brewery-common.mixins.json into net.minecraft.world.entity.ai.goal.TemptGoal
[30Apr2025 23:13:15.950] [main/DEBUG] [mixin/]: Mixing entity.NearestAttackableTargetGoalMixin from mixins.netherexp.json into net.minecraft.world.entity.ai.goal.target.NearestAttackableTargetGoal
[30Apr2025 23:13:15.952] [main/DEBUG] [mixin/]: Mixing NearestAttackableTargetGoalMixin from vampirism.mixins.json into net.minecraft.world.entity.ai.goal.target.NearestAttackableTargetGoal
[30Apr2025 23:13:15.955] [main/DEBUG] [mixin/]: Renaming synthetic method lambda$static$1(Lnet/minecraft/world/entity/LivingEntity;)Z to mda53580$lambda$static$1$0 in vampirism.mixins.json:NearestAttackableTargetGoalMixin
[30Apr2025 23:13:15.955] [main/DEBUG] [mixin/]: Renaming synthetic method lambda$static$0(Lnet/minecraft/world/entity/LivingEntity;)Z to mda53580$lambda$static$0$1 in vampirism.mixins.json:NearestAttackableTargetGoalMixin
[30Apr2025 23:13:15.982] [main/DEBUG] [mixin/]: Mixing boat.MixinBoatEntity from doapi.mixins.json into net.minecraft.world.entity.vehicle.Boat
[30Apr2025 23:13:15.983] [main/DEBUG] [mixin/]: Mixing common.gravity.BoatMixin from adastra-common.mixins.json into net.minecraft.world.entity.vehicle.Boat
[30Apr2025 23:13:16.002] [main/DEBUG] [mixin/]: Mixing MixinHorseBaseEntity from forge-mca.mixin.json into net.minecraft.world.entity.animal.horse.AbstractHorse
[30Apr2025 23:13:16.040] [main/DEBUG] [net.minecraftforge.coremod.transformer.CoreModBaseTransformer/COREMOD]: Transforming net/minecraft/world/entity/monster/Spider
[30Apr2025 23:13:16.081] [main/DEBUG] [mixin/]: Mixing ChickenMixin from blueprint.mixins.json into net.minecraft.world.entity.animal.Chicken
[30Apr2025 23:13:16.103] [main/DEBUG] [mixin/]: Mixing ScareCreeperMixin from alshanex_familiars.mixins.json into net.minecraft.world.entity.monster.Creeper
[30Apr2025 23:13:16.105] [main/DEBUG] [mixin/]: Mixing CreeperMixin from mixins.irons_spellbooks.json into net.minecraft.world.entity.monster.Creeper
[30Apr2025 23:13:16.105] [main/DEBUG] [mixin/]: Mixing common.entities.CreeperMixin from adastra-common.mixins.json into net.minecraft.world.entity.monster.Creeper
[30Apr2025 23:13:16.129] [main/DEBUG] [mixin/]: Mixing entity.AbstractHurtingProjectileMixin from mixins.netherexp.json into net.minecraft.world.entity.projectile.AbstractHurtingProjectile
[30Apr2025 23:13:16.145] [main/DEBUG] [net.minecraftforge.coremod.transformer.CoreModBaseTransformer/COREMOD]: Transforming net/minecraft/world/entity/monster/Zombie
[30Apr2025 23:13:16.212] [main/DEBUG] [mixin/]: Mixing MixinZombieEntity from forge-mca.mixin.json into net.minecraft.world.entity.monster.Zombie
[30Apr2025 23:13:16.220] [main/DEBUG] [net.minecraftforge.coremod.transformer.CoreModBaseTransformer/COREMOD]: Transforming net/minecraft/world/entity/monster/ZombieVillager
[30Apr2025 23:13:16.250] [main/DEBUG] [mixin/]: Mixing MixinZombieVillagerEntity from forge-mca.mixin.json into net.minecraft.world.entity.monster.ZombieVillager
[30Apr2025 23:13:16.269] [main/DEBUG] [mixin/]: Mixing common.gravity.ThrowableProjectileMixin from adastra-common.mixins.json into net.minecraft.world.entity.projectile.ThrowableProjectile
[30Apr2025 23:13:16.290] [main/DEBUG] [mixin/]: Mixing ScareEndermanMixin from alshanex_familiars.mixins.json into net.minecraft.world.entity.monster.EnderMan
[30Apr2025 23:13:16.312] [main/DEBUG] [net.minecraftforge.coremod.transformer.CoreModBaseTransformer/COREMOD]: Transforming net/minecraft/world/entity/monster/Evoker$EvokerSummonSpellGoal
[30Apr2025 23:13:16.328] [main/DEBUG] [mixin/]: Mixing common.gravity.ThrownExperienceBottleMixin from adastra-common.mixins.json into net.minecraft.world.entity.projectile.ThrownExperienceBottle
[30Apr2025 23:13:16.349] [main/DEBUG] [mixin/]: Mixing FoxEntityEatSweetBerriesGoalMixin from vinery-common.mixins.json into net.minecraft.world.entity.animal.Fox$FoxEatBerriesGoal
[30Apr2025 23:13:16.363] [main/DEBUG] [mixin/]: Mixing FrogMixin from alexscaves.mixins.json into net.minecraft.world.entity.animal.frog.Frog
[30Apr2025 23:13:16.381] [main/DEBUG] [net.minecraftforge.coremod.transformer.CoreModBaseTransformer/COREMOD]: Transforming m_218868_ with desc ()Ljava/util/OptionalInt;
[30Apr2025 23:13:16.394] [main/DEBUG] [mixin/]: Mixing MixinGoatEntity from forge-mca.mixin.json into net.minecraft.world.entity.animal.goat.Goat
[30Apr2025 23:13:16.394] [main/DEBUG] [mixin/]: Renaming synthetic method lambda$getMilkingSound$1(Lnet/minecraft/server/level/ServerPlayer;)V to mda53580$lambda$getMilkingSound$1$0 in forge-mca.mixin.json:MixinGoatEntity
[30Apr2025 23:13:16.394] [main/DEBUG] [mixin/]: Renaming synthetic method lambda$getMilkingSound$0(Lnet/minecraft/server/level/ServerPlayer;)Z to mda53580$lambda$getMilkingSound$0$1 in forge-mca.mixin.json:MixinGoatEntity
[30Apr2025 23:13:16.410] [main/DEBUG] [mixin/]: Mixing common.entities.HoglinMixin from adastra-common.mixins.json into net.minecraft.world.entity.monster.hoglin.Hoglin
[30Apr2025 23:13:16.415] [main/DEBUG] [mixin/]: Mixing common.entities.ZoglinMixin from adastra-common.mixins.json into net.minecraft.world.entity.monster.Zoglin
[30Apr2025 23:13:16.499] [main/DEBUG] [mixin/]: Mixing ThrowablePotionMixin from vampirism.mixins.json into net.minecraft.world.entity.projectile.ThrownPotion
[30Apr2025 23:13:16.500] [main/DEBUG] [mixin/]: Mixing common.gravity.ThrownPotionMixin from adastra-common.mixins.json into net.minecraft.world.entity.projectile.ThrownPotion
[30Apr2025 23:13:16.510] [main/DEBUG] [mixin/]: Mixing RabbitMixin from blueprint.mixins.json into net.minecraft.world.entity.animal.Rabbit
[30Apr2025 23:13:16.512] [main/DEBUG] [mixin/]: Mixing RabbitsEatCabbageMixin from farmersdelight.mixins.json into net.minecraft.world.entity.animal.Rabbit
[30Apr2025 23:13:16.542] [main/DEBUG] [net.minecraftforge.coremod.transformer.CoreModBaseTransformer/COREMOD]: Transforming net/minecraft/world/entity/animal/horse/SkeletonTrapGoal
[30Apr2025 23:13:16.564] [main/DEBUG] [net.minecraftforge.coremod.transformer.CoreModBaseTransformer/COREMOD]: Transforming net/minecraft/world/entity/monster/Strider
[30Apr2025 23:13:16.619] [main/DEBUG] [mixin/]: Mixing entity.StriderMixin from mixins.netherexp.json into net.minecraft.world.entity.monster.Strider
[30Apr2025 23:13:16.722] [main/DEBUG] [mixin/]: Mixing ScareVexMixin from alshanex_familiars.mixins.json into net.minecraft.world.entity.monster.Vex
[30Apr2025 23:13:16.733] [main/DEBUG] [net.minecraftforge.coremod.transformer.CoreModBaseTransformer/COREMOD]: Transforming net/minecraft/world/entity/npc/Villager
[30Apr2025 23:13:16.824] [main/DEBUG] [mixin/]: Mixing MixinVillagerEntity from forge-mca.mixin.json into net.minecraft.world.entity.npc.Villager
[30Apr2025 23:13:16.826] [main/DEBUG] [mixin/]: Mixing MixinVillagerEntityInvoker from forge-mca.mixin.json into net.minecraft.world.entity.npc.Villager
[30Apr2025 23:13:16.826] [main/DEBUG] [mixin/]: Mixing VillagerDiscountMixin from brewery-common.mixins.json into net.minecraft.world.entity.npc.Villager
[30Apr2025 23:13:16.842] [main/DEBUG] [mixin/]: Mixing ScareWitchMixin from alshanex_familiars.mixins.json into net.minecraft.world.entity.monster.Witch
[30Apr2025 23:13:16.872] [main/DEBUG] [mixin/]: Mixing common.gravity.FishingHookMixin from adastra-common.mixins.json into net.minecraft.world.entity.projectile.FishingHook
[30Apr2025 23:13:16.881] [main/DEBUG] [mixin/]: Mixing IngredientAccessor from vampirism.mixins.json into net.minecraft.world.item.crafting.Ingredient
[30Apr2025 23:13:16.886] [main/DEBUG] [mixin/]: Mixing inject.MixinFoodPropertiesBuilder from architectury-common.mixins.json into net.minecraft.world.food.FoodProperties$Builder
[30Apr2025 23:13:16.888] [main/DEBUG] [net.minecraftforge.coremod.transformer.CoreModBaseTransformer/COREMOD]: Transforming net/minecraft/world/effect/MobEffectInstance
[30Apr2025 23:13:16.889] [main/DEBUG] [mixin/]: Mixing MixinMobEffectInstance from vampirism.mixins.json into net.minecraft.world.effect.MobEffectInstance
[30Apr2025 23:13:16.916] [main/DEBUG] [mixin/]: Mixing ServerPlayNetworkHandlerMixin from bettercombat.mixins.json into net.minecraft.server.network.ServerGamePacketListenerImpl
[30Apr2025 23:13:16.916] [main/DEBUG] [mixin/]: Mixing MixinServerPlayNetworkHandler from forge-mca.mixin.json into net.minecraft.server.network.ServerGamePacketListenerImpl
[30Apr2025 23:13:16.917] [main/DEBUG] [mixin/]: Renaming synthetic method lambda$mca$runAsyncAnswerRequest$2(Lnet/minecraft/server/level/ServerPlayer;Lforge/net/mca/entity/VillagerEntityMCA;Ljava/lang/String;)V to mda53580$lambda$mca$runAsyncAnswerRequest$2$0 in forge-mca.mixin.json:MixinServerPlayNetworkHandler
[30Apr2025 23:13:16.917] [main/DEBUG] [mixin/]: Renaming synthetic method lambda$mca$runAsyncAnswerRequest$1(Lforge/net/mca/entity/VillagerEntityMCA;Lnet/minecraft/server/level/ServerPlayer;Ljava/lang/String;)V to mda53580$lambda$mca$runAsyncAnswerRequest$1$1 in forge-mca.mixin.json:MixinServerPlayNetworkHandler
[30Apr2025 23:13:16.917] [main/DEBUG] [mixin/]: Renaming synthetic method lambda$sendMessage$0(Ljava/lang/String;Lforge/net/mca/entity/VillagerEntityMCA;)V to mda53580$lambda$sendMessage$0$2 in forge-mca.mixin.json:MixinServerPlayNetworkHandler
[30Apr2025 23:13:16.923] [main/DEBUG] [mixin/]: Mixing common.ServerGamePacketListenerImplMixin from adastra-common.mixins.json into net.minecraft.server.network.ServerGamePacketListenerImpl
[30Apr2025 23:13:16.950] [main/DEBUG] [mixin/]: Mixing brewing.PotionBrewingAccessor from mixins.netherexp.json into net.minecraft.world.item.alchemy.PotionBrewing
[30Apr2025 23:13:16.950] [main/DEBUG] [mixin/]: Renaming @Invoker method netherexp$addMix(Lnet/minecraft/world/item/alchemy/Potion;Lnet/minecraft/world/item/Item;Lnet/minecraft/world/item/alchemy/Potion;)V to netherexp$addMix_$md$a53580$0 in mixins.netherexp.json:brewing.PotionBrewingAccessor
[30Apr2025 23:13:16.951] [main/DEBUG] [mixin/]: Mixing brewing.PotionBrewingMixin from mixins.netherexp.json into net.minecraft.world.item.alchemy.PotionBrewing
[30Apr2025 23:13:16.952] [main/DEBUG] [mixin/]: Mixing MixinPotionBrewing from vampirism.mixins.json into net.minecraft.world.item.alchemy.PotionBrewing
[30Apr2025 23:13:16.952] [main/DEBUG] [mixin/]: Renaming synthetic method lambda$shouldBlockBrewing_vampirism$0(Ljava/util/List;)Ljava/util/Optional; to mda53580$lambda$shouldBlockBrewing_vampirism$0$1 in vampirism.mixins.json:MixinPotionBrewing
[30Apr2025 23:13:17.008] [main/DEBUG] [mixin/]: Mixing SweepingEnchantmentMixin from bettercombat.mixins.json into net.minecraft.world.item.enchantment.SweepingEdgeEnchantment
[30Apr2025 23:13:17.042] [main/DEBUG] [mixin/]: Mixing StructureProcessorAccessor from cataclysm.mixins.json into net.minecraft.world.level.levelgen.structure.templatesystem.StructureProcessor
[30Apr2025 23:13:17.046] [main/DEBUG] [mixin/]: Mixing accessors.ShulkerBoxMenuAccessor from alekiships.mixins.json into net.minecraft.world.inventory.ShulkerBoxMenu
[30Apr2025 23:13:17.072] [main/DEBUG] [mixin/]: Mixing ChunkGeneratorMixin from citadel.mixins.json into net.minecraft.world.level.chunk.ChunkGenerator
[30Apr2025 23:13:17.102] [main/DEBUG] [mixin/]: Mixing MixinInventory from curios.mixins.json into net.minecraft.world.entity.player.Inventory
[30Apr2025 23:13:17.103] [main/DEBUG] [mixin/]: Mixing MixinPlayerInventory from forge-mca.mixin.json into net.minecraft.world.entity.player.Inventory
[30Apr2025 23:13:17.110] [main/DEBUG] [mixin/]: Mixing common.SlotAccessor from adastra-common.mixins.json into net.minecraft.world.inventory.Slot
[30Apr2025 23:13:17.117] [main/DEBUG] [mixin/]: Mixing minecraft.FurnaceResultSlotMixin from alekiships.mixins.json into net.minecraft.world.inventory.FurnaceResultSlot
[30Apr2025 23:13:17.121] [main/DEBUG] [mixin/]: Mixing brewing.PotionSlotMixin from mixins.netherexp.json into net.minecraft.world.inventory.BrewingStandMenu$PotionSlot
[30Apr2025 23:13:17.137] [main/DEBUG] [mixin/]: Mixing ShapedRecipeAccessor from vampirism.mixins.json into net.minecraft.world.item.crafting.ShapedRecipe
[30Apr2025 23:13:17.234] [main/DEBUG] [mixin/]: Mixing EnchantRandomlyFunctionMixin from alexscaves.mixins.json into net.minecraft.world.level.storage.loot.functions.EnchantRandomlyFunction
[30Apr2025 23:13:17.234] [main/DEBUG] [mixin/]: Renaming synthetic method lambda$ac_enchantItem$0(ZLnet/minecraft/world/item/ItemStack;Lnet/minecraft/world/item/enchantment/Enchantment;)Z to mda53580$lambda$ac_enchantItem$0$0 in alexscaves.mixins.json:EnchantRandomlyFunctionMixin
[30Apr2025 23:13:17.263] [main/DEBUG] [mixin/]: Mixing MixinApplyBonusCount from curios.mixins.json into net.minecraft.world.level.storage.loot.functions.ApplyBonusCount
[30Apr2025 23:13:17.391] [main/DEBUG] [mixin/]: Mixing MultifaceGrowthFeatureMixin from alexscaves.mixins.json into net.minecraft.world.level.levelgen.feature.MultifaceGrowthFeature
[30Apr2025 23:13:17.391] [main/DEBUG] [mixin/]: Mixing NoMultifaceGrowthFeatureInStructuresMixin from cataclysm.mixins.json into net.minecraft.world.level.levelgen.feature.MultifaceGrowthFeature
[30Apr2025 23:13:17.398] [main/DEBUG] [mixin/]: Mixing NoMagmaBlockInStructuresMixin from cataclysm.mixins.json into net.minecraft.world.level.levelgen.feature.UnderwaterMagmaFeature
[30Apr2025 23:13:17.407] [main/DEBUG] [mixin/]: Mixing NoLakesInStructuresMixin from cataclysm.mixins.json into net.minecraft.world.level.levelgen.feature.LakeFeature
[30Apr2025 23:13:17.411] [main/DEBUG] [mixin/]: Mixing NoOreInStructuresMixin from cataclysm.mixins.json into net.minecraft.world.level.levelgen.feature.OreFeature
[30Apr2025 23:13:17.418] [main/DEBUG] [mixin/]: Mixing SeagrassFeatureMixin from alexscaves.mixins.json into net.minecraft.world.level.levelgen.feature.SeagrassFeature
[30Apr2025 23:13:17.420] [main/DEBUG] [mixin/]: Mixing KelpFeatureMixin from alexscaves.mixins.json into net.minecraft.world.level.levelgen.feature.KelpFeature
[30Apr2025 23:13:17.425] [main/DEBUG] [mixin/]: Mixing CoralFeatureMixin from alexscaves.mixins.json into net.minecraft.world.level.levelgen.feature.CoralFeature
[30Apr2025 23:13:17.432] [main/DEBUG] [mixin/]: Mixing worldgen.BasaltColumnsFeatureMixin from mixins.netherexp.json into net.minecraft.world.level.levelgen.feature.BasaltColumnsFeature
[30Apr2025 23:13:17.433] [main/DEBUG] [mixin/]: Mixing NoBasaltColumnsInStructuresMixin from cataclysm.mixins.json into net.minecraft.world.level.levelgen.feature.BasaltColumnsFeature
[30Apr2025 23:13:17.436] [main/DEBUG] [mixin/]: Mixing worldgen.DeltaFeatureMixin from mixins.netherexp.json into net.minecraft.world.level.levelgen.feature.DeltaFeature
[30Apr2025 23:13:17.437] [main/DEBUG] [mixin/]: Mixing NoDeltasInStructuresMixin from cataclysm.mixins.json into net.minecraft.world.level.levelgen.feature.DeltaFeature
[30Apr2025 23:13:17.444] [main/DEBUG] [mixin/]: Mixing NoGeodeInStructuresMixin from cataclysm.mixins.json into net.minecraft.world.level.levelgen.feature.GeodeFeature
[30Apr2025 23:13:17.568] [main/DEBUG] [net.minecraftforge.coremod.transformer.CoreModBaseTransformer/COREMOD]: Transforming net/minecraft/world/level/levelgen/structure/Structure
[30Apr2025 23:13:17.568] [main/DEBUG] [mixin/]: Mixing StructuresMixin from mixins.unusualend.json into net.minecraft.world.level.levelgen.structure.Structure
[30Apr2025 23:13:17.578] [main/DEBUG] [mixin/]: Mixing StructurePieceMixin from blueprint.mixins.json into net.minecraft.world.level.levelgen.structure.StructurePiece
[30Apr2025 23:13:17.579] [main/DEBUG] [mixin/]: Mixing StructurePieceMixin from tectonic.mixins.json into net.minecraft.world.level.levelgen.structure.StructurePiece
[30Apr2025 23:13:17.614] [main/DEBUG] [net.minecraftforge.coremod.transformer.CoreModBaseTransformer/COREMOD]: Transforming net/minecraft/world/level/levelgen/structure/structures/OceanRuinPieces$OceanRuinPiece
[30Apr2025 23:13:17.632] [main/DEBUG] [net.minecraftforge.coremod.transformer.CoreModBaseTransformer/COREMOD]: Transforming net/minecraft/world/level/levelgen/structure/structures/SwampHutPiece
[30Apr2025 23:13:17.650] [main/DEBUG] [mixin/]: Mixing SwampHutPieceMixin from alexscaves.mixins.json into net.minecraft.world.level.levelgen.structure.structures.SwampHutPiece
[30Apr2025 23:13:17.655] [main/WARN] [mixin/]: Mixin alexscaves.mixins.json:SwampHutPieceMixin has multiple constructors, (Lnet/minecraft/world/level/levelgen/structure/pieces/StructurePieceType;IIIIIILnet/minecraft/core/Direction;)V was selected

[30Apr2025 23:13:17.661] [main/DEBUG] [net.minecraftforge.coremod.transformer.CoreModBaseTransformer/COREMOD]: Transforming net/minecraft/world/level/levelgen/structure/structures/OceanMonumentPieces$OceanMonumentPiece
[30Apr2025 23:13:17.690] [main/DEBUG] [net.minecraftforge.coremod.transformer.CoreModBaseTransformer/COREMOD]: Transforming net/minecraft/world/level/levelgen/structure/structures/WoodlandMansionPieces$WoodlandMansionPiece
[30Apr2025 23:13:17.725] [main/DEBUG] [mixin/]: Mixing JigsawStructureMixin from alexscaves.mixins.json into net.minecraft.world.level.levelgen.structure.structures.JigsawStructure
[30Apr2025 23:13:17.732] [main/DEBUG] [mixin/]: Mixing accessor.StructureTemplatePoolAccessor from cataclysm.mixins.json into net.minecraft.world.level.levelgen.structure.pools.StructureTemplatePool
[30Apr2025 23:13:17.745] [main/DEBUG] [mixin/]: Mixing OceanMonumentStructureMixin from alexscaves.mixins.json into net.minecraft.world.level.levelgen.structure.structures.OceanMonumentStructure
[30Apr2025 23:13:17.755] [main/DEBUG] [mixin/]: Mixing ShipwreckStructureMixin from alexscaves.mixins.json into net.minecraft.world.level.levelgen.structure.structures.ShipwreckStructure
[30Apr2025 23:13:17.830] [main/DEBUG] [mixin/]: Mixing biome.BiomeSourceMixin from mixins.elysium_api.json into net.minecraft.world.level.biome.BiomeSource
[30Apr2025 23:13:17.832] [main/DEBUG] [mixin/]: Mixing BiomeSourceMixin from alexscaves.mixins.json into net.minecraft.world.level.biome.BiomeSource
[30Apr2025 23:13:17.838] [main/DEBUG] [net.minecraftforge.coremod.transformer.CoreModBaseTransformer/COREMOD]: Transforming net/minecraft/world/level/biome/Biome
[30Apr2025 23:13:17.839] [main/DEBUG] [mixin/]: Mixing BiomeMixin from tectonic.mixins.json into net.minecraft.world.level.biome.Biome
[30Apr2025 23:13:17.852] [main/DEBUG] [mixin/]: Mixing TemperatureModifierMixin from tectonic.mixins.json into net.minecraft.world.level.biome.Biome$TemperatureModifier$2
[30Apr2025 23:13:17.886] [main/DEBUG] [mixin/]: Mixing MultiNoiseBiomeSourceMixin from alexscaves.mixins.json into net.minecraft.world.level.biome.MultiNoiseBiomeSource
[30Apr2025 23:13:17.889] [main/DEBUG] [mixin/]: Mixing biome.MultiNoiseBiomeSourceMixin from mixins.elysium_api.json into net.minecraft.world.level.biome.MultiNoiseBiomeSource
[30Apr2025 23:13:17.906] [main/DEBUG] [mixin/]: Mixing MultiNoiseBiomeSourceParameterListPresetAccessor from vampirism.mixins.json into net.minecraft.world.level.biome.MultiNoiseBiomeSourceParameterList$Preset
[30Apr2025 23:13:17.917] [main/DEBUG] [mixin/]: Mixing NoiseBasedChunkGeneratorMixin from citadel.mixins.json into net.minecraft.world.level.levelgen.NoiseBasedChunkGenerator
[30Apr2025 23:13:17.918] [main/DEBUG] [mixin/]: Mixing biome.NoiseBasedChunkGeneratorMixin from mixins.elysium_api.json into net.minecraft.world.level.levelgen.NoiseBasedChunkGenerator
[30Apr2025 23:13:17.918] [main/DEBUG] [mixin/]: Renaming synthetic method lambda$mergeSurfaceRules$0(I)[Lnet/minecraft/world/level/levelgen/SurfaceRules$RuleSource; to mda53580$lambda$mergeSurfaceRules$0$0 in mixins.elysium_api.json:biome.NoiseBasedChunkGeneratorMixin
[30Apr2025 23:13:17.929] [main/DEBUG] [mixin/]: Mixing NoiseGeneratorSettingsMixin from blueprint.mixins.json into net.minecraft.world.level.levelgen.NoiseGeneratorSettings
[30Apr2025 23:13:17.930] [main/DEBUG] [mixin/]: Mixing NoiseGeneratorSettingsMixin from vampirism.mixins.json into net.minecraft.world.level.levelgen.NoiseGeneratorSettings
[30Apr2025 23:13:18.038] [main/DEBUG] [mixin/]: Mixing accessor.SinglePoolElementAccessor from cataclysm.mixins.json into net.minecraft.world.level.levelgen.structure.pools.SinglePoolElement
[30Apr2025 23:13:18.044] [main/DEBUG] [mixin/]: Mixing accessor.ListPoolElementAccessor from cataclysm.mixins.json into net.minecraft.world.level.levelgen.structure.pools.ListPoolElement
[30Apr2025 23:13:18.047] [main/DEBUG] [mixin/]: Mixing accessor.FeaturePoolElementAccessor from cataclysm.mixins.json into net.minecraft.world.level.levelgen.structure.pools.FeaturePoolElement
[30Apr2025 23:13:18.211] [main/DEBUG] [net.minecraftforge.common.ForgeI18n/CORE]: Loading I18N data entries: 6430
[30Apr2025 23:13:18.235] [main/DEBUG] [net.minecraftforge.fml.ModWorkManager/LOADING]: Using 4 threads for parallel mod-loading
[30Apr2025 23:13:18.241] [main/DEBUG] [net.minecraftforge.fml.javafmlmod.FMLJavaModLanguageProvider/LOADING]: Loading FMLModContainer from classloader cpw.mods.modlauncher.TransformingClassLoader@1903b5d - got cpw.mods.cl.ModuleClassLoader@abbc908
[30Apr2025 23:13:18.242] [main/DEBUG] [net.minecraftforge.fml.javafmlmod.FMLModContainer/LOADING]: Creating FMLModContainer instance for com.bobmowzie.mowziesmobs.MowziesMobs
[30Apr2025 23:13:18.247] [main/DEBUG] [net.minecraftforge.fml.javafmlmod.FMLJavaModLanguageProvider/LOADING]: Loading FMLModContainer from classloader cpw.mods.modlauncher.TransformingClassLoader@1903b5d - got cpw.mods.cl.ModuleClassLoader@abbc908
[30Apr2025 23:13:18.247] [main/DEBUG] [net.minecraftforge.fml.javafmlmod.FMLModContainer/LOADING]: Creating FMLModContainer instance for net.alshanex.alshanex_familiars.AlshanexFamiliarsMod
[30Apr2025 23:13:18.248] [main/DEBUG] [net.minecraftforge.fml.javafmlmod.FMLJavaModLanguageProvider/LOADING]: Loading FMLModContainer from classloader cpw.mods.modlauncher.TransformingClassLoader@1903b5d - got cpw.mods.cl.ModuleClassLoader@abbc908
[30Apr2025 23:13:18.248] [main/DEBUG] [net.minecraftforge.fml.javafmlmod.FMLModContainer/LOADING]: Creating FMLModContainer instance for net.jadenxgamer.netherexp.NetherExp
[30Apr2025 23:13:18.249] [main/DEBUG] [net.minecraftforge.fml.javafmlmod.FMLJavaModLanguageProvider/LOADING]: Loading FMLModContainer from classloader cpw.mods.modlauncher.TransformingClassLoader@1903b5d - got cpw.mods.cl.ModuleClassLoader@abbc908
[30Apr2025 23:13:18.249] [main/DEBUG] [net.minecraftforge.fml.javafmlmod.FMLModContainer/LOADING]: Creating FMLModContainer instance for software.bernie.example.GeckoLibMod
[30Apr2025 23:13:18.250] [main/DEBUG] [net.minecraftforge.fml.javafmlmod.FMLJavaModLanguageProvider/LOADING]: Loading FMLModContainer from classloader cpw.mods.modlauncher.TransformingClassLoader@1903b5d - got cpw.mods.cl.ModuleClassLoader@abbc908
[30Apr2025 23:13:18.250] [main/DEBUG] [net.minecraftforge.fml.javafmlmod.FMLModContainer/LOADING]: Creating FMLModContainer instance for dev.kosmx.playerAnim.forge.ForgeModInterface
[30Apr2025 23:13:18.251] [main/DEBUG] [net.minecraftforge.fml.javafmlmod.FMLJavaModLanguageProvider/LOADING]: Loading FMLModContainer from classloader cpw.mods.modlauncher.TransformingClassLoader@1903b5d - got cpw.mods.cl.ModuleClassLoader@abbc908
[30Apr2025 23:13:18.251] [main/DEBUG] [net.minecraftforge.fml.javafmlmod.FMLModContainer/LOADING]: Creating FMLModContainer instance for net.jadenxgamer.elysium_api.Elysium
[30Apr2025 23:13:18.251] [main/DEBUG] [net.minecraftforge.fml.javafmlmod.FMLJavaModLanguageProvider/LOADING]: Loading FMLModContainer from classloader cpw.mods.modlauncher.TransformingClassLoader@1903b5d - got cpw.mods.cl.ModuleClassLoader@abbc908
[30Apr2025 23:13:18.251] [main/DEBUG] [net.minecraftforge.fml.javafmlmod.FMLModContainer/LOADING]: Creating FMLModContainer instance for earth.terrarium.botarium.forge.BotariumForge
[30Apr2025 23:13:18.252] [main/DEBUG] [net.minecraftforge.fml.javafmlmod.FMLJavaModLanguageProvider/LOADING]: Loading FMLModContainer from classloader cpw.mods.modlauncher.TransformingClassLoader@1903b5d - got cpw.mods.cl.ModuleClassLoader@abbc908
[30Apr2025 23:13:18.252] [main/DEBUG] [net.minecraftforge.fml.javafmlmod.FMLModContainer/LOADING]: Creating FMLModContainer instance for top.theillusivec4.caelus.Caelus
[30Apr2025 23:13:18.253] [main/DEBUG] [net.minecraftforge.fml.javafmlmod.FMLJavaModLanguageProvider/LOADING]: Loading FMLModContainer from classloader cpw.mods.modlauncher.TransformingClassLoader@1903b5d - got cpw.mods.cl.ModuleClassLoader@abbc908
[30Apr2025 23:13:18.253] [main/DEBUG] [net.minecraftforge.fml.javafmlmod.FMLModContainer/LOADING]: Creating FMLModContainer instance for com.github.alexthe666.citadel.Citadel
[30Apr2025 23:13:18.254] [main/DEBUG] [net.minecraftforge.fml.javafmlmod.FMLJavaModLanguageProvider/LOADING]: Loading FMLModContainer from classloader cpw.mods.modlauncher.TransformingClassLoader@1903b5d - got cpw.mods.cl.ModuleClassLoader@abbc908
[30Apr2025 23:13:18.254] [main/DEBUG] [net.minecraftforge.fml.javafmlmod.FMLModContainer/LOADING]: Creating FMLModContainer instance for com.github.alexthe666.alexsmobs.AlexsMobs
[30Apr2025 23:13:18.255] [main/DEBUG] [net.minecraftforge.fml.javafmlmod.FMLJavaModLanguageProvider/LOADING]: Loading FMLModContainer from classloader cpw.mods.modlauncher.TransformingClassLoader@1903b5d - got cpw.mods.cl.ModuleClassLoader@abbc908
[30Apr2025 23:13:18.256] [main/DEBUG] [net.minecraftforge.fml.javafmlmod.FMLModContainer/LOADING]: Creating FMLModContainer instance for com.llamalad7.mixinextras.platform.forge.MixinExtrasMod
[30Apr2025 23:13:18.256] [main/DEBUG] [net.minecraftforge.fml.javafmlmod.FMLJavaModLanguageProvider/LOADING]: Loading FMLModContainer from classloader cpw.mods.modlauncher.TransformingClassLoader@1903b5d - got cpw.mods.cl.ModuleClassLoader@abbc908
[30Apr2025 23:13:18.256] [main/DEBUG] [net.minecraftforge.fml.javafmlmod.FMLModContainer/LOADING]: Creating FMLModContainer instance for com.teamabnormals.blueprint.core.Blueprint
[30Apr2025 23:13:18.258] [main/DEBUG] [net.minecraftforge.fml.javafmlmod.FMLJavaModLanguageProvider/LOADING]: Loading FMLModContainer from classloader cpw.mods.modlauncher.TransformingClassLoader@1903b5d - got cpw.mods.cl.ModuleClassLoader@abbc908
[30Apr2025 23:13:18.258] [main/DEBUG] [net.minecraftforge.fml.javafmlmod.FMLModContainer/LOADING]: Creating FMLModContainer instance for me.shedaniel.clothconfig.ClothConfigForge
[30Apr2025 23:13:18.259] [main/DEBUG] [net.minecraftforge.fml.javafmlmod.FMLJavaModLanguageProvider/LOADING]: Loading FMLModContainer from classloader cpw.mods.modlauncher.TransformingClassLoader@1903b5d - got cpw.mods.cl.ModuleClassLoader@abbc908
[30Apr2025 23:13:18.259] [main/DEBUG] [net.minecraftforge.fml.javafmlmod.FMLModContainer/LOADING]: Creating FMLModContainer instance for net.minecraftforge.common.ForgeMod
[30Apr2025 23:13:18.262] [main/DEBUG] [net.minecraftforge.fml.javafmlmod.FMLJavaModLanguageProvider/LOADING]: Loading FMLModContainer from classloader cpw.mods.modlauncher.TransformingClassLoader@1903b5d - got cpw.mods.cl.ModuleClassLoader@abbc908
[30Apr2025 23:13:18.262] [main/DEBUG] [net.minecraftforge.fml.javafmlmod.FMLModContainer/LOADING]: Creating FMLModContainer instance for twilightforest.TwilightForestMod
[30Apr2025 23:13:18.263] [main/DEBUG] [net.minecraftforge.fml.javafmlmod.FMLJavaModLanguageProvider/LOADING]: Loading FMLModContainer from classloader cpw.mods.modlauncher.TransformingClassLoader@1903b5d - got cpw.mods.cl.ModuleClassLoader@abbc908
[30Apr2025 23:13:18.264] [main/DEBUG] [net.minecraftforge.fml.javafmlmod.FMLModContainer/LOADING]: Creating FMLModContainer instance for dev.worldgen.tectonic.TectonicForge
[30Apr2025 23:13:18.265] [main/DEBUG] [net.minecraftforge.fml.javafmlmod.FMLJavaModLanguageProvider/LOADING]: Loading FMLModContainer from classloader cpw.mods.modlauncher.TransformingClassLoader@1903b5d - got cpw.mods.cl.ModuleClassLoader@abbc908
[30Apr2025 23:13:18.265] [main/DEBUG] [net.minecraftforge.fml.javafmlmod.FMLModContainer/LOADING]: Creating FMLModContainer instance for vectorwing.farmersdelight.FarmersDelight
[30Apr2025 23:13:18.266] [main/DEBUG] [net.minecraftforge.fml.javafmlmod.FMLJavaModLanguageProvider/LOADING]: Loading FMLModContainer from classloader cpw.mods.modlauncher.TransformingClassLoader@1903b5d - got cpw.mods.cl.ModuleClassLoader@abbc908
[30Apr2025 23:13:18.266] [main/DEBUG] [net.minecraftforge.fml.javafmlmod.FMLModContainer/LOADING]: Creating FMLModContainer instance for com.github.alexmodguy.alexscaves.AlexsCaves
[30Apr2025 23:13:18.267] [main/DEBUG] [net.minecraftforge.fml.javafmlmod.FMLJavaModLanguageProvider/LOADING]: Loading FMLModContainer from classloader cpw.mods.modlauncher.TransformingClassLoader@1903b5d - got cpw.mods.cl.ModuleClassLoader@abbc908
[30Apr2025 23:13:18.267] [main/DEBUG] [net.minecraftforge.fml.javafmlmod.FMLModContainer/LOADING]: Creating FMLModContainer instance for de.maxhenkel.voicechat.ForgeVoicechatMod
[30Apr2025 23:13:18.268] [main/DEBUG] [net.minecraftforge.fml.javafmlmod.FMLJavaModLanguageProvider/LOADING]: Loading FMLModContainer from classloader cpw.mods.modlauncher.TransformingClassLoader@1903b5d - got cpw.mods.cl.ModuleClassLoader@abbc908
[30Apr2025 23:13:18.268] [main/DEBUG] [net.minecraftforge.fml.javafmlmod.FMLModContainer/LOADING]: Creating FMLModContainer instance for net.bettercombat.forge.BetterCombatForge
[30Apr2025 23:13:18.268] [main/DEBUG] [net.minecraftforge.fml.javafmlmod.FMLJavaModLanguageProvider/LOADING]: Loading FMLModContainer from classloader cpw.mods.modlauncher.TransformingClassLoader@1903b5d - got cpw.mods.cl.ModuleClassLoader@abbc908
[30Apr2025 23:13:18.268] [main/DEBUG] [net.minecraftforge.fml.javafmlmod.FMLModContainer/LOADING]: Creating FMLModContainer instance for com.alekiponi.alekiships.AlekiShips
[30Apr2025 23:13:18.269] [main/DEBUG] [net.minecraftforge.fml.javafmlmod.FMLJavaModLanguageProvider/LOADING]: Loading FMLModContainer from classloader cpw.mods.modlauncher.TransformingClassLoader@1903b5d - got cpw.mods.cl.ModuleClassLoader@abbc908
[30Apr2025 23:13:18.269] [main/DEBUG] [net.minecraftforge.fml.javafmlmod.FMLModContainer/LOADING]: Creating FMLModContainer instance for com.starfish_studios.another_furniture.forge.AnotherFurnitureForge
[30Apr2025 23:13:18.269] [main/DEBUG] [net.minecraftforge.fml.javafmlmod.FMLJavaModLanguageProvider/LOADING]: Loading FMLModContainer from classloader cpw.mods.modlauncher.TransformingClassLoader@1903b5d - got cpw.mods.cl.ModuleClassLoader@abbc908
[30Apr2025 23:13:18.269] [main/DEBUG] [net.minecraftforge.fml.javafmlmod.FMLModContainer/LOADING]: Creating FMLModContainer instance for org.popcraft.chunky.ChunkyForge
[30Apr2025 23:13:18.270] [main/DEBUG] [net.minecraftforge.fml.javafmlmod.FMLJavaModLanguageProvider/LOADING]: Loading FMLModContainer from classloader cpw.mods.modlauncher.TransformingClassLoader@1903b5d - got cpw.mods.cl.ModuleClassLoader@abbc908
[30Apr2025 23:13:18.270] [main/DEBUG] [net.minecraftforge.fml.javafmlmod.FMLModContainer/LOADING]: Creating FMLModContainer instance for net.mcreator.unusualend.UnusualendMod
[30Apr2025 23:13:18.271] [main/DEBUG] [net.minecraftforge.fml.javafmlmod.FMLJavaModLanguageProvider/LOADING]: Loading FMLModContainer from classloader cpw.mods.modlauncher.TransformingClassLoader@1903b5d - got cpw.mods.cl.ModuleClassLoader@abbc908
[30Apr2025 23:13:18.271] [main/DEBUG] [net.minecraftforge.fml.javafmlmod.FMLModContainer/LOADING]: Creating FMLModContainer instance for com.teamresourceful.resourcefulconfig.forge.ResourcefulconfigForge
[30Apr2025 23:13:18.271] [main/DEBUG] [net.minecraftforge.fml.javafmlmod.FMLJavaModLanguageProvider/LOADING]: Loading FMLModContainer from classloader cpw.mods.modlauncher.TransformingClassLoader@1903b5d - got cpw.mods.cl.ModuleClassLoader@abbc908
[30Apr2025 23:13:18.271] [main/DEBUG] [net.minecraftforge.fml.javafmlmod.FMLModContainer/LOADING]: Creating FMLModContainer instance for net.mcreator.borninchaosv.BornInChaosV1Mod
[30Apr2025 23:13:18.272] [main/DEBUG] [net.minecraftforge.fml.javafmlmod.FMLJavaModLanguageProvider/LOADING]: Loading FMLModContainer from classloader cpw.mods.modlauncher.TransformingClassLoader@1903b5d - got cpw.mods.cl.ModuleClassLoader@abbc908
[30Apr2025 23:13:18.272] [main/DEBUG] [net.minecraftforge.fml.javafmlmod.FMLModContainer/LOADING]: Creating FMLModContainer instance for com.github.L_Ender.lionfishapi.LionfishAPI
[30Apr2025 23:13:18.272] [main/DEBUG] [net.minecraftforge.fml.javafmlmod.FMLJavaModLanguageProvider/LOADING]: Loading FMLModContainer from classloader cpw.mods.modlauncher.TransformingClassLoader@1903b5d - got cpw.mods.cl.ModuleClassLoader@abbc908
[30Apr2025 23:13:18.272] [main/DEBUG] [net.minecraftforge.fml.javafmlmod.FMLModContainer/LOADING]: Creating FMLModContainer instance for com.github.L_Ender.cataclysm.Cataclysm
[30Apr2025 23:13:18.273] [main/DEBUG] [net.minecraftforge.fml.javafmlmod.FMLJavaModLanguageProvider/LOADING]: Loading FMLModContainer from classloader cpw.mods.modlauncher.TransformingClassLoader@1903b5d - got cpw.mods.cl.ModuleClassLoader@abbc908
[30Apr2025 23:13:18.273] [main/DEBUG] [net.minecraftforge.fml.javafmlmod.FMLModContainer/LOADING]: Creating FMLModContainer instance for top.theillusivec4.curios.Curios
[30Apr2025 23:13:18.274] [main/DEBUG] [net.minecraftforge.fml.javafmlmod.FMLJavaModLanguageProvider/LOADING]: Loading FMLModContainer from classloader cpw.mods.modlauncher.TransformingClassLoader@1903b5d - got cpw.mods.cl.ModuleClassLoader@abbc908
[30Apr2025 23:13:18.274] [main/DEBUG] [net.minecraftforge.fml.javafmlmod.FMLModContainer/LOADING]: Creating FMLModContainer instance for com.autovw.advancednetherite.AdvancedNetheriteForge
[30Apr2025 23:13:18.274] [main/DEBUG] [net.minecraftforge.fml.javafmlmod.FMLJavaModLanguageProvider/LOADING]: Loading FMLModContainer from classloader cpw.mods.modlauncher.TransformingClassLoader@1903b5d - got cpw.mods.cl.ModuleClassLoader@abbc908
[30Apr2025 23:13:18.274] [main/DEBUG] [net.minecraftforge.fml.javafmlmod.FMLModContainer/LOADING]: Creating FMLModContainer instance for io.redspace.ironsspellbooks.IronsSpellbooks
[30Apr2025 23:13:18.275] [main/DEBUG] [net.minecraftforge.fml.javafmlmod.FMLJavaModLanguageProvider/LOADING]: Loading FMLModContainer from classloader cpw.mods.modlauncher.TransformingClassLoader@1903b5d - got cpw.mods.cl.ModuleClassLoader@abbc908
[30Apr2025 23:13:18.275] [main/DEBUG] [net.minecraftforge.fml.javafmlmod.FMLModContainer/LOADING]: Creating FMLModContainer instance for net.mcreator.unearthedjourney.UnearthedJourneyMod
[30Apr2025 23:13:18.276] [main/DEBUG] [net.minecraftforge.fml.javafmlmod.FMLJavaModLanguageProvider/LOADING]: Loading FMLModContainer from classloader cpw.mods.modlauncher.TransformingClassLoader@1903b5d - got cpw.mods.cl.ModuleClassLoader@abbc908
[30Apr2025 23:13:18.276] [main/DEBUG] [net.minecraftforge.fml.javafmlmod.FMLModContainer/LOADING]: Creating FMLModContainer instance for com.teamresourceful.resourcefullib.forge.ResourcefulLibForge
[30Apr2025 23:13:18.276] [main/DEBUG] [net.minecraftforge.fml.javafmlmod.FMLJavaModLanguageProvider/LOADING]: Loading FMLModContainer from classloader cpw.mods.modlauncher.TransformingClassLoader@1903b5d - got cpw.mods.cl.ModuleClassLoader@abbc908
[30Apr2025 23:13:18.276] [main/DEBUG] [net.minecraftforge.fml.javafmlmod.FMLModContainer/LOADING]: Creating FMLModContainer instance for dev.architectury.forge.ArchitecturyForge
[30Apr2025 23:13:18.276] [main/DEBUG] [net.minecraftforge.fml.javafmlmod.FMLJavaModLanguageProvider/LOADING]: Loading FMLModContainer from classloader cpw.mods.modlauncher.TransformingClassLoader@1903b5d - got cpw.mods.cl.ModuleClassLoader@abbc908
[30Apr2025 23:13:18.276] [main/DEBUG] [net.minecraftforge.fml.javafmlmod.FMLModContainer/LOADING]: Creating FMLModContainer instance for forge.net.mca.forge.MCAForge
[30Apr2025 23:13:18.277] [main/DEBUG] [net.minecraftforge.fml.javafmlmod.FMLJavaModLanguageProvider/LOADING]: Loading FMLModContainer from classloader cpw.mods.modlauncher.TransformingClassLoader@1903b5d - got cpw.mods.cl.ModuleClassLoader@abbc908
[30Apr2025 23:13:18.277] [main/DEBUG] [net.minecraftforge.fml.javafmlmod.FMLModContainer/LOADING]: Creating FMLModContainer instance for de.cristelknight.doapi.forge.DoApiForge
[30Apr2025 23:13:18.277] [main/DEBUG] [net.minecraftforge.fml.javafmlmod.FMLJavaModLanguageProvider/LOADING]: Loading FMLModContainer from classloader cpw.mods.modlauncher.TransformingClassLoader@1903b5d - got cpw.mods.cl.ModuleClassLoader@abbc908
[30Apr2025 23:13:18.277] [main/DEBUG] [net.minecraftforge.fml.javafmlmod.FMLModContainer/LOADING]: Creating FMLModContainer instance for de.cristelknight.doapi.forge.terraform.TerraformApiForge
[30Apr2025 23:13:18.278] [main/DEBUG] [net.minecraftforge.fml.javafmlmod.FMLJavaModLanguageProvider/LOADING]: Loading FMLModContainer from classloader cpw.mods.modlauncher.TransformingClassLoader@1903b5d - got cpw.mods.cl.ModuleClassLoader@abbc908
[30Apr2025 23:13:18.278] [main/DEBUG] [net.minecraftforge.fml.javafmlmod.FMLModContainer/LOADING]: Creating FMLModContainer instance for net.satisfy.vinery.forge.VineryForge
[30Apr2025 23:13:18.278] [main/DEBUG] [net.minecraftforge.fml.javafmlmod.FMLJavaModLanguageProvider/LOADING]: Loading FMLModContainer from classloader cpw.mods.modlauncher.TransformingClassLoader@1903b5d - got cpw.mods.cl.ModuleClassLoader@abbc908
[30Apr2025 23:13:18.278] [main/DEBUG] [net.minecraftforge.fml.javafmlmod.FMLModContainer/LOADING]: Creating FMLModContainer instance for net.satisfy.brewery.forge.BreweryForge
[30Apr2025 23:13:18.279] [main/DEBUG] [net.minecraftforge.fml.javafmlmod.FMLJavaModLanguageProvider/LOADING]: Loading FMLModContainer from classloader cpw.mods.modlauncher.TransformingClassLoader@1903b5d - got cpw.mods.cl.ModuleClassLoader@abbc908
[30Apr2025 23:13:18.279] [main/DEBUG] [net.minecraftforge.fml.javafmlmod.FMLModContainer/LOADING]: Creating FMLModContainer instance for com.ncpbails.alexsdelight.AlexsDelight
[30Apr2025 23:13:18.280] [main/DEBUG] [net.minecraftforge.fml.javafmlmod.FMLJavaModLanguageProvider/LOADING]: Loading FMLModContainer from classloader cpw.mods.modlauncher.TransformingClassLoader@1903b5d - got cpw.mods.cl.ModuleClassLoader@abbc908
[30Apr2025 23:13:18.280] [main/DEBUG] [net.minecraftforge.fml.javafmlmod.FMLModContainer/LOADING]: Creating FMLModContainer instance for de.teamlapen.vampirism.VampirismMod
[30Apr2025 23:13:18.281] [main/DEBUG] [net.minecraftforge.fml.javafmlmod.FMLJavaModLanguageProvider/LOADING]: Loading FMLModContainer from classloader cpw.mods.modlauncher.TransformingClassLoader@1903b5d - got cpw.mods.cl.ModuleClassLoader@abbc908
[30Apr2025 23:13:18.281] [main/DEBUG] [net.minecraftforge.fml.javafmlmod.FMLModContainer/LOADING]: Creating FMLModContainer instance for de.teamlapen.lib.VampLib
[30Apr2025 23:13:18.281] [main/DEBUG] [net.minecraftforge.fml.javafmlmod.FMLJavaModLanguageProvider/LOADING]: Loading FMLModContainer from classloader cpw.mods.modlauncher.TransformingClassLoader@1903b5d - got cpw.mods.cl.ModuleClassLoader@abbc908
[30Apr2025 23:13:18.282] [main/DEBUG] [net.minecraftforge.fml.javafmlmod.FMLModContainer/LOADING]: Creating FMLModContainer instance for goblinstyranny.GoblinsTyrannyMod
[30Apr2025 23:13:18.282] [main/DEBUG] [net.minecraftforge.fml.javafmlmod.FMLJavaModLanguageProvider/LOADING]: Loading FMLModContainer from classloader cpw.mods.modlauncher.TransformingClassLoader@1903b5d - got cpw.mods.cl.ModuleClassLoader@abbc908
[30Apr2025 23:13:18.282] [main/DEBUG] [net.minecraftforge.fml.javafmlmod.FMLModContainer/LOADING]: Creating FMLModContainer instance for net.wanmine.wab.WanAncientBeastsMod
[30Apr2025 23:13:18.283] [main/DEBUG] [net.minecraftforge.fml.javafmlmod.FMLJavaModLanguageProvider/LOADING]: Loading FMLModContainer from classloader cpw.mods.modlauncher.TransformingClassLoader@1903b5d - got cpw.mods.cl.ModuleClassLoader@abbc908
[30Apr2025 23:13:18.283] [main/DEBUG] [net.minecraftforge.fml.javafmlmod.FMLModContainer/LOADING]: Creating FMLModContainer instance for earth.terrarium.adastra.forge.AdAstraForge
[30Apr2025 23:13:18.361] [modloading-worker-0/DEBUG] [net.minecraftforge.fml.config.ConfigTracker/CONFIG]: Config file netherexp-common.toml for netherexp tracking
[30Apr2025 23:13:18.377] [modloading-worker-0/DEBUG] [mixin/]: Mixing accessor.CriteriaTriggersAccessor from cataclysm.mixins.json into net.minecraft.advancements.CriteriaTriggers
[30Apr2025 23:13:18.377] [modloading-worker-0/DEBUG] [mixin/]: Renaming @Accessor method getValues()Ljava/util/Map; to getValues_$md$a53580$0 in cataclysm.mixins.json:accessor.CriteriaTriggersAccessor
[30Apr2025 23:13:18.377] [modloading-worker-0/DEBUG] [mixin/]: Mixing MixinCriteria from forge-mca.mixin.json into net.minecraft.advancements.CriteriaTriggers
[30Apr2025 23:13:18.377] [modloading-worker-0/DEBUG] [mixin/]: Renaming @Invoker method register(Lnet/minecraft/advancements/CriterionTrigger;)Lnet/minecraft/advancements/CriterionTrigger; to register_$md$a53580$1 in forge-mca.mixin.json:MixinCriteria
[30Apr2025 23:13:18.382] [modloading-worker-0/DEBUG] [net.minecraftforge.fml.javafmlmod.AutomaticEventSubscriber/LOADING]: Attempting to inject @EventBusSubscriber classes into the eventbus for geckolib
[30Apr2025 23:13:18.398] [modloading-worker-0/DEBUG] [net.minecraftforge.fml.javafmlmod.AutomaticEventSubscriber/LOADING]: Auto-subscribing software.bernie.example.GeckoLibMod to FORGE
[30Apr2025 23:13:18.402] [modloading-worker-0/DEBUG] [net.minecraftforge.fml.javafmlmod.AutomaticEventSubscriber/LOADING]: Auto-subscribing software.bernie.example.CommonListener to MOD
[30Apr2025 23:13:18.408] [modloading-worker-0/DEBUG] [net.minecraftforge.fml.javafmlmod.AutomaticEventSubscriber/LOADING]: Attempting to inject @EventBusSubscriber classes into the eventbus for playeranimator
[30Apr2025 23:13:18.430] [modloading-worker-0/DEBUG] [net.minecraftforge.fml.javafmlmod.AutomaticEventSubscriber/LOADING]: Attempting to inject @EventBusSubscriber classes into the eventbus for elysium_api
[30Apr2025 23:13:18.434] [modloading-worker-0/DEBUG] [net.minecraftforge.fml.javafmlmod.AutomaticEventSubscriber/LOADING]: Attempting to inject @EventBusSubscriber classes into the eventbus for botarium
[30Apr2025 23:13:18.435] [modloading-worker-0/DEBUG] [mixin/]: Mixing MixinCaelusApi from caelus.mixins.json into top.theillusivec4.caelus.api.CaelusApi
[30Apr2025 23:13:18.442] [modloading-worker-0/DEBUG] [net.minecraftforge.fml.javafmlmod.AutomaticEventSubscriber/LOADING]: Attempting to inject @EventBusSubscriber classes into the eventbus for caelus
[30Apr2025 23:13:18.472] [modloading-worker-0/DEBUG] [net.minecraftforge.fml.config.ConfigTracker/CONFIG]: Config file citadel-common.toml for citadel tracking
[30Apr2025 23:13:18.484] [modloading-worker-0/DEBUG] [net.minecraftforge.fml.javafmlmod.AutomaticEventSubscriber/LOADING]: Attempting to inject @EventBusSubscriber classes into the eventbus for citadel
[30Apr2025 23:13:18.489] [modloading-worker-0/DEBUG] [net.minecraftforge.fml.javafmlmod.AutomaticEventSubscriber/LOADING]: Auto-subscribing com.github.alexthe666.citadel.ServerProxy to MOD
[30Apr2025 23:13:18.536] [modloading-worker-0/DEBUG] [mixin/]: Mixing CleanseSpellMixin from alshanex_familiars.mixins.json into io.redspace.ironsspellbooks.spells.holy.HealingCircleSpell
[30Apr2025 23:13:18.538] [modloading-worker-0/DEBUG] [mixin/]: Renaming synthetic method lambda$onCast$0(Lnet/minecraft/world/entity/LivingEntity;)V to mda53580$lambda$onCast$0$0 in alshanex_familiars.mixins.json:CleanseSpellMixin
[30Apr2025 23:13:18.922] [modloading-worker-0/DEBUG] [net.minecraftforge.fml.config.ConfigTracker/CONFIG]: Config file mowziesmobs-common.toml for mowziesmobs tracking
[30Apr2025 23:13:19.096] [modloading-worker-0/DEBUG] [net.minecraftforge.fml.javafmlmod.AutomaticEventSubscriber/LOADING]: Attempting to inject @EventBusSubscriber classes into the eventbus for mowziesmobs
[30Apr2025 23:13:19.096] [modloading-worker-0/DEBUG] [net.minecraftforge.fml.javafmlmod.AutomaticEventSubscriber/LOADING]: Auto-subscribing com.bobmowzie.mowziesmobs.server.sound.MMSounds to FORGE
[30Apr2025 23:13:19.096] [modloading-worker-0/DEBUG] [net.minecraftforge.fml.javafmlmod.AutomaticEventSubscriber/LOADING]: Auto-subscribing com.bobmowzie.mowziesmobs.server.inventory.ContainerHandler to MOD
[30Apr2025 23:13:19.096] [modloading-worker-0/DEBUG] [net.minecraftforge.fml.javafmlmod.AutomaticEventSubscriber/LOADING]: Auto-subscribing com.bobmowzie.mowziesmobs.server.entity.EntityHandler to MOD
[30Apr2025 23:13:19.097] [modloading-worker-0/DEBUG] [net.minecraftforge.fml.javafmlmod.AutomaticEventSubscriber/LOADING]: Auto-subscribing com.bobmowzie.mowziesmobs.server.config.ConfigHandler to MOD
[30Apr2025 23:13:19.097] [modloading-worker-0/DEBUG] [net.minecraftforge.fml.javafmlmod.AutomaticEventSubscriber/LOADING]: Auto-subscribing com.bobmowzie.mowziesmobs.MowziesMobs to FORGE
[30Apr2025 23:13:19.097] [modloading-worker-0/DEBUG] [net.minecraftforge.fml.javafmlmod.AutomaticEventSubscriber/LOADING]: Auto-subscribing com.bobmowzie.mowziesmobs.datagen.DataGenerators to MOD
[30Apr2025 23:13:19.115] [modloading-worker-0/DEBUG] [net.minecraftforge.fml.javafmlmod.AutomaticEventSubscriber/LOADING]: Attempting to inject @EventBusSubscriber classes into the eventbus for mixinextras
[30Apr2025 23:13:19.122] [modloading-worker-0/DEBUG] [net.minecraftforge.fml.config.ConfigTracker/CONFIG]: Config file alshanex_familiars-common.toml for alshanex_familiars tracking
[30Apr2025 23:13:19.125] [modloading-worker-0/DEBUG] [net.minecraftforge.fml.javafmlmod.AutomaticEventSubscriber/LOADING]: Attempting to inject @EventBusSubscriber classes into the eventbus for alshanex_familiars
[30Apr2025 23:13:19.126] [modloading-worker-0/DEBUG] [net.minecraftforge.fml.javafmlmod.AutomaticEventSubscriber/LOADING]: Auto-subscribing net.alshanex.alshanex_familiars.setup.CommonSetup to MOD
[30Apr2025 23:13:19.128] [modloading-worker-0/DEBUG] [net.minecraftforge.fml.javafmlmod.AutomaticEventSubscriber/LOADING]: Auto-subscribing net.alshanex.alshanex_familiars.registry.AttributeRegistry to MOD
[30Apr2025 23:13:19.128] [modloading-worker-0/DEBUG] [net.minecraftforge.fml.javafmlmod.AutomaticEventSubscriber/LOADING]: Auto-subscribing net.alshanex.alshanex_familiars.event.ServerEvents to FORGE
[30Apr2025 23:13:19.141] [modloading-worker-0/DEBUG] [net.minecraftforge.fml.config.ConfigTracker/CONFIG]: Config file alexsmobs.toml for alexsmobs tracking
[30Apr2025 23:13:19.144] [modloading-worker-0/DEBUG] [net.minecraftforge.fml.javafmlmod.AutomaticEventSubscriber/LOADING]: Auto-subscribing net.alshanex.alshanex_familiars.event.ModEvents to MOD
[30Apr2025 23:13:19.146] [modloading-worker-0/DEBUG] [net.minecraftforge.fml.javafmlmod.AutomaticEventSubscriber/LOADING]: Auto-subscribing net.alshanex.alshanex_familiars.datagen.DataGenerators to MOD
[30Apr2025 23:13:19.150] [modloading-worker-0/DEBUG] [net.minecraftforge.fml.javafmlmod.AutomaticEventSubscriber/LOADING]: Auto-subscribing net.alshanex.alshanex_familiars.Config to MOD
[30Apr2025 23:13:19.151] [modloading-worker-0/DEBUG] [net.minecraftforge.fml.javafmlmod.AutomaticEventSubscriber/LOADING]: Attempting to inject @EventBusSubscriber classes into the eventbus for cloth_config
[30Apr2025 23:13:19.180] [modloading-worker-0/DEBUG] [net.minecraftforge.versions.forge.ForgeVersion/CORE]: Forge Version package package net.minecraftforge.versions.forge, Forge, version 47.3 from cpw.mods.modlauncher.TransformingClassLoader@1903b5d
[30Apr2025 23:13:19.180] [modloading-worker-0/DEBUG] [net.minecraftforge.versions.forge.ForgeVersion/CORE]: Found Forge version 47.3.7
[30Apr2025 23:13:19.180] [modloading-worker-0/DEBUG] [net.minecraftforge.versions.forge.ForgeVersion/CORE]: Found Forge spec 47.3
[30Apr2025 23:13:19.180] [modloading-worker-0/DEBUG] [net.minecraftforge.versions.forge.ForgeVersion/CORE]: Found Forge group net.minecraftforge
[30Apr2025 23:13:19.181] [modloading-worker-0/DEBUG] [net.minecraftforge.versions.mcp.MCPVersion/CORE]: MCP Version package package net.minecraftforge.versions.mcp, Minecraft, version 1.20.1 from cpw.mods.modlauncher.TransformingClassLoader@1903b5d
[30Apr2025 23:13:19.181] [modloading-worker-0/DEBUG] [net.minecraftforge.versions.mcp.MCPVersion/CORE]: Found MC version information 1.20.1
[30Apr2025 23:13:19.181] [modloading-worker-0/DEBUG] [net.minecraftforge.versions.mcp.MCPVersion/CORE]: Found MCP version information 20230612.114412
[30Apr2025 23:13:19.181] [modloading-worker-0/INFO] [net.minecraftforge.common.ForgeMod/FORGEMOD]: Forge mod loading, version 47.3.7, for MC 1.20.1 with MCP 20230612.114412
[30Apr2025 23:13:19.182] [modloading-worker-0/INFO] [net.minecraftforge.common.MinecraftForge/FORGE]: MinecraftForge v47.3.7 Initialized
[30Apr2025 23:13:19.208] [modloading-worker-0/DEBUG] [mixin/]: Mixing ReloadableServerResourcesMixin from blueprint.mixins.json into net.minecraft.server.ReloadableServerResources
[30Apr2025 23:13:19.210] [modloading-worker-0/DEBUG] [mixin/]: Mixing ReloadableServerResourcesAccessor from vampirism.mixins.json into net.minecraft.server.ReloadableServerResources
[30Apr2025 23:13:19.235] [modloading-worker-0/DEBUG] [net.minecraftforge.fml.javafmlmod.AutomaticEventSubscriber/LOADING]: Attempting to inject @EventBusSubscriber classes into the eventbus for netherexp
[30Apr2025 23:13:19.237] [modloading-worker-0/DEBUG] [mixin/]: Mixing accessor.RecipeManagerAccessor from farmersdelight.mixins.json into net.minecraft.world.item.crafting.RecipeManager
[30Apr2025 23:13:19.237] [modloading-worker-0/DEBUG] [mixin/]: Mixing RecipeManagerAccessor from vampirism.mixins.json into net.minecraft.world.item.crafting.RecipeManager
[30Apr2025 23:13:19.238] [modloading-worker-0/DEBUG] [net.minecraftforge.fml.javafmlmod.AutomaticEventSubscriber/LOADING]: Auto-subscribing net.jadenxgamer.netherexp.event.JNEEvents to FORGE
[30Apr2025 23:13:19.237] [modloading-worker-0/DEBUG] [net.minecraftforge.fml.javafmlmod.AutomaticEventSubscriber/LOADING]: Attempting to inject @EventBusSubscriber classes into the eventbus for alexsmobs
[30Apr2025 23:13:19.238] [modloading-worker-0/DEBUG] [net.minecraftforge.fml.javafmlmod.AutomaticEventSubscriber/LOADING]: Auto-subscribing com.github.alexthe666.alexsmobs.world.AMWorldRegistry to MOD
[30Apr2025 23:13:19.241] [modloading-worker-0/DEBUG] [net.minecraftforge.fml.javafmlmod.AutomaticEventSubscriber/LOADING]: Auto-subscribing com.github.alexthe666.alexsmobs.tileentity.AMTileEntityRegistry to MOD
[30Apr2025 23:13:19.241] [modloading-worker-0/DEBUG] [net.minecraftforge.fml.javafmlmod.AutomaticEventSubscriber/LOADING]: Auto-subscribing com.github.alexthe666.alexsmobs.event.ServerEvents to FORGE
[30Apr2025 23:13:19.242] [modloading-worker-0/DEBUG] [net.minecraftforge.fml.javafmlmod.AutomaticEventSubscriber/LOADING]: Auto-subscribing net.jadenxgamer.netherexp.event.JNEEvents$ModBusEvents to MOD
[30Apr2025 23:13:19.245] [modloading-worker-0/DEBUG] [mixin/]: Mixing SimpleJsonResourceReloadListenerMixin from blueprint.mixins.json into net.minecraft.server.packs.resources.SimpleJsonResourceReloadListener
[30Apr2025 23:13:19.251] [modloading-worker-0/DEBUG] [mixin/]: Mixing TagManagerAccessor from vampirism.mixins.json into net.minecraft.tags.TagManager
[30Apr2025 23:13:19.253] [modloading-worker-0/DEBUG] [net.minecraftforge.fml.javafmlmod.AutomaticEventSubscriber/LOADING]: Auto-subscribing com.github.alexthe666.alexsmobs.entity.AMEntityRegistry to MOD
[30Apr2025 23:13:19.257] [modloading-worker-0/DEBUG] [mixin/]: Mixing LootDataManagerMixin from blueprint.mixins.json into net.minecraft.world.level.storage.loot.LootDataManager
[30Apr2025 23:13:19.257] [modloading-worker-0/DEBUG] [mixin/]: Renaming synthetic method lambda$modifyLootTables$0(Lcom/teamabnormals/blueprint/common/loot/modification/LootModificationManager;Lnet/minecraft/resources/ResourceLocation;Lnet/minecraft/world/level/storage/loot/LootTable;)V to mda53580$lambda$modifyLootTables$0$0 in blueprint.mixins.json:LootDataManagerMixin
[30Apr2025 23:13:19.259] [modloading-worker-0/DEBUG] [mixin/]: Mixing MixinLootDataManager from architectury.mixins.json into net.minecraft.world.level.storage.loot.LootDataManager
[30Apr2025 23:13:19.259] [modloading-worker-0/DEBUG] [net.minecraftforge.fml.javafmlmod.AutomaticEventSubscriber/LOADING]: Auto-subscribing com.github.alexthe666.alexsmobs.CommonProxy to MOD
[30Apr2025 23:13:19.271] [modloading-worker-0/DEBUG] [net.minecraftforge.fml.javafmlmod.AutomaticEventSubscriber/LOADING]: Auto-subscribing com.github.alexthe666.alexsmobs.AlexsMobs to FORGE
[30Apr2025 23:13:19.294] [modloading-worker-0/DEBUG] [net.minecraftforge.fml.config.ConfigTracker/CONFIG]: Config file blueprint-client.toml for blueprint tracking
[30Apr2025 23:13:19.294] [modloading-worker-0/DEBUG] [net.minecraftforge.fml.config.ConfigTracker/CONFIG]: Config file blueprint-common.toml for blueprint tracking
[30Apr2025 23:13:19.294] [modloading-worker-0/DEBUG] [net.minecraftforge.fml.javafmlmod.AutomaticEventSubscriber/LOADING]: Attempting to inject @EventBusSubscriber classes into the eventbus for blueprint
[30Apr2025 23:13:19.294] [modloading-worker-0/DEBUG] [net.minecraftforge.fml.javafmlmod.AutomaticEventSubscriber/LOADING]: Auto-subscribing com.teamabnormals.blueprint.core.util.DataUtil to FORGE
[30Apr2025 23:13:19.297] [modloading-worker-0/DEBUG] [net.minecraftforge.fml.javafmlmod.AutomaticEventSubscriber/LOADING]: Auto-subscribing com.teamabnormals.blueprint.core.registry.BlueprintEntityTypes to MOD
[30Apr2025 23:13:19.300] [modloading-worker-0/DEBUG] [net.minecraftforge.fml.config.ConfigTracker/CONFIG]: Config file twilightforest-common.toml for twilightforest tracking
[30Apr2025 23:13:19.306] [modloading-worker-0/DEBUG] [net.minecraftforge.fml.config.ConfigTracker/CONFIG]: Config file twilightforest-client.toml for twilightforest tracking
[30Apr2025 23:13:19.312] [modloading-worker-0/DEBUG] [net.minecraftforge.fml.javafmlmod.AutomaticEventSubscriber/LOADING]: Auto-subscribing com.teamabnormals.blueprint.core.registry.BlueprintBlockEntityTypes to MOD
[30Apr2025 23:13:19.321] [modloading-worker-0/DEBUG] [net.minecraftforge.fml.javafmlmod.AutomaticEventSubscriber/LOADING]: Auto-subscribing com.teamabnormals.blueprint.core.other.BlueprintEvents to FORGE
[30Apr2025 23:13:19.325] [modloading-worker-0/DEBUG] [net.minecraftforge.fml.javafmlmod.AutomaticEventSubscriber/LOADING]: Auto-subscribing com.teamabnormals.blueprint.core.Blueprint to MOD
[30Apr2025 23:13:19.326] [modloading-worker-0/DEBUG] [net.minecraftforge.fml.javafmlmod.AutomaticEventSubscriber/LOADING]: Auto-subscribing com.teamabnormals.blueprint.common.world.modification.structure.StructureRepalleterManager to FORGE
[30Apr2025 23:13:19.334] [modloading-worker-0/DEBUG] [net.minecraftforge.fml.javafmlmod.AutomaticEventSubscriber/LOADING]: Attempting to inject @EventBusSubscriber classes into the eventbus for tectonic
[30Apr2025 23:13:19.335] [modloading-worker-0/DEBUG] [net.minecraftforge.fml.javafmlmod.AutomaticEventSubscriber/LOADING]: Auto-subscribing com.teamabnormals.blueprint.common.world.modification.chunk.ChunkGeneratorModificationManager to FORGE
[30Apr2025 23:13:19.340] [modloading-worker-0/DEBUG] [net.minecraftforge.fml.javafmlmod.AutomaticEventSubscriber/LOADING]: Auto-subscribing com.teamabnormals.blueprint.common.loot.modification.LootModificationManager to FORGE
[30Apr2025 23:13:19.343] [modloading-worker-0/DEBUG] [net.minecraftforge.fml.config.ConfigTracker/CONFIG]: Config file farmersdelight-common.toml for farmersdelight tracking
[30Apr2025 23:13:19.344] [modloading-worker-0/DEBUG] [net.minecraftforge.fml.config.ConfigTracker/CONFIG]: Config file farmersdelight-client.toml for farmersdelight tracking
[30Apr2025 23:13:19.357] [modloading-worker-0/DEBUG] [mixin/]: Mixing LootTableAccessor from vampirism.mixins.json into net.minecraft.world.level.storage.loot.LootTable
[30Apr2025 23:13:19.364] [modloading-worker-0/DEBUG] [net.minecraftforge.fml.javafmlmod.AutomaticEventSubscriber/LOADING]: Auto-subscribing com.teamabnormals.blueprint.common.advancement.modification.AdvancementModificationManager to FORGE
[30Apr2025 23:13:19.374] [modloading-worker-0/DEBUG] [net.minecraftforge.fml.config.ConfigTracker/CONFIG]: Config file alexscaves-general.toml for alexscaves tracking
[30Apr2025 23:13:19.374] [modloading-worker-0/DEBUG] [net.minecraftforge.fml.config.ConfigTracker/CONFIG]: Config file alexscaves-client.toml for alexscaves tracking
[30Apr2025 23:13:19.407] [modloading-worker-0/DEBUG] [io.netty.util.internal.PlatformDependent0/]: -Dio.netty.noUnsafe: false
[30Apr2025 23:13:19.407] [modloading-worker-0/DEBUG] [io.netty.util.internal.PlatformDependent0/]: Java version: 17
[30Apr2025 23:13:19.408] [modloading-worker-0/DEBUG] [io.netty.util.internal.PlatformDependent0/]: sun.misc.Unsafe.theUnsafe: available
[30Apr2025 23:13:19.409] [modloading-worker-0/DEBUG] [io.netty.util.internal.PlatformDependent0/]: sun.misc.Unsafe.copyMemory: available
[30Apr2025 23:13:19.410] [modloading-worker-0/DEBUG] [io.netty.util.internal.PlatformDependent0/]: sun.misc.Unsafe.storeFence: available
[30Apr2025 23:13:19.411] [modloading-worker-0/DEBUG] [io.netty.util.internal.PlatformDependent0/]: java.nio.Buffer.address: available
[30Apr2025 23:13:19.412] [modloading-worker-0/DEBUG] [io.netty.util.internal.PlatformDependent0/]: direct buffer constructor: unavailable
java.lang.UnsupportedOperationException: Reflective setAccessible(true) disabled
	at io.netty.util.internal.ReflectionUtil.trySetAccessible(ReflectionUtil.java:31) ~[netty-common-4.1.82.Final.jar%2382!/:4.1.82.Final]
	at io.netty.util.internal.PlatformDependent0$5.run(PlatformDependent0.java:288) ~[netty-common-4.1.82.Final.jar%2382!/:4.1.82.Final]
	at java.security.AccessController.doPrivileged(AccessController.java:318) ~[?:?]
	at io.netty.util.internal.PlatformDependent0.<clinit>(PlatformDependent0.java:282) ~[netty-common-4.1.82.Final.jar%2382!/:4.1.82.Final]
	at io.netty.util.internal.PlatformDependent.isAndroid(PlatformDependent.java:333) ~[netty-common-4.1.82.Final.jar%2382!/:4.1.82.Final]
	at io.netty.util.internal.PlatformDependent.<clinit>(PlatformDependent.java:88) ~[netty-common-4.1.82.Final.jar%2382!/:4.1.82.Final]
	at io.netty.util.ConstantPool.<init>(ConstantPool.java:34) ~[netty-common-4.1.82.Final.jar%2382!/:4.1.82.Final]
	at io.netty.util.AttributeKey$1.<init>(AttributeKey.java:27) ~[netty-common-4.1.82.Final.jar%2382!/:4.1.82.Final]
	at io.netty.util.AttributeKey.<clinit>(AttributeKey.java:27) ~[netty-common-4.1.82.Final.jar%2382!/:4.1.82.Final]
	at net.minecraftforge.network.NetworkConstants.<clinit>(NetworkConstants.java:34) ~[forge-1.20.1-47.3.7-universal.jar%23188!/:?]
	at net.minecraftforge.common.ForgeMod.<init>(ForgeMod.java:429) ~[forge-1.20.1-47.3.7-universal.jar%23188!/:?]
	at jdk.internal.reflect.NativeConstructorAccessorImpl.newInstance0(Native Method) ~[?:?]
	at jdk.internal.reflect.NativeConstructorAccessorImpl.newInstance(NativeConstructorAccessorImpl.java:77) ~[?:?]
	at jdk.internal.reflect.DelegatingConstructorAccessorImpl.newInstance(DelegatingConstructorAccessorImpl.java:45) ~[?:?]
	at java.lang.reflect.Constructor.newInstanceWithCaller(Constructor.java:500) ~[?:?]
	at java.lang.reflect.Constructor.newInstance(Constructor.java:481) ~[?:?]
	at net.minecraftforge.fml.javafmlmod.FMLModContainer.constructMod(FMLModContainer.java:70) ~[javafmllanguage-1.20.1-47.3.7.jar%23185!/:?]
	at net.minecraftforge.fml.ModContainer.lambda$buildTransitionHandler$4(ModContainer.java:124) ~[fmlcore-1.20.1-47.3.7.jar%23184!/:?]
	at java.util.concurrent.CompletableFuture$AsyncRun.run(CompletableFuture.java:1804) ~[?:?]
	at java.util.concurrent.CompletableFuture$AsyncRun.exec(CompletableFuture.java:1796) ~[?:?]
	at java.util.concurrent.ForkJoinTask.doExec(ForkJoinTask.java:373) ~[?:?]
	at java.util.concurrent.ForkJoinPool$WorkQueue.topLevelExec(ForkJoinPool.java:1182) ~[?:?]
	at java.util.concurrent.ForkJoinPool.scan(ForkJoinPool.java:1655) ~[?:?]
	at java.util.concurrent.ForkJoinPool.runWorker(ForkJoinPool.java:1622) ~[?:?]
	at java.util.concurrent.ForkJoinWorkerThread.run(ForkJoinWorkerThread.java:165) ~[?:?]
[30Apr2025 23:13:19.414] [modloading-worker-0/DEBUG] [io.netty.util.internal.PlatformDependent0/]: java.nio.Bits.unaligned: available, true
[30Apr2025 23:13:19.417] [modloading-worker-0/DEBUG] [io.netty.util.internal.PlatformDependent0/]: jdk.internal.misc.Unsafe.allocateUninitializedArray(int): unavailable
java.lang.IllegalAccessException: class io.netty.util.internal.PlatformDependent0$7 (in module io.netty.common) cannot access class jdk.internal.misc.Unsafe (in module java.base) because module java.base does not export jdk.internal.misc to module io.netty.common
	at jdk.internal.reflect.Reflection.newIllegalAccessException(Reflection.java:392) ~[?:?]
	at java.lang.reflect.AccessibleObject.checkAccess(AccessibleObject.java:674) ~[?:?]
	at java.lang.reflect.Method.invoke(Method.java:561) ~[?:?]
	at io.netty.util.internal.PlatformDependent0$7.run(PlatformDependent0.java:410) ~[netty-common-4.1.82.Final.jar%2382!/:4.1.82.Final]
	at java.security.AccessController.doPrivileged(AccessController.java:318) ~[?:?]
	at io.netty.util.internal.PlatformDependent0.<clinit>(PlatformDependent0.java:401) ~[netty-common-4.1.82.Final.jar%2382!/:4.1.82.Final]
	at io.netty.util.internal.PlatformDependent.isAndroid(PlatformDependent.java:333) ~[netty-common-4.1.82.Final.jar%2382!/:4.1.82.Final]
	at io.netty.util.internal.PlatformDependent.<clinit>(PlatformDependent.java:88) ~[netty-common-4.1.82.Final.jar%2382!/:4.1.82.Final]
	at io.netty.util.ConstantPool.<init>(ConstantPool.java:34) ~[netty-common-4.1.82.Final.jar%2382!/:4.1.82.Final]
	at io.netty.util.AttributeKey$1.<init>(AttributeKey.java:27) ~[netty-common-4.1.82.Final.jar%2382!/:4.1.82.Final]
	at io.netty.util.AttributeKey.<clinit>(AttributeKey.java:27) ~[netty-common-4.1.82.Final.jar%2382!/:4.1.82.Final]
	at net.minecraftforge.network.NetworkConstants.<clinit>(NetworkConstants.java:34) ~[forge-1.20.1-47.3.7-universal.jar%23188!/:?]
	at net.minecraftforge.common.ForgeMod.<init>(ForgeMod.java:429) ~[forge-1.20.1-47.3.7-universal.jar%23188!/:?]
	at jdk.internal.reflect.NativeConstructorAccessorImpl.newInstance0(Native Method) ~[?:?]
	at jdk.internal.reflect.NativeConstructorAccessorImpl.newInstance(NativeConstructorAccessorImpl.java:77) ~[?:?]
	at jdk.internal.reflect.DelegatingConstructorAccessorImpl.newInstance(DelegatingConstructorAccessorImpl.java:45) ~[?:?]
	at java.lang.reflect.Constructor.newInstanceWithCaller(Constructor.java:500) ~[?:?]
	at java.lang.reflect.Constructor.newInstance(Constructor.java:481) ~[?:?]
	at net.minecraftforge.fml.javafmlmod.FMLModContainer.constructMod(FMLModContainer.java:70) ~[javafmllanguage-1.20.1-47.3.7.jar%23185!/:?]
	at net.minecraftforge.fml.ModContainer.lambda$buildTransitionHandler$4(ModContainer.java:124) ~[fmlcore-1.20.1-47.3.7.jar%23184!/:?]
	at java.util.concurrent.CompletableFuture$AsyncRun.run(CompletableFuture.java:1804) ~[?:?]
	at java.util.concurrent.CompletableFuture$AsyncRun.exec(CompletableFuture.java:1796) ~[?:?]
	at java.util.concurrent.ForkJoinTask.doExec(ForkJoinTask.java:373) ~[?:?]
	at java.util.concurrent.ForkJoinPool$WorkQueue.topLevelExec(ForkJoinPool.java:1182) ~[?:?]
	at java.util.concurrent.ForkJoinPool.scan(ForkJoinPool.java:1655) ~[?:?]
	at java.util.concurrent.ForkJoinPool.runWorker(ForkJoinPool.java:1622) ~[?:?]
	at java.util.concurrent.ForkJoinWorkerThread.run(ForkJoinWorkerThread.java:165) ~[?:?]
[30Apr2025 23:13:19.421] [modloading-worker-0/DEBUG] [io.netty.util.internal.PlatformDependent0/]: java.nio.DirectByteBuffer.<init>(long, int): unavailable
[30Apr2025 23:13:19.421] [modloading-worker-0/DEBUG] [io.netty.util.internal.PlatformDependent/]: sun.misc.Unsafe: available
[30Apr2025 23:13:19.422] [modloading-worker-0/DEBUG] [io.netty.util.internal.PlatformDependent/]: maxDirectMemory: 12884901888 bytes (maybe)
[30Apr2025 23:13:19.422] [modloading-worker-0/DEBUG] [io.netty.util.internal.PlatformDependent/]: -Dio.netty.tmpdir: /tmp (java.io.tmpdir)
[30Apr2025 23:13:19.422] [modloading-worker-0/DEBUG] [io.netty.util.internal.PlatformDependent/]: -Dio.netty.bitMode: 64 (sun.arch.data.model)
[30Apr2025 23:13:19.433] [modloading-worker-0/DEBUG] [io.netty.util.internal.PlatformDependent/]: -Dio.netty.maxDirectMemory: -1 bytes
[30Apr2025 23:13:19.434] [modloading-worker-0/DEBUG] [io.netty.util.internal.PlatformDependent/]: -Dio.netty.uninitializedArrayAllocationThreshold: -1
[30Apr2025 23:13:19.438] [modloading-worker-0/DEBUG] [io.netty.util.internal.CleanerJava9/]: java.nio.ByteBuffer.cleaner(): available
[30Apr2025 23:13:19.438] [modloading-worker-0/DEBUG] [io.netty.util.internal.PlatformDependent/]: -Dio.netty.noPreferDirect: false
[30Apr2025 23:13:19.487] [modloading-worker-0/DEBUG] [net.minecraftforge.common.ForgeMod/FORGEMOD]: Loading Network data for FML net version: FML3
[30Apr2025 23:13:19.503] [modloading-worker-0/DEBUG] [net.minecraftforge.fml.config.ConfigTracker/CONFIG]: Config file forge-client.toml for forge tracking
[30Apr2025 23:13:19.504] [modloading-worker-0/DEBUG] [net.minecraftforge.fml.config.ConfigTracker/CONFIG]: Config file forge-server.toml for forge tracking
[30Apr2025 23:13:19.505] [modloading-worker-0/DEBUG] [net.minecraftforge.fml.ModLoadingContext/]: Attempted to register an empty config for type COMMON on mod forge
[30Apr2025 23:13:19.515] [modloading-worker-0/DEBUG] [mixin/]: Mixing MixinLevelEvent from architectury.mixins.json into net.minecraftforge.event.level.LevelEvent
[30Apr2025 23:13:19.540] [modloading-worker-0/DEBUG] [net.minecraftforge.fml.javafmlmod.AutomaticEventSubscriber/LOADING]: Attempting to inject @EventBusSubscriber classes into the eventbus for forge
[30Apr2025 23:13:19.540] [modloading-worker-0/DEBUG] [net.minecraftforge.fml.javafmlmod.AutomaticEventSubscriber/LOADING]: Auto-subscribing net.minecraftforge.common.ForgeSpawnEggItem$CommonHandler to MOD
[30Apr2025 23:13:19.560] [modloading-worker-0/DEBUG] [net.minecraftforge.fml.javafmlmod.AutomaticEventSubscriber/LOADING]: Attempting to inject @EventBusSubscriber classes into the eventbus for farmersdelight
[30Apr2025 23:13:19.560] [modloading-worker-0/DEBUG] [net.minecraftforge.fml.javafmlmod.AutomaticEventSubscriber/LOADING]: Auto-subscribing vectorwing.farmersdelight.data.DataGenerators to MOD
[30Apr2025 23:13:19.564] [modloading-worker-0/DEBUG] [net.minecraftforge.fml.javafmlmod.AutomaticEventSubscriber/LOADING]: Attempting to inject @EventBusSubscriber classes into the eventbus for voicechat
[30Apr2025 23:13:19.568] [modloading-worker-0/DEBUG] [net.minecraftforge.fml.javafmlmod.AutomaticEventSubscriber/LOADING]: Auto-subscribing vectorwing.farmersdelight.common.item.SkilletItem$SkilletEvents to FORGE
[30Apr2025 23:13:19.569] [modloading-worker-0/DEBUG] [net.minecraftforge.fml.javafmlmod.AutomaticEventSubscriber/LOADING]: Auto-subscribing vectorwing.farmersdelight.common.item.KnifeItem$KnifeEvents to FORGE
[30Apr2025 23:13:19.571] [modloading-worker-0/DEBUG] [net.minecraftforge.fml.javafmlmod.AutomaticEventSubscriber/LOADING]: Auto-subscribing vectorwing.farmersdelight.common.item.HorseFeedItem$HorseFeedEvent to FORGE
[30Apr2025 23:13:19.575] [modloading-worker-0/DEBUG] [net.minecraftforge.fml.javafmlmod.AutomaticEventSubscriber/LOADING]: Auto-subscribing vectorwing.farmersdelight.common.item.enchantment.BackstabbingEnchantment$BackstabbingEvent to FORGE
[30Apr2025 23:13:19.576] [modloading-worker-0/DEBUG] [net.minecraftforge.fml.javafmlmod.AutomaticEventSubscriber/LOADING]: Auto-subscribing vectorwing.farmersdelight.common.item.DogFoodItem$DogFoodEvent to FORGE
[30Apr2025 23:13:19.579] [modloading-worker-0/DEBUG] [net.minecraftforge.fml.javafmlmod.AutomaticEventSubscriber/LOADING]: Auto-subscribing vectorwing.farmersdelight.common.event.VillagerEvents to FORGE
[30Apr2025 23:13:19.581] [modloading-worker-0/DEBUG] [net.minecraftforge.fml.javafmlmod.AutomaticEventSubscriber/LOADING]: Auto-subscribing vectorwing.farmersdelight.common.event.SetupEvents to MOD
[30Apr2025 23:13:19.583] [modloading-worker-0/DEBUG] [net.minecraftforge.fml.javafmlmod.AutomaticEventSubscriber/LOADING]: Auto-subscribing vectorwing.farmersdelight.common.event.MappingEvents to FORGE
[30Apr2025 23:13:19.590] [modloading-worker-0/DEBUG] [net.minecraftforge.fml.javafmlmod.AutomaticEventSubscriber/LOADING]: Auto-subscribing vectorwing.farmersdelight.common.event.CommonEvents to FORGE
[30Apr2025 23:13:19.591] [modloading-worker-0/DEBUG] [net.minecraftforge.fml.javafmlmod.AutomaticEventSubscriber/LOADING]: Auto-subscribing vectorwing.farmersdelight.common.block.CuttingBoardBlock$ToolCarvingEvent to FORGE
[30Apr2025 23:13:19.781] [modloading-worker-0/DEBUG] [io.netty.buffer.AbstractByteBuf/]: -Dio.netty.buffer.checkAccessible: true
[30Apr2025 23:13:19.781] [modloading-worker-0/DEBUG] [io.netty.buffer.AbstractByteBuf/]: -Dio.netty.buffer.checkBounds: true
[30Apr2025 23:13:19.782] [modloading-worker-0/DEBUG] [io.netty.util.ResourceLeakDetectorFactory/]: Loaded default ResourceLeakDetector: io.netty.util.ResourceLeakDetector@316dd970
[30Apr2025 23:13:19.828] [modloading-worker-0/DEBUG] [net.minecraftforge.fml.javafmlmod.AutomaticEventSubscriber/LOADING]: Attempting to inject @EventBusSubscriber classes into the eventbus for bettercombat
[30Apr2025 23:13:19.829] [modloading-worker-0/DEBUG] [net.minecraftforge.fml.javafmlmod.AutomaticEventSubscriber/LOADING]: Auto-subscribing net.bettercombat.forge.events.ForgeModEvents to MOD
[30Apr2025 23:13:19.829] [modloading-worker-0/DEBUG] [net.minecraftforge.fml.javafmlmod.AutomaticEventSubscriber/LOADING]: Auto-subscribing net.bettercombat.forge.events.ForgeEvents to FORGE
[30Apr2025 23:13:19.841] [modloading-worker-0/DEBUG] [mixin/]: Mixing accessors.ExplosionAccessor from alekiships.mixins.json into net.minecraft.world.level.Explosion
[30Apr2025 23:13:19.866] [modloading-worker-0/DEBUG] [net.minecraftforge.fml.config.ConfigTracker/CONFIG]: Config file alekiships-server.toml for alekiships tracking
[30Apr2025 23:13:19.870] [modloading-worker-0/DEBUG] [net.minecraftforge.fml.config.ConfigTracker/CONFIG]: Config file alekiships-client.toml for alekiships tracking
[30Apr2025 23:13:19.898] [modloading-worker-0/DEBUG] [net.minecraftforge.fml.javafmlmod.AutomaticEventSubscriber/LOADING]: Attempting to inject @EventBusSubscriber classes into the eventbus for alekiships
[30Apr2025 23:13:19.898] [modloading-worker-0/DEBUG] [net.minecraftforge.fml.javafmlmod.AutomaticEventSubscriber/LOADING]: Auto-subscribing com.alekiponi.alekiships.events.ForgeEventHandler to FORGE
[30Apr2025 23:13:19.909] [modloading-worker-0/DEBUG] [net.minecraftforge.fml.javafmlmod.AutomaticEventSubscriber/LOADING]: Auto-subscribing com.alekiponi.alekiships.data.DataGenerators to MOD
[30Apr2025 23:13:19.944] [modloading-worker-0/DEBUG] [net.minecraftforge.fml.javafmlmod.AutomaticEventSubscriber/LOADING]: Attempting to inject @EventBusSubscriber classes into the eventbus for chunky
[30Apr2025 23:13:19.976] [modloading-worker-0/DEBUG] [net.minecraftforge.fml.javafmlmod.AutomaticEventSubscriber/LOADING]: Attempting to inject @EventBusSubscriber classes into the eventbus for another_furniture
[30Apr2025 23:13:19.976] [modloading-worker-0/DEBUG] [net.minecraftforge.fml.javafmlmod.AutomaticEventSubscriber/LOADING]: Auto-subscribing com.starfish_studios.another_furniture.forge.AnotherFurnitureForgeClient to MOD
[30Apr2025 23:13:19.977] [modloading-worker-0/DEBUG] [net.minecraftforge.fml.javafmlmod.AutomaticEventSubscriber/LOADING]: Auto-subscribing com.starfish_studios.another_furniture.event.forge.FurnaceFuelEvent to FORGE
[30Apr2025 23:13:19.978] [modloading-worker-0/DEBUG] [net.minecraftforge.fml.javafmlmod.AutomaticEventSubscriber/LOADING]: Auto-subscribing com.starfish_studios.another_furniture.event.forge.DatapackSyncEvent to FORGE
[30Apr2025 23:13:19.994] [modloading-worker-0/DEBUG] [net.minecraftforge.fml.javafmlmod.AutomaticEventSubscriber/LOADING]: Auto-subscribing com.starfish_studios.another_furniture.event.forge.BlockInteractionEventImpl to FORGE
[30Apr2025 23:13:20.073] [modloading-worker-0/DEBUG] [net.minecraftforge.fml.javafmlmod.AutomaticEventSubscriber/LOADING]: Attempting to inject @EventBusSubscriber classes into the eventbus for resourcefulconfig
[30Apr2025 23:13:20.267] [modloading-worker-0/DEBUG] [net.minecraftforge.fml.javafmlmod.AutomaticEventSubscriber/LOADING]: Attempting to inject @EventBusSubscriber classes into the eventbus for alexscaves
[30Apr2025 23:13:20.267] [modloading-worker-0/DEBUG] [net.minecraftforge.fml.javafmlmod.AutomaticEventSubscriber/LOADING]: Auto-subscribing com.github.alexmodguy.alexscaves.server.entity.ACEntityRegistry to MOD
[30Apr2025 23:13:20.279] [modloading-worker-0/DEBUG] [net.minecraftforge.fml.javafmlmod.AutomaticEventSubscriber/LOADING]: Attempting to inject @EventBusSubscriber classes into the eventbus for lionfishapi
[30Apr2025 23:13:20.279] [modloading-worker-0/DEBUG] [net.minecraftforge.fml.javafmlmod.AutomaticEventSubscriber/LOADING]: Auto-subscribing com.github.L_Ender.lionfishapi.LionfishAPI to FORGE
[30Apr2025 23:13:20.279] [modloading-worker-0/DEBUG] [net.minecraftforge.fml.javafmlmod.AutomaticEventSubscriber/LOADING]: Auto-subscribing com.github.L_Ender.lionfishapi.CommonProxy to MOD
[30Apr2025 23:13:20.313] [modloading-worker-0/DEBUG] [net.minecraftforge.fml.config.ConfigTracker/CONFIG]: Config file cataclysm.toml for cataclysm tracking
[30Apr2025 23:13:20.700] [modloading-worker-0/DEBUG] [net.minecraftforge.fml.javafmlmod.AutomaticEventSubscriber/LOADING]: Attempting to inject @EventBusSubscriber classes into the eventbus for unusualend
[30Apr2025 23:13:20.701] [modloading-worker-0/DEBUG] [net.minecraftforge.fml.javafmlmod.AutomaticEventSubscriber/LOADING]: Auto-subscribing net.mcreator.unusualend.world.inventory.InfuserGUIMenu to FORGE
[30Apr2025 23:13:20.707] [modloading-worker-0/DEBUG] [net.minecraftforge.fml.javafmlmod.AutomaticEventSubscriber/LOADING]: Auto-subscribing net.mcreator.unusualend.world.features.StructureFeature to FORGE
[30Apr2025 23:13:20.708] [modloading-worker-0/DEBUG] [net.minecraftforge.fml.javafmlmod.AutomaticEventSubscriber/LOADING]: Auto-subscribing net.mcreator.unusualend.recipes.brewing.WarpedPotionRecipeBrewingRecipe to MOD
[30Apr2025 23:13:20.711] [modloading-worker-0/DEBUG] [net.minecraftforge.fml.javafmlmod.AutomaticEventSubscriber/LOADING]: Auto-subscribing net.mcreator.unusualend.recipes.brewing.SwiftStrikesPotionRecipeBrewingRecipe to MOD
[30Apr2025 23:13:20.712] [modloading-worker-0/DEBUG] [net.minecraftforge.fml.javafmlmod.AutomaticEventSubscriber/LOADING]: Auto-subscribing net.mcreator.unusualend.recipes.brewing.StrengthPotionBrewingRecipe to MOD
[30Apr2025 23:13:20.713] [modloading-worker-0/DEBUG] [net.minecraftforge.fml.javafmlmod.AutomaticEventSubscriber/LOADING]: Auto-subscribing net.mcreator.unusualend.recipes.brewing.SerenityPotionRecipeBrewingRecipe to MOD
[30Apr2025 23:13:20.722] [modloading-worker-0/DEBUG] [net.minecraftforge.fml.javafmlmod.AutomaticEventSubscriber/LOADING]: Auto-subscribing net.mcreator.unusualend.recipes.brewing.ResistancePotionBrewingRecipe to MOD
[30Apr2025 23:13:20.723] [modloading-worker-0/DEBUG] [net.minecraftforge.fml.javafmlmod.AutomaticEventSubscriber/LOADING]: Auto-subscribing net.mcreator.unusualend.recipes.brewing.RegenBrewBrewingRecipe to MOD
[30Apr2025 23:13:20.724] [modloading-worker-0/DEBUG] [net.minecraftforge.fml.javafmlmod.AutomaticEventSubscriber/LOADING]: Auto-subscribing net.mcreator.unusualend.recipes.brewing.Regen2BrewBrewingRecipe to MOD
[30Apr2025 23:13:20.725] [modloading-worker-0/DEBUG] [net.minecraftforge.fml.javafmlmod.AutomaticEventSubscriber/LOADING]: Auto-subscribing net.mcreator.unusualend.recipes.brewing.LevitationRecipeBrewingRecipe to MOD
[30Apr2025 23:13:20.731] [modloading-worker-0/DEBUG] [net.minecraftforge.fml.javafmlmod.AutomaticEventSubscriber/LOADING]: Auto-subscribing net.mcreator.unusualend.recipes.brewing.InstantNightVisionBrewingRecipe to MOD
[30Apr2025 23:13:20.732] [modloading-worker-0/DEBUG] [net.minecraftforge.fml.javafmlmod.AutomaticEventSubscriber/LOADING]: Auto-subscribing net.mcreator.unusualend.recipes.brewing.HealthBoostPotionBrewingRecipe to MOD
[30Apr2025 23:13:20.739] [modloading-worker-0/DEBUG] [net.minecraftforge.fml.javafmlmod.AutomaticEventSubscriber/LOADING]: Auto-subscribing net.mcreator.unusualend.recipes.brewing.HastePotionBrewingRecipe to MOD
[30Apr2025 23:13:20.740] [modloading-worker-0/DEBUG] [net.minecraftforge.fml.javafmlmod.AutomaticEventSubscriber/LOADING]: Auto-subscribing net.mcreator.unusualend.recipes.brewing.EndInfectionPotionBrewingRecipe to MOD
[30Apr2025 23:13:20.741] [modloading-worker-0/DEBUG] [net.minecraftforge.fml.javafmlmod.AutomaticEventSubscriber/LOADING]: Auto-subscribing net.mcreator.unusualend.recipes.brewing.ClassicHeavinessPotionBrewingRecipe to MOD
[30Apr2025 23:13:20.744] [modloading-worker-0/DEBUG] [net.minecraftforge.fml.javafmlmod.AutomaticEventSubscriber/LOADING]: Auto-subscribing net.mcreator.unusualend.recipes.brewing.ChorusTeaBrewingBrewingRecipe to MOD
[30Apr2025 23:13:20.745] [modloading-worker-0/DEBUG] [net.minecraftforge.fml.javafmlmod.AutomaticEventSubscriber/LOADING]: Auto-subscribing net.mcreator.unusualend.recipes.brewing.BuildingPotionRecipeBrewingRecipe to MOD
[30Apr2025 23:13:20.750] [modloading-worker-0/DEBUG] [net.minecraftforge.fml.javafmlmod.AutomaticEventSubscriber/LOADING]: Auto-subscribing net.mcreator.unusualend.recipes.brewing.AdvancedHastePotionBrewingRecipe to MOD
[30Apr2025 23:13:20.751] [modloading-worker-0/DEBUG] [net.minecraftforge.fml.javafmlmod.AutomaticEventSubscriber/LOADING]: Auto-subscribing net.mcreator.unusualend.procedures.WhenPlayerHurtProcedure to FORGE
[30Apr2025 23:13:20.753] [modloading-worker-0/DEBUG] [net.minecraftforge.fml.javafmlmod.AutomaticEventSubscriber/LOADING]: Auto-subscribing net.mcreator.unusualend.procedures.WarpedSquashOnBlockRightClickedProcedure to FORGE
[30Apr2025 23:13:20.758] [modloading-worker-0/DEBUG] [net.minecraftforge.fml.javafmlmod.AutomaticEventSubscriber/LOADING]: Auto-subscribing net.mcreator.unusualend.procedures.WarpedReefFishProcedure to FORGE
[30Apr2025 23:13:20.763] [modloading-worker-0/DEBUG] [net.minecraftforge.fml.javafmlmod.AutomaticEventSubscriber/LOADING]: Auto-subscribing net.mcreator.unusualend.procedures.WarpedBubbleHurtProcedure to FORGE
[30Apr2025 23:13:20.764] [modloading-worker-0/DEBUG] [net.minecraftforge.fml.javafmlmod.AutomaticEventSubscriber/LOADING]: Auto-subscribing net.mcreator.unusualend.procedures.UltraInstinctChorusProcedure to FORGE
[30Apr2025 23:13:20.767] [modloading-worker-0/DEBUG] [net.minecraftforge.fml.javafmlmod.AutomaticEventSubscriber/LOADING]: Auto-subscribing net.mcreator.unusualend.procedures.TeleportToWarpingWaystoneProcedure to FORGE
[30Apr2025 23:13:20.772] [modloading-worker-0/DEBUG] [net.minecraftforge.fml.javafmlmod.AutomaticEventSubscriber/LOADING]: Auto-subscribing net.mcreator.unusualend.procedures.TPConfirmProcedure to FORGE
[30Apr2025 23:13:20.779] [modloading-worker-0/DEBUG] [net.minecraftforge.fml.javafmlmod.AutomaticEventSubscriber/LOADING]: Auto-subscribing net.mcreator.unusualend.procedures.StipPlanksProcedure to FORGE
[30Apr2025 23:13:20.783] [modloading-worker-0/DEBUG] [net.minecraftforge.fml.javafmlmod.AutomaticEventSubscriber/LOADING]: Auto-subscribing net.mcreator.unusualend.procedures.ShinyGloopstoneBlockDestroyedByPlayerProcedure to FORGE
[30Apr2025 23:13:20.785] [modloading-worker-0/DEBUG] [net.minecraftforge.fml.javafmlmod.AutomaticEventSubscriber/LOADING]: Auto-subscribing net.mcreator.unusualend.procedures.ShearChorusProcedure to FORGE
[30Apr2025 23:13:20.787] [modloading-worker-0/DEBUG] [net.minecraftforge.fml.javafmlmod.AutomaticEventSubscriber/LOADING]: Auto-subscribing net.mcreator.unusualend.procedures.ShearChorusFlowersProcedure to FORGE
[30Apr2025 23:13:20.788] [modloading-worker-0/DEBUG] [net.minecraftforge.fml.javafmlmod.AutomaticEventSubscriber/LOADING]: Auto-subscribing net.mcreator.unusualend.procedures.ShearChorusCaneProcedure to FORGE
[30Apr2025 23:13:20.789] [modloading-worker-0/DEBUG] [net.minecraftforge.fml.javafmlmod.AutomaticEventSubscriber/LOADING]: Auto-subscribing net.mcreator.unusualend.procedures.RideBolokProcedure to FORGE
[30Apr2025 23:13:20.796] [modloading-worker-0/DEBUG] [net.minecraftforge.fml.javafmlmod.AutomaticEventSubscriber/LOADING]: Auto-subscribing net.mcreator.unusualend.procedures.ReturnMusicProcedure to FORGE
[30Apr2025 23:13:20.797] [modloading-worker-0/DEBUG] [net.minecraftforge.fml.javafmlmod.AutomaticEventSubscriber/LOADING]: Auto-subscribing net.mcreator.unusualend.procedures.ReduceBouncyDamagesProcedure to FORGE
[30Apr2025 23:13:20.802] [modloading-worker-0/DEBUG] [net.minecraftforge.fml.javafmlmod.AutomaticEventSubscriber/LOADING]: Auto-subscribing net.mcreator.unusualend.procedures.PlayerTickUpdateShieldProcedure to FORGE
[30Apr2025 23:13:20.803] [modloading-worker-0/DEBUG] [net.minecraftforge.fml.javafmlmod.AutomaticEventSubscriber/LOADING]: Auto-subscribing net.mcreator.unusualend.procedures.PlayerTickUpdateMusicProcedure to FORGE
[30Apr2025 23:13:20.808] [modloading-worker-0/DEBUG] [net.minecraftforge.fml.javafmlmod.AutomaticEventSubscriber/LOADING]: Auto-subscribing net.mcreator.unusualend.procedures.PlayerTickPlayMusicProcedure to FORGE
[30Apr2025 23:13:20.812] [modloading-worker-0/DEBUG] [net.minecraftforge.fml.javafmlmod.AutomaticEventSubscriber/LOADING]: Auto-subscribing net.mcreator.unusualend.procedures.PlayerTickOverlayProcedure to FORGE
[30Apr2025 23:13:20.816] [modloading-worker-0/DEBUG] [net.minecraftforge.fml.javafmlmod.AutomaticEventSubscriber/LOADING]: Auto-subscribing net.mcreator.unusualend.procedures.PlayerRightClickProcedure to FORGE
[30Apr2025 23:13:20.818] [modloading-worker-0/DEBUG] [net.minecraftforge.fml.javafmlmod.AutomaticEventSubscriber/LOADING]: Auto-subscribing net.mcreator.unusualend.procedures.PearlescentRingTriggerProcedure to FORGE
[30Apr2025 23:13:20.824] [modloading-worker-0/DEBUG] [net.minecraftforge.fml.javafmlmod.AutomaticEventSubscriber/LOADING]: Auto-subscribing net.mcreator.unusualend.procedures.OnRightClickOnVoidExplosiveProcedure to FORGE
[30Apr2025 23:13:20.825] [modloading-worker-0/DEBUG] [net.minecraftforge.fml.javafmlmod.AutomaticEventSubscriber/LOADING]: Auto-subscribing net.mcreator.unusualend.procedures.OnPlayerProcedureRespawnUpdateProcedure to FORGE
[30Apr2025 23:13:20.829] [modloading-worker-0/DEBUG] [net.minecraftforge.fml.javafmlmod.AutomaticEventSubscriber/LOADING]: Auto-subscribing net.mcreator.unusualend.procedures.OnBreakChorusProcedure to FORGE
[30Apr2025 23:13:20.830] [modloading-worker-0/DEBUG] [net.minecraftforge.fml.javafmlmod.AutomaticEventSubscriber/LOADING]: Auto-subscribing net.mcreator.unusualend.procedures.LinkedTotemTriggerProcedure to FORGE
[30Apr2025 23:13:20.836] [modloading-worker-0/DEBUG] [net.minecraftforge.fml.javafmlmod.AutomaticEventSubscriber/LOADING]: Auto-subscribing net.mcreator.unusualend.procedures.LeechingWandRightClickProcedure to FORGE
[30Apr2025 23:13:20.837] [modloading-worker-0/DEBUG] [net.minecraftforge.fml.javafmlmod.AutomaticEventSubscriber/LOADING]: Auto-subscribing net.mcreator.unusualend.procedures.GolemProtectDraglingsProcedure to FORGE
[30Apr2025 23:13:20.838] [modloading-worker-0/DEBUG] [net.minecraftforge.fml.javafmlmod.AutomaticEventSubscriber/LOADING]: Auto-subscribing net.mcreator.unusualend.procedures.GolemOrbUseProcedure to FORGE
[30Apr2025 23:13:20.844] [modloading-worker-0/DEBUG] [net.minecraftforge.fml.javafmlmod.AutomaticEventSubscriber/LOADING]: Auto-subscribing net.mcreator.unusualend.procedures.FireflyInstakillProcedure to FORGE
[30Apr2025 23:13:20.849] [modloading-worker-0/DEBUG] [net.minecraftforge.fml.javafmlmod.AutomaticEventSubscriber/LOADING]: Auto-subscribing net.mcreator.unusualend.procedures.FireFlyRegenProcedure to FORGE
[30Apr2025 23:13:20.850] [modloading-worker-0/DEBUG] [net.minecraftforge.fml.javafmlmod.AutomaticEventSubscriber/LOADING]: Auto-subscribing net.mcreator.unusualend.procedures.FeedBolokFinProcedure to FORGE
[30Apr2025 23:13:20.858] [modloading-worker-0/DEBUG] [net.minecraftforge.fml.javafmlmod.AutomaticEventSubscriber/LOADING]: Auto-subscribing net.mcreator.unusualend.procedures.EverlastingSaveItemsProcedure to FORGE
[30Apr2025 23:13:20.862] [modloading-worker-0/DEBUG] [net.minecraftforge.fml.javafmlmod.AutomaticEventSubscriber/LOADING]: Auto-subscribing net.mcreator.unusualend.procedures.EverlastingEnchantProcedure to FORGE
[30Apr2025 23:13:20.863] [modloading-worker-0/DEBUG] [net.minecraftforge.fml.javafmlmod.AutomaticEventSubscriber/LOADING]: Auto-subscribing net.mcreator.unusualend.procedures.EndermitesInfectProcedure to FORGE
[30Apr2025 23:13:20.864] [modloading-worker-0/DEBUG] [net.minecraftforge.fml.javafmlmod.AutomaticEventSubscriber/LOADING]: Auto-subscribing net.mcreator.unusualend.procedures.EnderlingTpProcedure to FORGE
[30Apr2025 23:13:20.868] [modloading-worker-0/DEBUG] [net.minecraftforge.fml.javafmlmod.AutomaticEventSubscriber/LOADING]: Auto-subscribing net.mcreator.unusualend.procedures.EnchantsHurtProcedure to FORGE
[30Apr2025 23:13:20.869] [modloading-worker-0/DEBUG] [net.minecraftforge.fml.javafmlmod.AutomaticEventSubscriber/LOADING]: Auto-subscribing net.mcreator.unusualend.procedures.ElytraDamagesProcedure to FORGE
[30Apr2025 23:13:20.870] [modloading-worker-0/DEBUG] [net.minecraftforge.fml.javafmlmod.AutomaticEventSubscriber/LOADING]: Auto-subscribing net.mcreator.unusualend.procedures.CrystallizeDamagesProcedure to FORGE
[30Apr2025 23:13:20.874] [modloading-worker-0/DEBUG] [net.minecraftforge.fml.javafmlmod.AutomaticEventSubscriber/LOADING]: Auto-subscribing net.mcreator.unusualend.procedures.CrystalCatalystRightclickedOnBlockProcedure to FORGE
[30Apr2025 23:13:20.867] [modloading-worker-0/DEBUG] [net.minecraftforge.fml.javafmlmod.AutomaticEventSubscriber/LOADING]: Attempting to inject @EventBusSubscriber classes into the eventbus for cataclysm
[30Apr2025 23:13:20.878] [modloading-worker-0/DEBUG] [net.minecraftforge.fml.javafmlmod.AutomaticEventSubscriber/LOADING]: Auto-subscribing net.mcreator.unusualend.procedures.CooldownEndstoneGolemProcedure to FORGE
[30Apr2025 23:13:20.879] [modloading-worker-0/DEBUG] [net.minecraftforge.fml.javafmlmod.AutomaticEventSubscriber/LOADING]: Auto-subscribing com.github.L_Ender.cataclysm.world.CMWorldRegistry to MOD
[30Apr2025 23:13:20.880] [modloading-worker-0/DEBUG] [net.minecraftforge.fml.javafmlmod.AutomaticEventSubscriber/LOADING]: Auto-subscribing com.github.L_Ender.cataclysm.init.ModEntities to MOD
[30Apr2025 23:13:20.882] [modloading-worker-0/DEBUG] [net.minecraftforge.fml.javafmlmod.AutomaticEventSubscriber/LOADING]: Auto-subscribing com.github.L_Ender.cataclysm.event.ServerEventHandler to FORGE
[30Apr2025 23:13:20.884] [modloading-worker-0/DEBUG] [net.minecraftforge.fml.javafmlmod.AutomaticEventSubscriber/LOADING]: Auto-subscribing com.github.L_Ender.cataclysm.CommonProxy to MOD
[30Apr2025 23:13:20.884] [modloading-worker-0/DEBUG] [net.minecraftforge.fml.javafmlmod.AutomaticEventSubscriber/LOADING]: Auto-subscribing com.github.L_Ender.cataclysm.Cataclysm to FORGE
[30Apr2025 23:13:20.885] [modloading-worker-0/DEBUG] [net.minecraftforge.fml.javafmlmod.AutomaticEventSubscriber/LOADING]: Auto-subscribing net.mcreator.unusualend.procedures.CitrineTalismanBoostProcedure to FORGE
[30Apr2025 23:13:20.886] [modloading-worker-0/DEBUG] [net.minecraftforge.fml.javafmlmod.AutomaticEventSubscriber/LOADING]: Auto-subscribing net.mcreator.unusualend.procedures.CitrineFallDamageBounceProcedure to FORGE
[30Apr2025 23:13:20.888] [modloading-worker-0/DEBUG] [net.minecraftforge.fml.javafmlmod.AutomaticEventSubscriber/LOADING]: Auto-subscribing net.mcreator.unusualend.procedures.BuildingInhibOwnerProcedure to FORGE
[30Apr2025 23:13:20.891] [modloading-worker-0/DEBUG] [net.minecraftforge.fml.javafmlmod.AutomaticEventSubscriber/LOADING]: Auto-subscribing net.mcreator.unusualend.procedures.BoneMealEndstoneProcedure to FORGE
[30Apr2025 23:13:20.893] [modloading-worker-0/DEBUG] [net.minecraftforge.fml.javafmlmod.AutomaticEventSubscriber/LOADING]: Attempting to inject @EventBusSubscriber classes into the eventbus for twilightforest
[30Apr2025 23:13:20.893] [modloading-worker-0/DEBUG] [net.minecraftforge.fml.javafmlmod.AutomaticEventSubscriber/LOADING]: Auto-subscribing net.mcreator.unusualend.procedures.BolokConvertShulkersProcedure to FORGE
[30Apr2025 23:13:20.893] [modloading-worker-0/DEBUG] [net.minecraftforge.fml.javafmlmod.AutomaticEventSubscriber/LOADING]: Auto-subscribing twilightforest.util.TFRemapper to FORGE
[30Apr2025 23:13:20.894] [modloading-worker-0/DEBUG] [net.minecraftforge.fml.javafmlmod.AutomaticEventSubscriber/LOADING]: Auto-subscribing net.mcreator.unusualend.procedures.BlobShieldKnockbackProcedure to FORGE
[30Apr2025 23:13:20.895] [modloading-worker-0/DEBUG] [net.minecraftforge.fml.javafmlmod.AutomaticEventSubscriber/LOADING]: Auto-subscribing net.mcreator.unusualend.procedures.BlobQueenAttackAnimProcedure to FORGE
[30Apr2025 23:13:20.897] [modloading-worker-0/DEBUG] [net.minecraftforge.fml.javafmlmod.AutomaticEventSubscriber/LOADING]: Auto-subscribing twilightforest.loot.modifiers.GiantToolGroupingModifier to FORGE
[30Apr2025 23:13:20.905] [modloading-worker-0/DEBUG] [net.minecraftforge.fml.javafmlmod.AutomaticEventSubscriber/LOADING]: Auto-subscribing net.mcreator.unusualend.procedures.AttributesModifiersProcedure to FORGE
[30Apr2025 23:13:20.906] [modloading-worker-0/DEBUG] [net.minecraftforge.fml.config.ConfigTracker/CONFIG]: Config file curios-client.toml for curios tracking
[30Apr2025 23:13:20.907] [modloading-worker-0/DEBUG] [net.minecraftforge.fml.javafmlmod.AutomaticEventSubscriber/LOADING]: Auto-subscribing twilightforest.item.OreMagnetItem to FORGE
[30Apr2025 23:13:20.910] [modloading-worker-0/DEBUG] [net.minecraftforge.fml.javafmlmod.AutomaticEventSubscriber/LOADING]: Auto-subscribing net.mcreator.unusualend.procedures.AncientSwordEntitySwingsItemProcedure to FORGE
[30Apr2025 23:13:20.910] [modloading-worker-0/DEBUG] [net.minecraftforge.fml.config.ConfigTracker/CONFIG]: Config file curios-common.toml for curios tracking
[30Apr2025 23:13:20.910] [modloading-worker-0/DEBUG] [net.minecraftforge.fml.config.ConfigTracker/CONFIG]: Config file curios-server.toml for curios tracking
[30Apr2025 23:13:20.911] [modloading-worker-0/DEBUG] [net.minecraftforge.fml.javafmlmod.AutomaticEventSubscriber/LOADING]: Attempting to inject @EventBusSubscriber classes into the eventbus for curios
[30Apr2025 23:13:20.911] [modloading-worker-0/DEBUG] [net.minecraftforge.fml.javafmlmod.AutomaticEventSubscriber/LOADING]: Auto-subscribing net.mcreator.unusualend.network.UnusualendModVariables to MOD
[30Apr2025 23:13:20.916] [modloading-worker-0/DEBUG] [net.minecraftforge.fml.javafmlmod.AutomaticEventSubscriber/LOADING]: Auto-subscribing twilightforest.item.FierySwordItem to FORGE
[30Apr2025 23:13:20.917] [modloading-worker-0/INFO] [com.autovw.advancednetherite.AdvancedNetherite/]: Initializing platform helper for Advanced Netherite!
[30Apr2025 23:13:20.921] [modloading-worker-0/DEBUG] [net.minecraftforge.fml.javafmlmod.AutomaticEventSubscriber/LOADING]: Auto-subscribing twilightforest.init.TFEntities to MOD
[30Apr2025 23:13:20.922] [modloading-worker-0/DEBUG] [net.minecraftforge.fml.javafmlmod.AutomaticEventSubscriber/LOADING]: Auto-subscribing twilightforest.init.TFCaveCarvers to MOD
[30Apr2025 23:13:20.922] [modloading-worker-0/DEBUG] [net.minecraftforge.fml.javafmlmod.AutomaticEventSubscriber/LOADING]: Auto-subscribing net.mcreator.unusualend.network.UnusualendModVariables$PlayerVariablesProvider to FORGE
[30Apr2025 23:13:20.923] [modloading-worker-0/DEBUG] [net.minecraftforge.fml.javafmlmod.AutomaticEventSubscriber/LOADING]: Auto-subscribing net.mcreator.unusualend.network.UnusualendModVariables$EventBusVariableHandlers to FORGE
[30Apr2025 23:13:20.940] [modloading-worker-0/DEBUG] [net.minecraftforge.fml.javafmlmod.AutomaticEventSubscriber/LOADING]: Auto-subscribing net.mcreator.unusualend.network.InfuserGUIButtonMessage to MOD
[30Apr2025 23:13:20.941] [modloading-worker-0/DEBUG] [net.minecraftforge.fml.javafmlmod.AutomaticEventSubscriber/LOADING]: Auto-subscribing net.mcreator.unusualend.network.BolokNotesButtonMessage to MOD
[30Apr2025 23:13:20.944] [modloading-worker-0/DEBUG] [net.minecraftforge.fml.javafmlmod.AutomaticEventSubscriber/LOADING]: Auto-subscribing twilightforest.events.ToolEvents to FORGE
[30Apr2025 23:13:20.947] [modloading-worker-0/DEBUG] [net.minecraftforge.fml.javafmlmod.AutomaticEventSubscriber/LOADING]: Auto-subscribing net.mcreator.unusualend.init.UnusualendModTrades to FORGE
[30Apr2025 23:13:20.948] [modloading-worker-0/DEBUG] [net.minecraftforge.fml.javafmlmod.AutomaticEventSubscriber/LOADING]: Auto-subscribing net.mcreator.unusualend.init.UnusualendModRecipeTypes to MOD
[30Apr2025 23:13:20.949] [modloading-worker-0/DEBUG] [net.minecraftforge.fml.javafmlmod.AutomaticEventSubscriber/LOADING]: Auto-subscribing net.mcreator.unusualend.init.UnusualendModLootModifier to MOD
[30Apr2025 23:13:20.956] [modloading-worker-0/DEBUG] [net.minecraftforge.fml.javafmlmod.AutomaticEventSubscriber/LOADING]: Auto-subscribing net.mcreator.unusualend.init.UnusualendModFuels to FORGE
[30Apr2025 23:13:20.957] [modloading-worker-0/DEBUG] [net.minecraftforge.fml.javafmlmod.AutomaticEventSubscriber/LOADING]: Auto-subscribing net.mcreator.unusualend.init.UnusualendModFeatures to FORGE
[30Apr2025 23:13:20.957] [modloading-worker-0/DEBUG] [net.minecraftforge.fml.javafmlmod.AutomaticEventSubscriber/LOADING]: Auto-subscribing net.mcreator.unusualend.init.UnusualendModEntities to MOD
[30Apr2025 23:13:20.958] [modloading-worker-0/DEBUG] [net.minecraftforge.fml.javafmlmod.AutomaticEventSubscriber/LOADING]: Auto-subscribing net.mcreator.unusualend.init.UnusualendModConfigs to MOD
[30Apr2025 23:13:20.958] [modloading-worker-0/DEBUG] [net.minecraftforge.fml.javafmlmod.AutomaticEventSubscriber/LOADING]: Auto-subscribing twilightforest.events.ProgressionEvents to FORGE
[30Apr2025 23:13:20.960] [modloading-worker-0/DEBUG] [net.minecraftforge.fml.javafmlmod.AutomaticEventSubscriber/LOADING]: Auto-subscribing net.mcreator.unusualend.init.UnusualendModCompostableItems to MOD
[30Apr2025 23:13:20.958] [modloading-worker-0/DEBUG] [net.minecraftforge.fml.config.ConfigTracker/CONFIG]: Config file advancednetherite-client.toml for advancednetherite tracking
[30Apr2025 23:13:20.960] [modloading-worker-0/DEBUG] [net.minecraftforge.fml.config.ConfigTracker/CONFIG]: Config file advancednetherite-common.toml for advancednetherite tracking
[30Apr2025 23:13:20.960] [modloading-worker-0/DEBUG] [net.minecraftforge.fml.config.ConfigTracker/CONFIG]: Config file advancednetherite-server.toml for advancednetherite tracking
[30Apr2025 23:13:20.961] [modloading-worker-0/DEBUG] [net.minecraftforge.fml.javafmlmod.AutomaticEventSubscriber/LOADING]: Auto-subscribing net.mcreator.unusualend.PotionEffectHud to MOD
[30Apr2025 23:13:20.965] [modloading-worker-0/DEBUG] [net.minecraftforge.fml.javafmlmod.AutomaticEventSubscriber/LOADING]: Auto-subscribing net.mcreator.unusualend.PotionEffectHud$ForgeBusEvents to FORGE
[30Apr2025 23:13:20.967] [modloading-worker-0/DEBUG] [net.minecraftforge.fml.javafmlmod.AutomaticEventSubscriber/LOADING]: Auto-subscribing twilightforest.events.MiscEvents to FORGE
[30Apr2025 23:13:20.972] [modloading-worker-0/DEBUG] [net.minecraftforge.fml.javafmlmod.AutomaticEventSubscriber/LOADING]: Auto-subscribing twilightforest.events.HostileMountEvents to FORGE
[30Apr2025 23:13:20.978] [modloading-worker-0/DEBUG] [net.minecraftforge.fml.javafmlmod.AutomaticEventSubscriber/LOADING]: Auto-subscribing twilightforest.events.EntityEvents to FORGE
[30Apr2025 23:13:20.991] [modloading-worker-0/DEBUG] [net.minecraftforge.fml.javafmlmod.AutomaticEventSubscriber/LOADING]: Attempting to inject @EventBusSubscriber classes into the eventbus for advancednetherite
[30Apr2025 23:13:20.992] [modloading-worker-0/DEBUG] [net.minecraftforge.fml.javafmlmod.AutomaticEventSubscriber/LOADING]: Auto-subscribing com.autovw.advancednetherite.datagen.ModDataGenerator to MOD
[30Apr2025 23:13:20.994] [modloading-worker-0/DEBUG] [net.minecraftforge.fml.javafmlmod.AutomaticEventSubscriber/LOADING]: Auto-subscribing com.autovw.advancednetherite.common.EventHandler to FORGE
[30Apr2025 23:13:20.996] [modloading-worker-0/DEBUG] [net.minecraftforge.fml.javafmlmod.AutomaticEventSubscriber/LOADING]: Auto-subscribing twilightforest.events.CharmEvents to FORGE
[30Apr2025 23:13:20.997] [modloading-worker-0/DEBUG] [net.minecraftforge.fml.javafmlmod.AutomaticEventSubscriber/LOADING]: Auto-subscribing com.autovw.advancednetherite.AdvancedNetheriteTab to MOD
[30Apr2025 23:13:20.999] [modloading-worker-0/DEBUG] [net.minecraftforge.fml.javafmlmod.AutomaticEventSubscriber/LOADING]: Auto-subscribing twilightforest.events.CapabilityEvents to FORGE
[30Apr2025 23:13:21.004] [modloading-worker-0/DEBUG] [net.minecraftforge.fml.javafmlmod.AutomaticEventSubscriber/LOADING]: Auto-subscribing twilightforest.data.DataGenerators to MOD
[30Apr2025 23:13:21.009] [modloading-worker-0/DEBUG] [mixin/]: Mixing RegistriesDatapackGeneratorAccessor from vampirism.mixins.json into net.minecraft.data.registries.RegistriesDatapackGenerator
[30Apr2025 23:13:21.015] [modloading-worker-0/DEBUG] [net.minecraftforge.fml.javafmlmod.AutomaticEventSubscriber/LOADING]: Auto-subscribing twilightforest.TFTickHandler to FORGE
[30Apr2025 23:13:21.019] [modloading-worker-0/DEBUG] [net.minecraftforge.fml.javafmlmod.AutomaticEventSubscriber/LOADING]: Auto-subscribing twilightforest.TFConfig to MOD
[30Apr2025 23:13:21.021] [modloading-worker-0/DEBUG] [net.minecraftforge.fml.javafmlmod.AutomaticEventSubscriber/LOADING]: Auto-subscribing twilightforest.TFConfig$ConfigSync to FORGE
[30Apr2025 23:13:21.032] [modloading-worker-0/DEBUG] [net.minecraftforge.fml.javafmlmod.AutomaticEventSubscriber/LOADING]: Attempting to inject @EventBusSubscriber classes into the eventbus for resourcefullib
[30Apr2025 23:13:21.133] [modloading-worker-0/DEBUG] [net.minecraftforge.fml.javafmlmod.AutomaticEventSubscriber/LOADING]: Attempting to inject @EventBusSubscriber classes into the eventbus for architectury
[30Apr2025 23:13:21.136] [modloading-worker-0/DEBUG] [net.minecraftforge.fml.javafmlmod.AutomaticEventSubscriber/LOADING]: Auto-subscribing dev.architectury.registry.level.entity.trade.forge.TradeRegistryImpl to FORGE
[30Apr2025 23:13:21.137] [modloading-worker-0/DEBUG] [net.minecraftforge.fml.javafmlmod.AutomaticEventSubscriber/LOADING]: Auto-subscribing dev.architectury.registry.forge.ReloadListenerRegistryImpl to FORGE
[30Apr2025 23:13:21.141] [modloading-worker-0/DEBUG] [net.minecraftforge.fml.javafmlmod.AutomaticEventSubscriber/LOADING]: Auto-subscribing dev.architectury.networking.forge.NetworkManagerImpl to FORGE
[30Apr2025 23:13:21.146] [modloading-worker-0/INFO] [dev.architectury.networking.forge.NetworkManagerImpl/]: Registering C2S receiver with id architectury:sync_ids
[30Apr2025 23:13:21.296] [modloading-worker-0/DEBUG] [net.minecraftforge.fml.config.ConfigTracker/CONFIG]: Config file irons_spellbooks-client.toml for irons_spellbooks tracking
[30Apr2025 23:13:21.343] [modloading-worker-0/DEBUG] [net.minecraftforge.fml.javafmlmod.AutomaticEventSubscriber/LOADING]: Attempting to inject @EventBusSubscriber classes into the eventbus for born_in_chaos_v1
[30Apr2025 23:13:21.349] [modloading-worker-0/DEBUG] [net.minecraftforge.fml.javafmlmod.AutomaticEventSubscriber/LOADING]: Auto-subscribing net.mcreator.borninchaosv.recipes.brewing.StimulatingDecoctionPBrewingRecipe to MOD
[30Apr2025 23:13:21.351] [modloading-worker-0/DEBUG] [net.minecraftforge.fml.javafmlmod.AutomaticEventSubscriber/LOADING]: Auto-subscribing net.mcreator.borninchaosv.recipes.brewing.SeaTerrorEyeKBrewingRecipe to MOD
[30Apr2025 23:13:21.356] [modloading-worker-0/DEBUG] [net.minecraftforge.fml.javafmlmod.AutomaticEventSubscriber/LOADING]: Auto-subscribing net.mcreator.borninchaosv.recipes.brewing.PotionofRampagekBrewingRecipe to MOD
[30Apr2025 23:13:21.356] [modloading-worker-0/DEBUG] [net.minecraftforge.fml.javafmlmod.AutomaticEventSubscriber/LOADING]: Auto-subscribing net.mcreator.borninchaosv.recipes.brewing.PotionofMagicalDepletionKBrewingRecipe to MOD
[30Apr2025 23:13:21.357] [modloading-worker-0/DEBUG] [net.minecraftforge.fml.config.ConfigTracker/CONFIG]: Config file irons_spellbooks-server.toml for irons_spellbooks tracking
[30Apr2025 23:13:21.357] [modloading-worker-0/DEBUG] [net.minecraftforge.fml.javafmlmod.AutomaticEventSubscriber/LOADING]: Auto-subscribing net.mcreator.borninchaosv.recipes.brewing.PotionofLivingCocoonCraftBrewingRecipe to MOD
[30Apr2025 23:13:21.360] [modloading-worker-0/DEBUG] [net.minecraftforge.fml.javafmlmod.AutomaticEventSubscriber/LOADING]: Auto-subscribing net.mcreator.borninchaosv.recipes.brewing.IntoxicationPotionKBrewingRecipe to MOD
[30Apr2025 23:13:21.361] [modloading-worker-0/DEBUG] [net.minecraftforge.fml.javafmlmod.AutomaticEventSubscriber/LOADING]: Auto-subscribing net.mcreator.borninchaosv.recipes.brewing.ElixirofWitherResistanceCraftBrewingRecipe to MOD
[30Apr2025 23:13:21.363] [modloading-worker-0/DEBUG] [net.minecraftforge.fml.javafmlmod.AutomaticEventSubscriber/LOADING]: Auto-subscribing net.mcreator.borninchaosv.recipes.brewing.ElixirofVampirismKBrewingRecipe to MOD
[30Apr2025 23:13:21.366] [modloading-worker-0/DEBUG] [net.minecraftforge.fml.javafmlmod.AutomaticEventSubscriber/LOADING]: Auto-subscribing net.mcreator.borninchaosv.recipes.brewing.ElixirofInsectProtectionCraftBrewingRecipe to MOD
[30Apr2025 23:13:21.363] [modloading-worker-0/DEBUG] [net.minecraftforge.fml.javafmlmod.AutomaticEventSubscriber/LOADING]: Attempting to inject @EventBusSubscriber classes into the eventbus for irons_spellbooks
[30Apr2025 23:13:21.366] [modloading-worker-0/DEBUG] [net.minecraftforge.fml.javafmlmod.AutomaticEventSubscriber/LOADING]: Auto-subscribing io.redspace.ironsspellbooks.worldgen.VillageAddition to FORGE
[30Apr2025 23:13:21.367] [modloading-worker-0/DEBUG] [net.minecraftforge.fml.javafmlmod.AutomaticEventSubscriber/LOADING]: Auto-subscribing net.mcreator.borninchaosv.recipes.brewing.ElixirofIceBarrierCraftBrewingRecipe to MOD
[30Apr2025 23:13:21.367] [modloading-worker-0/DEBUG] [net.minecraftforge.fml.javafmlmod.AutomaticEventSubscriber/LOADING]: Auto-subscribing net.mcreator.borninchaosv.recipes.brewing.ChaosComponentCraftBrewingRecipe to MOD
[30Apr2025 23:13:21.368] [modloading-worker-0/DEBUG] [net.minecraftforge.fml.javafmlmod.AutomaticEventSubscriber/LOADING]: Auto-subscribing net.mcreator.borninchaosv.recipes.brewing.BottleOfMagicalEnergyKBrewingRecipe to MOD
[30Apr2025 23:13:21.369] [modloading-worker-0/DEBUG] [net.minecraftforge.fml.javafmlmod.AutomaticEventSubscriber/LOADING]: Auto-subscribing io.redspace.ironsspellbooks.setup.DataHandling to FORGE
[30Apr2025 23:13:21.369] [modloading-worker-0/DEBUG] [net.minecraftforge.fml.javafmlmod.AutomaticEventSubscriber/LOADING]: Auto-subscribing net.mcreator.borninchaosv.procedures.ZombieswithDoorPriObnovlieniiTaktaSushchnostiProcedure to FORGE
[30Apr2025 23:13:21.371] [modloading-worker-0/DEBUG] [net.minecraftforge.fml.javafmlmod.AutomaticEventSubscriber/LOADING]: Auto-subscribing io.redspace.ironsspellbooks.setup.CommonSetup to MOD
[30Apr2025 23:13:21.373] [modloading-worker-0/DEBUG] [net.minecraftforge.fml.javafmlmod.AutomaticEventSubscriber/LOADING]: Auto-subscribing net.mcreator.borninchaosv.procedures.ZombiefishermanatackProcedure to FORGE
[30Apr2025 23:13:21.376] [modloading-worker-0/DEBUG] [net.minecraftforge.fml.javafmlmod.AutomaticEventSubscriber/LOADING]: Auto-subscribing net.mcreator.borninchaosv.procedures.ZombieclownatacProcedure to FORGE
[30Apr2025 23:13:21.375] [modloading-worker-0/DEBUG] [net.minecraftforge.fml.javafmlmod.AutomaticEventSubscriber/LOADING]: Auto-subscribing io.redspace.ironsspellbooks.registries.CreativeTabRegistry to MOD
[30Apr2025 23:13:21.378] [modloading-worker-0/DEBUG] [net.minecraftforge.fml.javafmlmod.AutomaticEventSubscriber/LOADING]: Auto-subscribing io.redspace.ironsspellbooks.registries.CommandRegistry to FORGE
[30Apr2025 23:13:21.379] [modloading-worker-0/DEBUG] [net.minecraftforge.fml.javafmlmod.AutomaticEventSubscriber/LOADING]: Auto-subscribing io.redspace.ironsspellbooks.player.ServerPlayerEvents to FORGE
[30Apr2025 23:13:21.380] [modloading-worker-0/DEBUG] [net.minecraftforge.fml.javafmlmod.AutomaticEventSubscriber/LOADING]: Auto-subscribing net.mcreator.borninchaosv.procedures.ZombieMaggotsProcedure to FORGE
[30Apr2025 23:13:21.385] [modloading-worker-0/DEBUG] [net.minecraftforge.fml.javafmlmod.AutomaticEventSubscriber/LOADING]: Auto-subscribing net.mcreator.borninchaosv.procedures.ZombieLumberjackAtackProcedure to FORGE
[30Apr2025 23:13:21.388] [modloading-worker-0/DEBUG] [net.minecraftforge.fml.javafmlmod.AutomaticEventSubscriber/LOADING]: Auto-subscribing net.mcreator.borninchaosv.procedures.ZombieBruiseratackProcedure to FORGE
[30Apr2025 23:13:21.389] [modloading-worker-0/DEBUG] [net.minecraftforge.fml.javafmlmod.AutomaticEventSubscriber/LOADING]: Auto-subscribing net.mcreator.borninchaosv.procedures.WeaponDescriptionProcedure to FORGE
[30Apr2025 23:13:21.397] [modloading-worker-0/DEBUG] [net.minecraftforge.fml.javafmlmod.AutomaticEventSubscriber/LOADING]: Auto-subscribing net.mcreator.borninchaosv.procedures.WarningSoundProcedure to FORGE
[30Apr2025 23:13:21.398] [modloading-worker-0/DEBUG] [net.minecraftforge.fml.javafmlmod.AutomaticEventSubscriber/LOADING]: Auto-subscribing net.mcreator.borninchaosv.procedures.VampiricTouchAtackProcedure to FORGE
[30Apr2025 23:13:21.401] [modloading-worker-0/DEBUG] [net.minecraftforge.fml.javafmlmod.AutomaticEventSubscriber/LOADING]: Auto-subscribing net.mcreator.borninchaosv.procedures.TransmutingElixirclicProcedure to FORGE
[30Apr2025 23:13:21.407] [modloading-worker-0/DEBUG] [net.minecraftforge.fml.javafmlmod.AutomaticEventSubscriber/LOADING]: Auto-subscribing net.mcreator.borninchaosv.procedures.ThornshellCrabPriShchielchkiePKMPoSushchnostiProcedure to FORGE
[30Apr2025 23:13:21.409] [modloading-worker-0/DEBUG] [net.minecraftforge.fml.javafmlmod.AutomaticEventSubscriber/LOADING]: Auto-subscribing net.mcreator.borninchaosv.procedures.SweetItemDescriptionProcedure to FORGE
[30Apr2025 23:13:21.413] [modloading-worker-0/DEBUG] [net.minecraftforge.fml.javafmlmod.AutomaticEventSubscriber/LOADING]: Auto-subscribing net.mcreator.borninchaosv.procedures.SwarmerPreparationProcedure to FORGE
[30Apr2025 23:13:21.413] [modloading-worker-0/DEBUG] [net.minecraftforge.fml.javafmlmod.AutomaticEventSubscriber/LOADING]: Auto-subscribing net.mcreator.borninchaosv.procedures.SpiritofChaosAtackProcedure to FORGE
[30Apr2025 23:13:21.415] [modloading-worker-0/DEBUG] [net.minecraftforge.fml.javafmlmod.AutomaticEventSubscriber/LOADING]: Auto-subscribing net.mcreator.borninchaosv.procedures.SpiritGuideAtacProcedure to FORGE
[30Apr2025 23:13:21.415] [modloading-worker-0/DEBUG] [net.minecraftforge.fml.javafmlmod.AutomaticEventSubscriber/LOADING]: Auto-subscribing io.redspace.ironsspellbooks.player.AdditionalWanderingTrades to FORGE
[30Apr2025 23:13:21.416] [modloading-worker-0/DEBUG] [net.minecraftforge.fml.javafmlmod.AutomaticEventSubscriber/LOADING]: Auto-subscribing io.redspace.ironsspellbooks.loot.LootDebugEvents to FORGE
[30Apr2025 23:13:21.419] [modloading-worker-0/DEBUG] [net.minecraftforge.fml.javafmlmod.AutomaticEventSubscriber/LOADING]: Auto-subscribing net.mcreator.borninchaosv.procedures.SpinyShellArmorKazhdyiTikDliaShliemaProcedure to FORGE
[30Apr2025 23:13:21.423] [modloading-worker-0/DEBUG] [net.minecraftforge.fml.javafmlmod.AutomaticEventSubscriber/LOADING]: Auto-subscribing io.redspace.ironsspellbooks.entity.mobs.wizards.WizardAIEvents to FORGE
[30Apr2025 23:13:21.423] [modloading-worker-0/DEBUG] [net.minecraftforge.fml.javafmlmod.AutomaticEventSubscriber/LOADING]: Auto-subscribing net.mcreator.borninchaosv.procedures.SkeletonThrasherDProcedure to FORGE
[30Apr2025 23:13:21.424] [modloading-worker-0/DEBUG] [net.minecraftforge.fml.javafmlmod.AutomaticEventSubscriber/LOADING]: Auto-subscribing net.mcreator.borninchaosv.procedures.SerPumpkinheadAtacProcedure to FORGE
[30Apr2025 23:13:21.432] [modloading-worker-0/DEBUG] [net.minecraftforge.fml.javafmlmod.AutomaticEventSubscriber/LOADING]: Auto-subscribing io.redspace.ironsspellbooks.effect.guiding_bolt.GuidingBoltManager to FORGE
[30Apr2025 23:13:21.434] [modloading-worker-0/DEBUG] [net.minecraftforge.fml.javafmlmod.AutomaticEventSubscriber/LOADING]: Auto-subscribing net.mcreator.borninchaosv.procedures.SearedspiritPProcedure to FORGE
[30Apr2025 23:13:21.435] [modloading-worker-0/DEBUG] [net.minecraftforge.fml.javafmlmod.AutomaticEventSubscriber/LOADING]: Auto-subscribing net.mcreator.borninchaosv.procedures.RampagePProcedure to FORGE
[30Apr2025 23:13:21.438] [modloading-worker-0/DEBUG] [net.minecraftforge.fml.javafmlmod.AutomaticEventSubscriber/LOADING]: Auto-subscribing net.mcreator.borninchaosv.procedures.PumpkinbruiserAtacProcedure to FORGE
[30Apr2025 23:13:21.439] [modloading-worker-0/DEBUG] [net.minecraftforge.fml.javafmlmod.AutomaticEventSubscriber/LOADING]: Auto-subscribing net.mcreator.borninchaosv.procedures.PositiveTamingProcedure to FORGE
[30Apr2025 23:13:21.439] [modloading-worker-0/DEBUG] [net.minecraftforge.fml.javafmlmod.AutomaticEventSubscriber/LOADING]: Auto-subscribing io.redspace.ironsspellbooks.effect.ThunderstormEffect to FORGE
[30Apr2025 23:13:21.439] [modloading-worker-0/DEBUG] [net.minecraftforge.fml.javafmlmod.AutomaticEventSubscriber/LOADING]: Auto-subscribing net.mcreator.borninchaosv.procedures.PositiveFertilizerProcedure to FORGE
[30Apr2025 23:13:21.440] [modloading-worker-0/DEBUG] [net.minecraftforge.fml.javafmlmod.AutomaticEventSubscriber/LOADING]: Attempting to inject @EventBusSubscriber classes into the eventbus for mca
[30Apr2025 23:13:21.440] [modloading-worker-0/DEBUG] [net.minecraftforge.fml.javafmlmod.AutomaticEventSubscriber/LOADING]: Auto-subscribing forge.net.mca.forge.ForgeBusEvents to FORGE
[30Apr2025 23:13:21.444] [modloading-worker-0/DEBUG] [net.minecraftforge.fml.javafmlmod.AutomaticEventSubscriber/LOADING]: Auto-subscribing io.redspace.ironsspellbooks.effect.OakskinEffect to FORGE
[30Apr2025 23:13:21.444] [modloading-worker-0/DEBUG] [net.minecraftforge.fml.javafmlmod.AutomaticEventSubscriber/LOADING]: Auto-subscribing forge.net.mca.forge.MCAForge to MOD
[30Apr2025 23:13:21.451] [modloading-worker-0/DEBUG] [net.minecraftforge.fml.javafmlmod.AutomaticEventSubscriber/LOADING]: Auto-subscribing net.mcreator.borninchaosv.procedures.PiritAtacProcedure to FORGE
[30Apr2025 23:13:21.451] [modloading-worker-0/DEBUG] [net.minecraftforge.fml.javafmlmod.AutomaticEventSubscriber/LOADING]: Auto-subscribing io.redspace.ironsspellbooks.effect.GluttonyEffect to FORGE
[30Apr2025 23:13:21.453] [modloading-worker-0/DEBUG] [net.minecraftforge.fml.javafmlmod.AutomaticEventSubscriber/LOADING]: Auto-subscribing io.redspace.ironsspellbooks.effect.EchoingStrikesEffect to FORGE
[30Apr2025 23:13:21.454] [modloading-worker-0/DEBUG] [net.minecraftforge.fml.javafmlmod.AutomaticEventSubscriber/LOADING]: Auto-subscribing io.redspace.ironsspellbooks.effect.BlightEffect to FORGE
[30Apr2025 23:13:21.454] [modloading-worker-0/DEBUG] [net.minecraftforge.fml.javafmlmod.AutomaticEventSubscriber/LOADING]: Auto-subscribing io.redspace.ironsspellbooks.datagen.DataGenerators to MOD
[30Apr2025 23:13:21.455] [modloading-worker-0/DEBUG] [net.minecraftforge.fml.javafmlmod.AutomaticEventSubscriber/LOADING]: Auto-subscribing io.redspace.ironsspellbooks.damage.DamageSources to FORGE
[30Apr2025 23:13:21.457] [modloading-worker-0/DEBUG] [net.minecraftforge.fml.javafmlmod.AutomaticEventSubscriber/LOADING]: Auto-subscribing net.mcreator.borninchaosv.procedures.ObsessiondeadProcedure to FORGE
[30Apr2025 23:13:21.458] [modloading-worker-0/DEBUG] [net.minecraftforge.fml.javafmlmod.AutomaticEventSubscriber/LOADING]: Auto-subscribing net.mcreator.borninchaosv.procedures.NightmareStalkerDamProcedure to FORGE
[30Apr2025 23:13:21.459] [modloading-worker-0/DEBUG] [net.minecraftforge.fml.javafmlmod.AutomaticEventSubscriber/LOADING]: Auto-subscribing net.mcreator.borninchaosv.procedures.MrPumpkinAtacProcedure to FORGE
[30Apr2025 23:13:21.470] [modloading-worker-0/DEBUG] [net.minecraftforge.fml.javafmlmod.AutomaticEventSubscriber/LOADING]: Auto-subscribing net.mcreator.borninchaosv.procedures.MotherSpiderAtackProcedure to FORGE
[30Apr2025 23:13:21.471] [modloading-worker-0/DEBUG] [net.minecraftforge.fml.javafmlmod.AutomaticEventSubscriber/LOADING]: Auto-subscribing net.mcreator.borninchaosv.procedures.MissionaryHatpProcedure to FORGE
[30Apr2025 23:13:21.473] [modloading-worker-0/DEBUG] [net.minecraftforge.fml.javafmlmod.AutomaticEventSubscriber/LOADING]: Auto-subscribing net.mcreator.borninchaosv.procedures.MissionaryAtacktargetProcedure to FORGE
[30Apr2025 23:13:21.476] [modloading-worker-0/DEBUG] [net.minecraftforge.fml.javafmlmod.AutomaticEventSubscriber/LOADING]: Auto-subscribing io.redspace.ironsspellbooks.api.util.CameraShakeManager to FORGE
[30Apr2025 23:13:21.478] [modloading-worker-0/DEBUG] [net.minecraftforge.fml.javafmlmod.AutomaticEventSubscriber/LOADING]: Auto-subscribing io.redspace.ironsspellbooks.api.registry.AttributeRegistry to MOD
[30Apr2025 23:13:21.484] [modloading-worker-0/DEBUG] [net.minecraftforge.fml.javafmlmod.AutomaticEventSubscriber/LOADING]: Auto-subscribing net.mcreator.borninchaosv.procedures.MinionsattacktargetProcedure to FORGE
[30Apr2025 23:13:21.485] [modloading-worker-0/DEBUG] [net.minecraftforge.fml.javafmlmod.AutomaticEventSubscriber/LOADING]: Auto-subscribing net.mcreator.borninchaosv.procedures.LunarSpruceCowboyPProcedure to FORGE
[30Apr2025 23:13:21.485] [modloading-worker-0/DEBUG] [doapi/]: Registering Sounds for doapi
[30Apr2025 23:13:21.486] [modloading-worker-0/DEBUG] [net.minecraftforge.fml.javafmlmod.AutomaticEventSubscriber/LOADING]: Attempting to inject @EventBusSubscriber classes into the eventbus for doapi
[30Apr2025 23:13:21.488] [modloading-worker-0/DEBUG] [net.minecraftforge.fml.javafmlmod.AutomaticEventSubscriber/LOADING]: Attempting to inject @EventBusSubscriber classes into the eventbus for terraform
[30Apr2025 23:13:21.489] [modloading-worker-0/DEBUG] [brewery/]: Initiate brewery
[30Apr2025 23:13:21.490] [modloading-worker-0/DEBUG] [net.minecraftforge.fml.javafmlmod.AutomaticEventSubscriber/LOADING]: Auto-subscribing net.mcreator.borninchaosv.procedures.LordsFelsteedatackProcedure to FORGE
[30Apr2025 23:13:21.495] [modloading-worker-0/DEBUG] [brewery/]: Mob effects
[30Apr2025 23:13:21.503] [modloading-worker-0/DEBUG] [net.minecraftforge.fml.javafmlmod.AutomaticEventSubscriber/LOADING]: Auto-subscribing net.mcreator.borninchaosv.procedures.LordTheHeadlessAtackProcedure to FORGE
[30Apr2025 23:13:21.517] [modloading-worker-0/DEBUG] [net.minecraftforge.fml.javafmlmod.AutomaticEventSubscriber/LOADING]: Auto-subscribing net.mcreator.borninchaosv.procedures.LordPumpkinheadsHatHitProcedure to FORGE
[30Apr2025 23:13:21.518] [modloading-worker-0/DEBUG] [net.minecraftforge.fml.javafmlmod.AutomaticEventSubscriber/LOADING]: Auto-subscribing net.mcreator.borninchaosv.procedures.LordPumpkinheadatackProcedure to FORGE
[30Apr2025 23:13:21.519] [modloading-worker-0/DEBUG] [net.minecraftforge.fml.javafmlmod.AutomaticEventSubscriber/LOADING]: Auto-subscribing net.mcreator.borninchaosv.procedures.LivingcocoonplayersideDeadProcedure to FORGE
[30Apr2025 23:13:21.521] [modloading-worker-0/DEBUG] [mixin/]: Mixing BootsItemMixin from vinery.mixins.json into net.satisfy.vinery.core.item.WinemakerBootsItem
[30Apr2025 23:13:21.524] [modloading-worker-0/DEBUG] [net.minecraftforge.fml.javafmlmod.AutomaticEventSubscriber/LOADING]: Auto-subscribing net.mcreator.borninchaosv.procedures.LivingCocoonDeadProcedure to FORGE
[30Apr2025 23:13:21.525] [modloading-worker-0/DEBUG] [net.minecraftforge.fml.javafmlmod.AutomaticEventSubscriber/LOADING]: Auto-subscribing net.mcreator.borninchaosv.procedures.LifestealerTFAtackProcedure to FORGE
[30Apr2025 23:13:21.526] [modloading-worker-0/DEBUG] [net.minecraftforge.fml.javafmlmod.AutomaticEventSubscriber/LOADING]: Auto-subscribing net.mcreator.borninchaosv.procedures.LifestealerAtackProcedure to FORGE
[30Apr2025 23:13:21.526] [modloading-worker-0/DEBUG] [mixin/]: Mixing LeggingsItemMixin from vinery.mixins.json into net.satisfy.vinery.core.item.WinemakerLegsItem
[30Apr2025 23:13:21.529] [modloading-worker-0/DEBUG] [net.minecraftforge.fml.javafmlmod.AutomaticEventSubscriber/LOADING]: Auto-subscribing net.mcreator.borninchaosv.procedures.KrampusHenchmanAttackProcedure to FORGE
[30Apr2025 23:13:21.530] [modloading-worker-0/DEBUG] [net.minecraftforge.fml.javafmlmod.AutomaticEventSubscriber/LOADING]: Auto-subscribing net.mcreator.borninchaosv.procedures.KrampusAttackProcedure to FORGE
[30Apr2025 23:13:21.530] [modloading-worker-0/DEBUG] [mixin/]: Mixing ChestplateItemMixin from vinery.mixins.json into net.satisfy.vinery.core.item.WinemakerChestItem
[30Apr2025 23:13:21.532] [modloading-worker-0/DEBUG] [mixin/]: Mixing HelmetItemMixin from vinery.mixins.json into net.satisfy.vinery.core.item.WinemakerHelmetItem
[30Apr2025 23:13:21.537] [modloading-worker-0/DEBUG] [net.minecraftforge.fml.javafmlmod.AutomaticEventSubscriber/LOADING]: Auto-subscribing net.mcreator.borninchaosv.procedures.KillinganimalsProcedure to FORGE
[30Apr2025 23:13:21.540] [modloading-worker-0/DEBUG] [net.minecraftforge.fml.javafmlmod.AutomaticEventSubscriber/LOADING]: Auto-subscribing net.mcreator.borninchaosv.procedures.KillingVillagersProcedure to FORGE
[30Apr2025 23:13:21.542] [modloading-worker-0/DEBUG] [net.minecraftforge.fml.javafmlmod.AutomaticEventSubscriber/LOADING]: Auto-subscribing net.mcreator.borninchaosv.procedures.ItemsDescriptionTooltipProcedure to FORGE
[30Apr2025 23:13:21.543] [modloading-worker-0/DEBUG] [net.minecraftforge.fml.javafmlmod.AutomaticEventSubscriber/LOADING]: Auto-subscribing net.mcreator.borninchaosv.procedures.InsectProtectionTrigerProcedure to FORGE
[30Apr2025 23:13:21.544] [modloading-worker-0/DEBUG] [net.minecraftforge.fml.javafmlmod.AutomaticEventSubscriber/LOADING]: Auto-subscribing net.mcreator.borninchaosv.procedures.InfernalSpiritAtackProcedure to FORGE
[30Apr2025 23:13:21.551] [modloading-worker-0/DEBUG] [net.minecraftforge.fml.javafmlmod.AutomaticEventSubscriber/LOADING]: Auto-subscribing net.mcreator.borninchaosv.procedures.IceBarrierAttackProcedure to FORGE
[30Apr2025 23:13:21.552] [modloading-worker-0/DEBUG] [net.minecraftforge.fml.javafmlmod.AutomaticEventSubscriber/LOADING]: Auto-subscribing net.mcreator.borninchaosv.procedures.HewnScorchedLogPProcedure to FORGE
[30Apr2025 23:13:21.558] [modloading-worker-0/DEBUG] [net.minecraftforge.fml.javafmlmod.AutomaticEventSubscriber/LOADING]: Auto-subscribing net.mcreator.borninchaosv.procedures.HatsDescriptionProcedure to FORGE
[30Apr2025 23:13:21.560] [modloading-worker-0/DEBUG] [net.minecraftforge.fml.javafmlmod.AutomaticEventSubscriber/LOADING]: Auto-subscribing net.mcreator.borninchaosv.procedures.GluttonfishatackProcedure to FORGE
[30Apr2025 23:13:21.562] [modloading-worker-0/DEBUG] [net.minecraftforge.fml.javafmlmod.AutomaticEventSubscriber/LOADING]: Auto-subscribing net.mcreator.borninchaosv.procedures.FragileScorchedPlanksPProcedure to FORGE
[30Apr2025 23:13:21.564] [modloading-worker-0/DEBUG] [net.minecraftforge.fml.javafmlmod.AutomaticEventSubscriber/LOADING]: Auto-subscribing net.mcreator.borninchaosv.procedures.FirelightDProcedure to FORGE
[30Apr2025 23:13:21.564] [modloading-worker-0/DEBUG] [net.minecraftforge.fml.javafmlmod.AutomaticEventSubscriber/LOADING]: Auto-subscribing net.mcreator.borninchaosv.procedures.EvilCarvedPumpkinPProcedure to FORGE
[30Apr2025 23:13:21.568] [modloading-worker-0/DEBUG] [net.minecraftforge.fml.javafmlmod.AutomaticEventSubscriber/LOADING]: Auto-subscribing net.mcreator.borninchaosv.procedures.EatingRottenFleshProcedure to FORGE
[30Apr2025 23:13:21.572] [modloading-worker-0/DEBUG] [net.minecraftforge.fml.javafmlmod.AutomaticEventSubscriber/LOADING]: Auto-subscribing net.mcreator.borninchaosv.procedures.DreadHoundPriNazhatiiPravoiKnopkiNaSushchnostProcedure to FORGE
[30Apr2025 23:13:21.573] [modloading-worker-0/DEBUG] [net.minecraftforge.fml.javafmlmod.AutomaticEventSubscriber/LOADING]: Auto-subscribing net.mcreator.borninchaosv.procedures.DreadHoundAtacProcedure to FORGE
[30Apr2025 23:13:21.573] [modloading-worker-0/DEBUG] [net.minecraftforge.fml.javafmlmod.AutomaticEventSubscriber/LOADING]: Auto-subscribing net.mcreator.borninchaosv.procedures.DireHoundLeaderAtackProcedure to FORGE
[30Apr2025 23:13:21.575] [modloading-worker-0/DEBUG] [net.minecraftforge.fml.javafmlmod.AutomaticEventSubscriber/LOADING]: Auto-subscribing net.mcreator.borninchaosv.procedures.DimonBaitProcedure to FORGE
[30Apr2025 23:13:21.575] [modloading-worker-0/DEBUG] [net.minecraftforge.fml.javafmlmod.AutomaticEventSubscriber/LOADING]: Auto-subscribing net.mcreator.borninchaosv.procedures.DescriptionArmorProcedure to FORGE
[30Apr2025 23:13:21.579] [modloading-worker-0/DEBUG] [net.minecraftforge.fml.javafmlmod.AutomaticEventSubscriber/LOADING]: Auto-subscribing net.mcreator.borninchaosv.procedures.DeathTotemKoghdaPriedmietNakhoditsiaVRukieProcedure to FORGE
[30Apr2025 23:13:21.582] [modloading-worker-0/DEBUG] [net.minecraftforge.fml.javafmlmod.AutomaticEventSubscriber/LOADING]: Auto-subscribing net.mcreator.borninchaosv.procedures.DarkWardActivProcedure to FORGE
[30Apr2025 23:13:21.585] [modloading-worker-0/DEBUG] [net.minecraftforge.fml.javafmlmod.AutomaticEventSubscriber/LOADING]: Auto-subscribing net.mcreator.borninchaosv.procedures.DarkRitualDaggerPProcedure to FORGE
[30Apr2025 23:13:21.590] [modloading-worker-0/DEBUG] [brewery/]: register Mod Block and Items for brewery
[30Apr2025 23:13:21.591] [modloading-worker-0/DEBUG] [net.minecraftforge.fml.javafmlmod.AutomaticEventSubscriber/LOADING]: Auto-subscribing net.mcreator.borninchaosv.procedures.DZombieDProcedure to FORGE
[30Apr2025 23:13:21.593] [modloading-worker-0/DEBUG] [net.minecraftforge.fml.javafmlmod.AutomaticEventSubscriber/LOADING]: Auto-subscribing net.mcreator.borninchaosv.procedures.CursedMarkAtacProcedure to FORGE
[30Apr2025 23:13:21.595] [modloading-worker-0/DEBUG] [net.minecraftforge.fml.javafmlmod.AutomaticEventSubscriber/LOADING]: Auto-subscribing net.mcreator.borninchaosv.procedures.CorpseflyatacProcedure to FORGE
[30Apr2025 23:13:21.598] [modloading-worker-0/DEBUG] [net.minecraftforge.fml.javafmlmod.AutomaticEventSubscriber/LOADING]: Auto-subscribing net.mcreator.borninchaosv.procedures.BoneBarrierProProcedure to FORGE
[30Apr2025 23:13:21.600] [modloading-worker-0/DEBUG] [brewery/]: Registering Mod BlockEntities for brewery
[30Apr2025 23:13:21.604] [modloading-worker-0/DEBUG] [net.minecraftforge.fml.javafmlmod.AutomaticEventSubscriber/LOADING]: Auto-subscribing net.mcreator.borninchaosv.procedures.BloodyGadflyAtacProcedure to FORGE
[30Apr2025 23:13:21.607] [modloading-worker-0/DEBUG] [net.minecraftforge.fml.javafmlmod.AutomaticEventSubscriber/LOADING]: Auto-subscribing net.mcreator.borninchaosv.procedures.BlockSkeletonTrasherProcedure to FORGE
[30Apr2025 23:13:21.608] [modloading-worker-0/DEBUG] [net.minecraftforge.fml.javafmlmod.AutomaticEventSubscriber/LOADING]: Auto-subscribing net.mcreator.borninchaosv.procedures.BabyspidercontrolledAtackProcedure to FORGE
[30Apr2025 23:13:21.609] [modloading-worker-0/DEBUG] [net.minecraftforge.fml.javafmlmod.AutomaticEventSubscriber/LOADING]: Auto-subscribing net.mcreator.borninchaosv.procedures.BabySpiderAtackProcedure to FORGE
[30Apr2025 23:13:21.613] [modloading-worker-0/DEBUG] [net.minecraftforge.fml.javafmlmod.AutomaticEventSubscriber/LOADING]: Auto-subscribing net.mcreator.borninchaosv.procedures.AxeAtackProcedure to FORGE
[30Apr2025 23:13:21.614] [modloading-worker-0/DEBUG] [net.minecraftforge.fml.javafmlmod.AutomaticEventSubscriber/LOADING]: Auto-subscribing net.mcreator.borninchaosv.procedures.AttackoftheDisobedientProcedure to FORGE
[30Apr2025 23:13:21.615] [modloading-worker-0/DEBUG] [net.minecraftforge.fml.javafmlmod.AutomaticEventSubscriber/LOADING]: Auto-subscribing net.mcreator.borninchaosv.network.BornInChaosV1ModVariables to MOD
[30Apr2025 23:13:21.617] [modloading-worker-0/DEBUG] [net.minecraftforge.fml.javafmlmod.AutomaticEventSubscriber/LOADING]: Auto-subscribing net.mcreator.borninchaosv.network.BornInChaosV1ModVariables$PlayerVariablesProvider to FORGE
[30Apr2025 23:13:21.618] [modloading-worker-0/DEBUG] [net.minecraftforge.fml.javafmlmod.AutomaticEventSubscriber/LOADING]: Auto-subscribing net.mcreator.borninchaosv.network.BornInChaosV1ModVariables$EventBusVariableHandlers to FORGE
[30Apr2025 23:13:21.620] [modloading-worker-0/DEBUG] [net.minecraftforge.fml.javafmlmod.AutomaticEventSubscriber/LOADING]: Auto-subscribing net.mcreator.borninchaosv.init.ItemAnimationFactory to FORGE
[30Apr2025 23:13:21.622] [modloading-worker-0/DEBUG] [net.minecraftforge.fml.javafmlmod.AutomaticEventSubscriber/LOADING]: Auto-subscribing net.mcreator.borninchaosv.init.EntityAnimationFactory to FORGE
[30Apr2025 23:13:21.618] [modloading-worker-0/INFO] [dev.architectury.networking.forge.NetworkManagerImpl/]: Registering C2S receiver with id brewery:alcohol_sync_request
[30Apr2025 23:13:21.625] [modloading-worker-0/DEBUG] [net.minecraftforge.fml.javafmlmod.AutomaticEventSubscriber/LOADING]: Auto-subscribing net.mcreator.borninchaosv.init.BornInChaosV1ModGameRules to MOD
[30Apr2025 23:13:21.623] [modloading-worker-0/INFO] [dev.architectury.networking.forge.NetworkManagerImpl/]: Registering C2S receiver with id brewery:drink_alcohol
[30Apr2025 23:13:21.632] [modloading-worker-0/DEBUG] [net.minecraftforge.fml.javafmlmod.AutomaticEventSubscriber/LOADING]: Auto-subscribing net.mcreator.borninchaosv.init.BornInChaosV1ModFuels to FORGE
[30Apr2025 23:13:21.634] [modloading-worker-0/DEBUG] [net.minecraftforge.fml.javafmlmod.AutomaticEventSubscriber/LOADING]: Auto-subscribing net.mcreator.borninchaosv.init.BornInChaosV1ModFeatures to FORGE
[30Apr2025 23:13:21.634] [modloading-worker-0/DEBUG] [net.minecraftforge.fml.javafmlmod.AutomaticEventSubscriber/LOADING]: Auto-subscribing net.mcreator.borninchaosv.init.BornInChaosV1ModEntities to MOD
[30Apr2025 23:13:21.645] [modloading-worker-0/DEBUG] [net.minecraftforge.fml.javafmlmod.AutomaticEventSubscriber/LOADING]: Auto-subscribing net.mcreator.borninchaosv.init.BornInChaosV1ModCompostableItems to MOD
[30Apr2025 23:13:21.677] [modloading-worker-0/DEBUG] [net.minecraftforge.fml.javafmlmod.AutomaticEventSubscriber/LOADING]: Attempting to inject @EventBusSubscriber classes into the eventbus for alexsdelight
[30Apr2025 23:13:21.699] [modloading-worker-0/DEBUG] [net.minecraftforge.fml.javafmlmod.AutomaticEventSubscriber/LOADING]: Attempting to inject @EventBusSubscriber classes into the eventbus for brewery
[30Apr2025 23:13:21.703] [modloading-worker-0/DEBUG] [net.minecraftforge.fml.javafmlmod.AutomaticEventSubscriber/LOADING]: Auto-subscribing net.satisfy.brewery.forge.BreweryEvents$ForgeEvents to FORGE
[30Apr2025 23:13:21.710] [modloading-worker-0/DEBUG] [net.minecraftforge.fml.javafmlmod.AutomaticEventSubscriber/LOADING]: Attempting to inject @EventBusSubscriber classes into the eventbus for teamlapenlib
[30Apr2025 23:13:21.745] [modloading-worker-0/DEBUG] [net.minecraftforge.fml.javafmlmod.AutomaticEventSubscriber/LOADING]: Attempting to inject @EventBusSubscriber classes into the eventbus for vinery
[30Apr2025 23:13:21.745] [modloading-worker-0/DEBUG] [net.minecraftforge.fml.javafmlmod.AutomaticEventSubscriber/LOADING]: Auto-subscribing net.satisfy.vinery.forge.core.event.VineryForgeEventhandler to FORGE
[30Apr2025 23:13:21.751] [modloading-worker-0/INFO] [wan_ancient_beasts/]: Welcome to Wan Ancient Beasts Mod [1.1.5 for 1.20.1]
[30Apr2025 23:13:21.752] [modloading-worker-0/DEBUG] [net.minecraftforge.fml.config.ConfigTracker/CONFIG]: Config file wan_ancient_beasts-common.toml for wan_ancient_beasts tracking
[30Apr2025 23:13:21.869] [modloading-worker-0/DEBUG] [net.minecraftforge.fml.javafmlmod.AutomaticEventSubscriber/LOADING]: Attempting to inject @EventBusSubscriber classes into the eventbus for wan_ancient_beasts
[30Apr2025 23:13:21.870] [modloading-worker-0/DEBUG] [net.minecraftforge.fml.javafmlmod.AutomaticEventSubscriber/LOADING]: Auto-subscribing net.wanmine.wab.register.ServerSetup to MOD
[30Apr2025 23:13:21.870] [modloading-worker-0/DEBUG] [net.minecraftforge.fml.javafmlmod.AutomaticEventSubscriber/LOADING]: Auto-subscribing net.wanmine.wab.register.ModTriggers to FORGE
[30Apr2025 23:13:21.871] [modloading-worker-0/DEBUG] [net.minecraftforge.fml.javafmlmod.AutomaticEventSubscriber/LOADING]: Auto-subscribing net.wanmine.wab.EventListener to FORGE
[30Apr2025 23:13:22.142] [modloading-worker-0/DEBUG] [net.minecraftforge.fml.javafmlmod.AutomaticEventSubscriber/LOADING]: Attempting to inject @EventBusSubscriber classes into the eventbus for goblins_tyranny
[30Apr2025 23:13:22.143] [modloading-worker-0/DEBUG] [net.minecraftforge.fml.javafmlmod.AutomaticEventSubscriber/LOADING]: Auto-subscribing goblinstyranny.world.inventory.BlacksmithVanillaGUIMenu to FORGE
[30Apr2025 23:13:22.150] [modloading-worker-0/DEBUG] [net.minecraftforge.fml.javafmlmod.AutomaticEventSubscriber/LOADING]: Auto-subscribing goblinstyranny.procedures.WarriorsShieldProcedure to FORGE
[30Apr2025 23:13:22.152] [modloading-worker-0/DEBUG] [net.minecraftforge.fml.javafmlmod.AutomaticEventSubscriber/LOADING]: Auto-subscribing goblinstyranny.procedures.NotEnoughOnSpawnProcedure to FORGE
[30Apr2025 23:13:22.156] [modloading-worker-0/DEBUG] [net.minecraftforge.fml.javafmlmod.AutomaticEventSubscriber/LOADING]: Auto-subscribing goblinstyranny.procedures.MushroomFallProcedure to FORGE
[30Apr2025 23:13:22.157] [modloading-worker-0/DEBUG] [net.minecraftforge.fml.javafmlmod.AutomaticEventSubscriber/LOADING]: Auto-subscribing goblinstyranny.procedures.IsDisguisedProcedure to FORGE
[30Apr2025 23:13:22.158] [modloading-worker-0/DEBUG] [net.minecraftforge.fml.javafmlmod.AutomaticEventSubscriber/LOADING]: Auto-subscribing goblinstyranny.procedures.IfFullSkyboundProcedure to FORGE
[30Apr2025 23:13:22.161] [modloading-worker-0/DEBUG] [net.minecraftforge.fml.javafmlmod.AutomaticEventSubscriber/LOADING]: Auto-subscribing goblinstyranny.procedures.GlitteronTamedProcedure to FORGE
[30Apr2025 23:13:22.162] [modloading-worker-0/DEBUG] [net.minecraftforge.fml.javafmlmod.AutomaticEventSubscriber/LOADING]: Auto-subscribing goblinstyranny.procedures.FirstGoblinKilledProcedure to FORGE
[30Apr2025 23:13:22.163] [modloading-worker-0/DEBUG] [net.minecraftforge.fml.javafmlmod.AutomaticEventSubscriber/LOADING]: Auto-subscribing goblinstyranny.procedures.ChargingBoostProcedure to FORGE
[30Apr2025 23:13:22.164] [modloading-worker-0/DEBUG] [net.minecraftforge.fml.javafmlmod.AutomaticEventSubscriber/LOADING]: Auto-subscribing goblinstyranny.network.WarriorsPageButtonMessage to MOD
[30Apr2025 23:13:22.168] [modloading-worker-0/DEBUG] [net.minecraftforge.fml.javafmlmod.AutomaticEventSubscriber/LOADING]: Auto-subscribing goblinstyranny.network.WandererPageButtonMessage to MOD
[30Apr2025 23:13:22.168] [modloading-worker-0/DEBUG] [net.minecraftforge.fml.javafmlmod.AutomaticEventSubscriber/LOADING]: Auto-subscribing goblinstyranny.network.SupportPageButtonMessage to MOD
[30Apr2025 23:13:22.169] [modloading-worker-0/DEBUG] [net.minecraftforge.fml.javafmlmod.AutomaticEventSubscriber/LOADING]: Auto-subscribing goblinstyranny.network.StructuresPageButtonMessage to MOD
[30Apr2025 23:13:22.170] [modloading-worker-0/DEBUG] [net.minecraftforge.fml.javafmlmod.AutomaticEventSubscriber/LOADING]: Auto-subscribing goblinstyranny.network.ShamanPageButtonMessage to MOD
[30Apr2025 23:13:22.171] [modloading-worker-0/DEBUG] [net.minecraftforge.fml.javafmlmod.AutomaticEventSubscriber/LOADING]: Auto-subscribing goblinstyranny.network.RecipesPageButtonMessage to MOD
[30Apr2025 23:13:22.172] [modloading-worker-0/DEBUG] [net.minecraftforge.fml.javafmlmod.AutomaticEventSubscriber/LOADING]: Auto-subscribing goblinstyranny.network.MobsPageButtonMessage to MOD
[30Apr2025 23:13:22.173] [modloading-worker-0/DEBUG] [net.minecraftforge.fml.javafmlmod.AutomaticEventSubscriber/LOADING]: Auto-subscribing goblinstyranny.network.MiniGobsPageButtonMessage to MOD
[30Apr2025 23:13:22.174] [modloading-worker-0/DEBUG] [net.minecraftforge.fml.javafmlmod.AutomaticEventSubscriber/LOADING]: Auto-subscribing goblinstyranny.network.MiniDrunkPageButtonMessage to MOD
[30Apr2025 23:13:22.175] [modloading-worker-0/DEBUG] [net.minecraftforge.fml.javafmlmod.AutomaticEventSubscriber/LOADING]: Auto-subscribing goblinstyranny.network.MerchantPageButtonMessage to MOD
[30Apr2025 23:13:22.176] [modloading-worker-0/DEBUG] [net.minecraftforge.fml.javafmlmod.AutomaticEventSubscriber/LOADING]: Auto-subscribing goblinstyranny.network.MerchantGUIButtonMessage to MOD
[30Apr2025 23:13:22.176] [modloading-worker-0/DEBUG] [net.minecraftforge.fml.javafmlmod.AutomaticEventSubscriber/LOADING]: Auto-subscribing goblinstyranny.network.MerchantGUI2ButtonMessage to MOD
[30Apr2025 23:13:22.178] [modloading-worker-0/DEBUG] [net.minecraftforge.fml.javafmlmod.AutomaticEventSubscriber/LOADING]: Auto-subscribing goblinstyranny.network.MainPageButtonMessage to MOD
[30Apr2025 23:13:22.179] [modloading-worker-0/DEBUG] [net.minecraftforge.fml.javafmlmod.AutomaticEventSubscriber/LOADING]: Auto-subscribing goblinstyranny.network.JumpBoostMessage to MOD
[30Apr2025 23:13:22.181] [modloading-worker-0/DEBUG] [net.minecraftforge.fml.javafmlmod.AutomaticEventSubscriber/LOADING]: Auto-subscribing goblinstyranny.network.ItemsPageButtonMessage to MOD
[30Apr2025 23:13:22.182] [modloading-worker-0/DEBUG] [net.minecraftforge.fml.javafmlmod.AutomaticEventSubscriber/LOADING]: Auto-subscribing goblinstyranny.network.HunterPageButtonMessage to MOD
[30Apr2025 23:13:22.185] [modloading-worker-0/DEBUG] [net.minecraftforge.fml.javafmlmod.AutomaticEventSubscriber/LOADING]: Auto-subscribing goblinstyranny.network.GoblinsTyrannyModVariables to MOD
[30Apr2025 23:13:22.186] [modloading-worker-0/DEBUG] [net.minecraftforge.fml.javafmlmod.AutomaticEventSubscriber/LOADING]: Auto-subscribing goblinstyranny.network.GoblinsTyrannyModVariables$PlayerVariablesProvider to FORGE
[30Apr2025 23:13:22.190] [modloading-worker-0/DEBUG] [net.minecraftforge.fml.javafmlmod.AutomaticEventSubscriber/LOADING]: Auto-subscribing goblinstyranny.network.GoblinsTyrannyModVariables$EventBusVariableHandlers to FORGE
[30Apr2025 23:13:22.192] [modloading-worker-0/DEBUG] [net.minecraftforge.fml.javafmlmod.AutomaticEventSubscriber/LOADING]: Auto-subscribing goblinstyranny.network.GlitteronPageButtonMessage to MOD
[30Apr2025 23:13:22.199] [modloading-worker-0/DEBUG] [net.minecraftforge.fml.javafmlmod.AutomaticEventSubscriber/LOADING]: Auto-subscribing goblinstyranny.network.GameplayPageButtonMessage to MOD
[30Apr2025 23:13:22.200] [modloading-worker-0/DEBUG] [net.minecraftforge.fml.javafmlmod.AutomaticEventSubscriber/LOADING]: Auto-subscribing goblinstyranny.network.FsesfesfsefezsButtonMessage to MOD
[30Apr2025 23:13:22.201] [modloading-worker-0/DEBUG] [net.minecraftforge.fml.javafmlmod.AutomaticEventSubscriber/LOADING]: Auto-subscribing goblinstyranny.network.EngineeressPageButtonMessage to MOD
[30Apr2025 23:13:22.204] [modloading-worker-0/DEBUG] [net.minecraftforge.fml.javafmlmod.AutomaticEventSubscriber/LOADING]: Auto-subscribing goblinstyranny.network.EngineerPageButtonMessage to MOD
[30Apr2025 23:13:22.205] [modloading-worker-0/DEBUG] [net.minecraftforge.fml.javafmlmod.AutomaticEventSubscriber/LOADING]: Auto-subscribing goblinstyranny.network.DroneWorkbenchButtonMessage to MOD
[30Apr2025 23:13:22.208] [modloading-worker-0/DEBUG] [net.minecraftforge.fml.javafmlmod.AutomaticEventSubscriber/LOADING]: Auto-subscribing goblinstyranny.network.ChubbyPageButtonMessage to MOD
[30Apr2025 23:13:22.210] [modloading-worker-0/DEBUG] [net.minecraftforge.fml.javafmlmod.AutomaticEventSubscriber/LOADING]: Auto-subscribing goblinstyranny.network.CaveGoblinPageButtonMessage to MOD
[30Apr2025 23:13:22.214] [modloading-worker-0/DEBUG] [net.minecraftforge.fml.javafmlmod.AutomaticEventSubscriber/LOADING]: Auto-subscribing goblinstyranny.network.BombWorkbenchButtonMessage to MOD
[30Apr2025 23:13:22.215] [modloading-worker-0/DEBUG] [net.minecraftforge.fml.javafmlmod.AutomaticEventSubscriber/LOADING]: Auto-subscribing goblinstyranny.network.BlacksmithVanillaGUISlotMessage to MOD
[30Apr2025 23:13:22.325] [modloading-worker-0/DEBUG] [net.minecraftforge.fml.javafmlmod.AutomaticEventSubscriber/LOADING]: Auto-subscribing goblinstyranny.network.BlacksmithPageButtonMessage to MOD
[30Apr2025 23:13:22.326] [modloading-worker-0/DEBUG] [net.minecraftforge.fml.javafmlmod.AutomaticEventSubscriber/LOADING]: Auto-subscribing goblinstyranny.network.BlacksmithGUIButtonMessage to MOD
[30Apr2025 23:13:22.329] [modloading-worker-0/DEBUG] [net.minecraftforge.fml.javafmlmod.AutomaticEventSubscriber/LOADING]: Auto-subscribing goblinstyranny.network.BartenderPageButtonMessage to MOD
[30Apr2025 23:13:22.330] [modloading-worker-0/DEBUG] [net.minecraftforge.fml.javafmlmod.AutomaticEventSubscriber/LOADING]: Auto-subscribing goblinstyranny.network.BartenderGuiButtonMessage to MOD
[30Apr2025 23:13:22.331] [modloading-worker-0/DEBUG] [net.minecraftforge.fml.javafmlmod.AutomaticEventSubscriber/LOADING]: Auto-subscribing goblinstyranny.network.BardPageButtonMessage to MOD
[30Apr2025 23:13:22.332] [modloading-worker-0/DEBUG] [net.minecraftforge.fml.javafmlmod.AutomaticEventSubscriber/LOADING]: Auto-subscribing goblinstyranny.init.GoblinsTyrannyModGameRules to MOD
[30Apr2025 23:13:22.332] [modloading-worker-0/DEBUG] [net.minecraftforge.fml.javafmlmod.AutomaticEventSubscriber/LOADING]: Auto-subscribing goblinstyranny.init.GoblinsTyrannyModEntities to MOD
[30Apr2025 23:13:22.333] [modloading-worker-0/DEBUG] [net.minecraftforge.fml.javafmlmod.AutomaticEventSubscriber/LOADING]: Auto-subscribing goblinstyranny.init.EntityAnimationFactory to FORGE
[30Apr2025 23:13:22.334] [modloading-worker-0/DEBUG] [net.minecraftforge.fml.javafmlmod.AutomaticEventSubscriber/LOADING]: Auto-subscribing goblinstyranny.init.ArmorAnimationFactory to FORGE
[30Apr2025 23:13:22.337] [modloading-worker-0/DEBUG] [net.minecraftforge.fml.javafmlmod.AutomaticEventSubscriber/LOADING]: Attempting to inject @EventBusSubscriber classes into the eventbus for unearthed_journey
[30Apr2025 23:13:22.338] [modloading-worker-0/DEBUG] [net.minecraftforge.fml.javafmlmod.AutomaticEventSubscriber/LOADING]: Auto-subscribing goblinstyranny.block.listener.ClientListener to MOD
[30Apr2025 23:13:22.338] [modloading-worker-0/DEBUG] [net.minecraftforge.fml.javafmlmod.AutomaticEventSubscriber/LOADING]: Auto-subscribing net.mcreator.unearthedjourney.world.teleporter.PleistoceneTeleporter to MOD
[30Apr2025 23:13:22.353] [modloading-worker-0/DEBUG] [net.minecraftforge.fml.javafmlmod.AutomaticEventSubscriber/LOADING]: Auto-subscribing net.mcreator.unearthedjourney.world.teleporter.PaleogeneTeleporter to MOD
[30Apr2025 23:13:22.355] [modloading-worker-0/DEBUG] [net.minecraftforge.fml.javafmlmod.AutomaticEventSubscriber/LOADING]: Auto-subscribing net.mcreator.unearthedjourney.world.teleporter.NeogeneTeleporter to MOD
[30Apr2025 23:13:22.357] [modloading-worker-0/DEBUG] [net.minecraftforge.fml.javafmlmod.AutomaticEventSubscriber/LOADING]: Auto-subscribing net.mcreator.unearthedjourney.world.features.StructureFeature to FORGE
[30Apr2025 23:13:22.357] [modloading-worker-0/DEBUG] [net.minecraftforge.fml.javafmlmod.AutomaticEventSubscriber/LOADING]: Auto-subscribing net.mcreator.unearthedjourney.world.dimension.PleistoceneDimension to FORGE
[30Apr2025 23:13:22.358] [modloading-worker-0/DEBUG] [net.minecraftforge.fml.javafmlmod.AutomaticEventSubscriber/LOADING]: Auto-subscribing net.mcreator.unearthedjourney.world.dimension.PleistoceneDimension$PleistoceneSpecialEffectsHandler to MOD
[30Apr2025 23:13:22.358] [modloading-worker-0/DEBUG] [net.minecraftforge.fml.javafmlmod.AutomaticEventSubscriber/LOADING]: Auto-subscribing net.mcreator.unearthedjourney.world.dimension.PaleogeneDimension to FORGE
[30Apr2025 23:13:22.359] [modloading-worker-0/DEBUG] [net.minecraftforge.fml.javafmlmod.AutomaticEventSubscriber/LOADING]: Auto-subscribing net.mcreator.unearthedjourney.world.dimension.PaleogeneDimension$PaleogeneSpecialEffectsHandler to MOD
[30Apr2025 23:13:22.359] [modloading-worker-0/DEBUG] [net.minecraftforge.fml.javafmlmod.AutomaticEventSubscriber/LOADING]: Auto-subscribing net.mcreator.unearthedjourney.world.dimension.NeogeneDimension to FORGE
[30Apr2025 23:13:22.359] [modloading-worker-0/DEBUG] [net.minecraftforge.fml.javafmlmod.AutomaticEventSubscriber/LOADING]: Auto-subscribing net.mcreator.unearthedjourney.world.dimension.NeogeneDimension$NeogeneSpecialEffectsHandler to MOD
[30Apr2025 23:13:22.360] [modloading-worker-0/DEBUG] [net.minecraftforge.fml.javafmlmod.AutomaticEventSubscriber/LOADING]: Auto-subscribing net.mcreator.unearthedjourney.procedures.TrigodonSprintProcedure to FORGE
[30Apr2025 23:13:22.361] [modloading-worker-0/DEBUG] [net.minecraftforge.fml.javafmlmod.AutomaticEventSubscriber/LOADING]: Auto-subscribing net.mcreator.unearthedjourney.procedures.TetrameryxSprintingProcedure to FORGE
[30Apr2025 23:13:22.362] [modloading-worker-0/DEBUG] [net.minecraftforge.fml.javafmlmod.AutomaticEventSubscriber/LOADING]: Auto-subscribing net.mcreator.unearthedjourney.procedures.TestingProcedure to FORGE
[30Apr2025 23:13:22.363] [modloading-worker-0/DEBUG] [net.minecraftforge.fml.javafmlmod.AutomaticEventSubscriber/LOADING]: Auto-subscribing net.mcreator.unearthedjourney.procedures.TaxodiumStripProcedure to FORGE
[30Apr2025 23:13:22.364] [modloading-worker-0/DEBUG] [net.minecraftforge.fml.javafmlmod.AutomaticEventSubscriber/LOADING]: Auto-subscribing net.mcreator.unearthedjourney.procedures.TapirusSprintingProcedure to FORGE
[30Apr2025 23:13:22.365] [modloading-worker-0/DEBUG] [net.minecraftforge.fml.javafmlmod.AutomaticEventSubscriber/LOADING]: Auto-subscribing net.mcreator.unearthedjourney.procedures.SwampGuardianToolTipProcedure to FORGE
[30Apr2025 23:13:22.366] [modloading-worker-0/DEBUG] [net.minecraftforge.fml.javafmlmod.AutomaticEventSubscriber/LOADING]: Auto-subscribing net.mcreator.unearthedjourney.procedures.SummerSunToolTipProcedure to FORGE
[30Apr2025 23:13:22.366] [modloading-worker-0/DEBUG] [net.minecraftforge.fml.javafmlmod.AutomaticEventSubscriber/LOADING]: Auto-subscribing net.mcreator.unearthedjourney.procedures.SnowySteppeColdProcedure to FORGE
[30Apr2025 23:13:22.367] [modloading-worker-0/DEBUG] [net.minecraftforge.fml.javafmlmod.AutomaticEventSubscriber/LOADING]: Auto-subscribing net.mcreator.unearthedjourney.procedures.SerpentSlayerAdvancementProcedureProcedure to FORGE
[30Apr2025 23:13:22.368] [modloading-worker-0/DEBUG] [net.minecraftforge.fml.javafmlmod.AutomaticEventSubscriber/LOADING]: Auto-subscribing net.mcreator.unearthedjourney.procedures.SabalitesStripProcedure to FORGE
[30Apr2025 23:13:22.369] [modloading-worker-0/DEBUG] [net.minecraftforge.fml.javafmlmod.AutomaticEventSubscriber/LOADING]: Auto-subscribing net.mcreator.unearthedjourney.procedures.PropalaeotheriumSprintingProcedure to FORGE
[30Apr2025 23:13:22.370] [modloading-worker-0/DEBUG] [net.minecraftforge.fml.javafmlmod.AutomaticEventSubscriber/LOADING]: Auto-subscribing net.mcreator.unearthedjourney.procedures.PleistoceneToolTipsProcedure to FORGE
[30Apr2025 23:13:22.371] [modloading-worker-0/DEBUG] [net.minecraftforge.fml.javafmlmod.AutomaticEventSubscriber/LOADING]: Auto-subscribing net.mcreator.unearthedjourney.procedures.PlayerShatteredEffectProcedure to FORGE
[30Apr2025 23:13:22.372] [modloading-worker-0/DEBUG] [net.minecraftforge.fml.javafmlmod.AutomaticEventSubscriber/LOADING]: Auto-subscribing net.mcreator.unearthedjourney.procedures.PlayerJoinsWorldUJAdvancementProcedure to FORGE
[30Apr2025 23:13:22.374] [modloading-worker-0/DEBUG] [net.minecraftforge.fml.javafmlmod.AutomaticEventSubscriber/LOADING]: Auto-subscribing net.mcreator.unearthedjourney.procedures.PlayerCameraShakeProcedure to FORGE
[30Apr2025 23:13:22.375] [modloading-worker-0/DEBUG] [net.minecraftforge.fml.javafmlmod.AutomaticEventSubscriber/LOADING]: Auto-subscribing net.mcreator.unearthedjourney.procedures.PlayerAttackedByArcProcedure to FORGE
[30Apr2025 23:13:22.378] [modloading-worker-0/DEBUG] [net.minecraftforge.fml.javafmlmod.AutomaticEventSubscriber/LOADING]: Auto-subscribing net.mcreator.unearthedjourney.procedures.PlatygonusSprintingProcedure to FORGE
[30Apr2025 23:13:22.382] [modloading-worker-0/DEBUG] [net.minecraftforge.fml.javafmlmod.AutomaticEventSubscriber/LOADING]: Auto-subscribing net.mcreator.unearthedjourney.procedures.PiceaCritchfieldiiStripProcedure to FORGE
[30Apr2025 23:13:22.383] [modloading-worker-0/DEBUG] [net.minecraftforge.fml.javafmlmod.AutomaticEventSubscriber/LOADING]: Auto-subscribing net.mcreator.unearthedjourney.procedures.PalmStripProcedure to FORGE
[30Apr2025 23:13:22.386] [modloading-worker-0/DEBUG] [net.minecraftforge.fml.javafmlmod.AutomaticEventSubscriber/LOADING]: Auto-subscribing net.mcreator.unearthedjourney.procedures.PaleogeneToolTipsProcedure to FORGE
[30Apr2025 23:13:22.393] [modloading-worker-0/DEBUG] [net.minecraftforge.fml.javafmlmod.AutomaticEventSubscriber/LOADING]: Auto-subscribing net.mcreator.unearthedjourney.procedures.PalaeorapheStripProcedure to FORGE
[30Apr2025 23:13:22.397] [modloading-worker-0/DEBUG] [net.minecraftforge.fml.javafmlmod.AutomaticEventSubscriber/LOADING]: Auto-subscribing net.mcreator.unearthedjourney.procedures.OogaBoogaToolTipProcedure to FORGE
[30Apr2025 23:13:22.397] [modloading-worker-0/DEBUG] [net.minecraftforge.fml.javafmlmod.AutomaticEventSubscriber/LOADING]: Auto-subscribing net.mcreator.unearthedjourney.procedures.NothofagusStripProcedure to FORGE
[30Apr2025 23:13:22.399] [modloading-worker-0/DEBUG] [net.minecraftforge.fml.javafmlmod.AutomaticEventSubscriber/LOADING]: Auto-subscribing net.mcreator.unearthedjourney.procedures.NightOfTerrorToolTipProcedure to FORGE
[30Apr2025 23:13:22.400] [modloading-worker-0/DEBUG] [net.minecraftforge.fml.javafmlmod.AutomaticEventSubscriber/LOADING]: Auto-subscribing net.mcreator.unearthedjourney.procedures.NeogeneToolTipsProcedure to FORGE
[30Apr2025 23:13:22.400] [modloading-worker-0/DEBUG] [net.minecraftforge.fml.javafmlmod.AutomaticEventSubscriber/LOADING]: Auto-subscribing net.mcreator.unearthedjourney.procedures.MetasequoiaHeeriiStripProcedure to FORGE
[30Apr2025 23:13:22.402] [modloading-worker-0/DEBUG] [net.minecraftforge.fml.javafmlmod.AutomaticEventSubscriber/LOADING]: Auto-subscribing net.mcreator.unearthedjourney.procedures.MangarisStripProcedure to FORGE
[30Apr2025 23:13:22.403] [modloading-worker-0/DEBUG] [net.minecraftforge.fml.javafmlmod.AutomaticEventSubscriber/LOADING]: Auto-subscribing net.mcreator.unearthedjourney.procedures.LeptictidiumRightClickedOnEntityProcedure to FORGE
[30Apr2025 23:13:22.404] [modloading-worker-0/DEBUG] [net.minecraftforge.fml.javafmlmod.AutomaticEventSubscriber/LOADING]: Auto-subscribing net.mcreator.unearthedjourney.procedures.LeguminocarponStripProcedure to FORGE
[30Apr2025 23:13:22.411] [modloading-worker-0/DEBUG] [net.minecraftforge.fml.javafmlmod.AutomaticEventSubscriber/LOADING]: Auto-subscribing net.mcreator.unearthedjourney.procedures.KopidodonSprintingProcedure to FORGE
[30Apr2025 23:13:22.412] [modloading-worker-0/DEBUG] [net.minecraftforge.fml.javafmlmod.AutomaticEventSubscriber/LOADING]: Auto-subscribing net.mcreator.unearthedjourney.procedures.InsulatedAdvancementProcedure to FORGE
[30Apr2025 23:13:22.415] [modloading-worker-0/DEBUG] [net.minecraftforge.fml.javafmlmod.AutomaticEventSubscriber/LOADING]: Auto-subscribing net.mcreator.unearthedjourney.procedures.GnatusuchusDigProcedure to FORGE
[30Apr2025 23:13:22.417] [modloading-worker-0/DEBUG] [net.minecraftforge.fml.javafmlmod.AutomaticEventSubscriber/LOADING]: Auto-subscribing net.mcreator.unearthedjourney.procedures.GlyptoStripProcedure to FORGE
[30Apr2025 23:13:22.419] [modloading-worker-0/DEBUG] [net.minecraftforge.fml.javafmlmod.AutomaticEventSubscriber/LOADING]: Auto-subscribing net.mcreator.unearthedjourney.procedures.GinkgoStripProcedure to FORGE
[30Apr2025 23:13:22.422] [modloading-worker-0/DEBUG] [net.minecraftforge.fml.javafmlmod.AutomaticEventSubscriber/LOADING]: Auto-subscribing net.mcreator.unearthedjourney.procedures.GastornisSprintProcedure to FORGE
[30Apr2025 23:13:22.423] [modloading-worker-0/DEBUG] [net.minecraftforge.fml.javafmlmod.AutomaticEventSubscriber/LOADING]: Auto-subscribing net.mcreator.unearthedjourney.procedures.FigStripProcedure to FORGE
[30Apr2025 23:13:22.429] [modloading-worker-0/DEBUG] [net.minecraftforge.fml.javafmlmod.AutomaticEventSubscriber/LOADING]: Auto-subscribing net.mcreator.unearthedjourney.procedures.DoeAtDawnToolTipProcedure to FORGE
[30Apr2025 23:13:22.430] [modloading-worker-0/DEBUG] [net.minecraftforge.fml.javafmlmod.AutomaticEventSubscriber/LOADING]: Auto-subscribing net.mcreator.unearthedjourney.procedures.DesmodusAttackEffectProcedure to FORGE
[30Apr2025 23:13:22.439] [modloading-worker-0/DEBUG] [net.minecraftforge.fml.javafmlmod.AutomaticEventSubscriber/LOADING]: Auto-subscribing net.mcreator.unearthedjourney.procedures.DasypusSprintingProcedure to FORGE
[30Apr2025 23:13:22.442] [modloading-worker-0/DEBUG] [net.minecraftforge.fml.javafmlmod.AutomaticEventSubscriber/LOADING]: Auto-subscribing net.mcreator.unearthedjourney.procedures.DarwiniusSprintProcedure to FORGE
[30Apr2025 23:13:22.446] [modloading-worker-0/DEBUG] [net.minecraftforge.fml.javafmlmod.AutomaticEventSubscriber/LOADING]: Auto-subscribing net.mcreator.unearthedjourney.procedures.CocosStripProcedure to FORGE
[30Apr2025 23:13:22.449] [modloading-worker-0/DEBUG] [net.minecraftforge.fml.javafmlmod.AutomaticEventSubscriber/LOADING]: Auto-subscribing net.mcreator.unearthedjourney.procedures.CeroxylonStripProcedure to FORGE
[30Apr2025 23:13:22.451] [modloading-worker-0/DEBUG] [net.minecraftforge.fml.javafmlmod.AutomaticEventSubscriber/LOADING]: Auto-subscribing net.mcreator.unearthedjourney.procedures.CanoeAttackedProcedure to FORGE
[30Apr2025 23:13:22.452] [modloading-worker-0/DEBUG] [net.minecraftforge.fml.javafmlmod.AutomaticEventSubscriber/LOADING]: Auto-subscribing net.mcreator.unearthedjourney.procedures.BucketRightClickedOnWaterEntityProcedure to FORGE
[30Apr2025 23:13:22.453] [modloading-worker-0/DEBUG] [net.minecraftforge.fml.javafmlmod.AutomaticEventSubscriber/LOADING]: Auto-subscribing net.mcreator.unearthedjourney.procedures.BucketRightClickedOnEntityProcedure to FORGE
[30Apr2025 23:13:22.454] [modloading-worker-0/DEBUG] [net.minecraftforge.fml.javafmlmod.AutomaticEventSubscriber/LOADING]: Auto-subscribing net.mcreator.unearthedjourney.procedures.BucketRightClickedOnEntity5Procedure to FORGE
[30Apr2025 23:13:22.454] [modloading-worker-0/DEBUG] [net.minecraftforge.fml.javafmlmod.AutomaticEventSubscriber/LOADING]: Auto-subscribing net.mcreator.unearthedjourney.procedures.BucketRightClickedOnEntity4Procedure to FORGE
[30Apr2025 23:13:22.455] [modloading-worker-0/DEBUG] [net.minecraftforge.fml.javafmlmod.AutomaticEventSubscriber/LOADING]: Auto-subscribing net.mcreator.unearthedjourney.procedures.BucketRightClickedOnEntity3Procedure to FORGE
[30Apr2025 23:13:22.456] [modloading-worker-0/DEBUG] [net.minecraftforge.fml.javafmlmod.AutomaticEventSubscriber/LOADING]: Auto-subscribing net.mcreator.unearthedjourney.procedures.BucketRightClickedOnEntity2Procedure to FORGE
[30Apr2025 23:13:22.457] [modloading-worker-0/DEBUG] [net.minecraftforge.fml.javafmlmod.AutomaticEventSubscriber/LOADING]: Auto-subscribing net.mcreator.unearthedjourney.procedures.BucketRightClickedOnBathysomaProcedure to FORGE
[30Apr2025 23:13:22.458] [modloading-worker-0/DEBUG] [net.minecraftforge.fml.javafmlmod.AutomaticEventSubscriber/LOADING]: Auto-subscribing net.mcreator.unearthedjourney.procedures.BucketRightClickedDiodonProcedure to FORGE
[30Apr2025 23:13:22.458] [modloading-worker-0/DEBUG] [net.minecraftforge.fml.javafmlmod.AutomaticEventSubscriber/LOADING]: Auto-subscribing net.mcreator.unearthedjourney.procedures.BrachyplatystomaRightClickedOnEntityProcedure to FORGE
[30Apr2025 23:13:22.459] [modloading-worker-0/DEBUG] [net.minecraftforge.fml.javafmlmod.AutomaticEventSubscriber/LOADING]: Auto-subscribing net.mcreator.unearthedjourney.procedures.BlackWalnutStripProcedure to FORGE
[30Apr2025 23:13:22.461] [modloading-worker-0/DEBUG] [net.minecraftforge.fml.javafmlmod.AutomaticEventSubscriber/LOADING]: Auto-subscribing net.mcreator.unearthedjourney.procedures.BetulaNigraStripProcedure to FORGE
[30Apr2025 23:13:22.462] [modloading-worker-0/DEBUG] [net.minecraftforge.fml.javafmlmod.AutomaticEventSubscriber/LOADING]: Auto-subscribing net.mcreator.unearthedjourney.procedures.BarinasCrocodileToolTipProcedure to FORGE
[30Apr2025 23:13:22.465] [modloading-worker-0/DEBUG] [net.minecraftforge.fml.javafmlmod.AutomaticEventSubscriber/LOADING]: Auto-subscribing net.mcreator.unearthedjourney.procedures.ArapaimaRightClickedProcedure to FORGE
[30Apr2025 23:13:22.466] [modloading-worker-0/DEBUG] [net.minecraftforge.fml.javafmlmod.AutomaticEventSubscriber/LOADING]: Auto-subscribing net.mcreator.unearthedjourney.procedures.AnhimaSprintingProcedure to FORGE
[30Apr2025 23:13:22.468] [modloading-worker-0/DEBUG] [net.minecraftforge.fml.javafmlmod.AutomaticEventSubscriber/LOADING]: Auto-subscribing net.mcreator.unearthedjourney.procedures.AcaciapollenitesStripProcedure to FORGE
[30Apr2025 23:13:22.469] [modloading-worker-0/DEBUG] [net.minecraftforge.fml.javafmlmod.AutomaticEventSubscriber/LOADING]: Auto-subscribing net.mcreator.unearthedjourney.procedures.ALeapThroughTimeProcedureProcedure to FORGE
[30Apr2025 23:13:22.470] [modloading-worker-0/DEBUG] [net.minecraftforge.fml.javafmlmod.AutomaticEventSubscriber/LOADING]: Auto-subscribing net.mcreator.unearthedjourney.network.UnearthedJourneyModVariables to MOD
[30Apr2025 23:13:22.471] [modloading-worker-0/DEBUG] [net.minecraftforge.fml.javafmlmod.AutomaticEventSubscriber/LOADING]: Auto-subscribing net.mcreator.unearthedjourney.network.UnearthedJourneyModVariables$PlayerVariablesProvider to FORGE
[30Apr2025 23:13:22.472] [modloading-worker-0/DEBUG] [net.minecraftforge.fml.javafmlmod.AutomaticEventSubscriber/LOADING]: Auto-subscribing net.mcreator.unearthedjourney.network.UnearthedJourneyModVariables$EventBusVariableHandlers to FORGE
[30Apr2025 23:13:22.476] [modloading-worker-0/DEBUG] [net.minecraftforge.fml.javafmlmod.AutomaticEventSubscriber/LOADING]: Auto-subscribing net.mcreator.unearthedjourney.init.UnearthedJourneyModFuels to FORGE
[30Apr2025 23:13:22.476] [modloading-worker-0/DEBUG] [net.minecraftforge.fml.javafmlmod.AutomaticEventSubscriber/LOADING]: Auto-subscribing net.mcreator.unearthedjourney.init.UnearthedJourneyModFeatures to FORGE
[30Apr2025 23:13:22.476] [modloading-worker-0/DEBUG] [net.minecraftforge.fml.javafmlmod.AutomaticEventSubscriber/LOADING]: Auto-subscribing net.mcreator.unearthedjourney.init.UnearthedJourneyModEntities to MOD
[30Apr2025 23:13:22.480] [modloading-worker-0/DEBUG] [net.minecraftforge.fml.javafmlmod.AutomaticEventSubscriber/LOADING]: Auto-subscribing net.mcreator.unearthedjourney.init.EntityAnimationFactory to FORGE
[30Apr2025 23:13:23.637] [modloading-worker-0/DEBUG] [net.minecraftforge.fml.javafmlmod.AutomaticEventSubscriber/LOADING]: Attempting to inject @EventBusSubscriber classes into the eventbus for vampirism
[30Apr2025 23:13:23.638] [modloading-worker-0/DEBUG] [net.minecraftforge.fml.javafmlmod.AutomaticEventSubscriber/LOADING]: Auto-subscribing de.teamlapen.vampirism.misc.VampirismCreativeTab to MOD
[30Apr2025 23:13:23.639] [modloading-worker-0/DEBUG] [net.minecraftforge.fml.javafmlmod.AutomaticEventSubscriber/LOADING]: Auto-subscribing de.teamlapen.vampirism.data.provider.DataProvider to MOD
[30Apr2025 23:13:23.728] [modloading-worker-0/DEBUG] [mixin/]: Mixing common.CustomDyeableArmorItemMixin from adastra.mixins.json into earth.terrarium.adastra.common.items.armor.base.CustomDyeableArmorItem
[30Apr2025 23:13:23.742] [modloading-worker-0/DEBUG] [mixin/]: Mixing common.RenderedItemMixin from adastra.mixins.json into earth.terrarium.adastra.common.items.rendered.RenderedBlockItem
[30Apr2025 23:13:23.745] [modloading-worker-0/DEBUG] [mixin/]: Mixing common.RenderedItemMixin from adastra.mixins.json into earth.terrarium.adastra.common.items.rendered.RenderedItem
[30Apr2025 23:13:23.750] [modloading-worker-0/DEBUG] [mixin/]: Mixing common.RenderedItemMixin from adastra.mixins.json into earth.terrarium.adastra.common.items.rendered.TooltipRenderedBlockItem
[30Apr2025 23:13:23.862] [modloading-worker-0/DEBUG] [net.minecraftforge.fml.javafmlmod.AutomaticEventSubscriber/LOADING]: Attempting to inject @EventBusSubscriber classes into the eventbus for ad_astra
[30Apr2025 23:13:23.865] [main/DEBUG] [net.minecraftforge.fml.DeferredWorkQueue/LOADING]: Dispatching synchronous work for work queue CONSTRUCT: 3 jobs
[30Apr2025 23:13:23.869] [main/DEBUG] [net.minecraftforge.fml.config.ConfigTracker/CONFIG]: Config file unusualend-common.toml for unusualend tracking
[30Apr2025 23:13:23.870] [main/DEBUG] [net.minecraftforge.fml.DeferredWorkQueue/LOADING]: Synchronous work queue completed in 4.071 ms
[30Apr2025 23:13:23.982] [main/DEBUG] [net.minecraftforge.common.capabilities.CapabilityManager/CAPABILITIES]: Attempting to automatically register: Lnet/minecraftforge/energy/IEnergyStorage;
[30Apr2025 23:13:23.983] [main/DEBUG] [net.minecraftforge.common.capabilities.CapabilityManager/CAPABILITIES]: Attempting to automatically register: Lnet/minecraftforge/fluids/capability/IFluidHandler;
[30Apr2025 23:13:23.983] [main/DEBUG] [net.minecraftforge.common.capabilities.CapabilityManager/CAPABILITIES]: Attempting to automatically register: Lnet/minecraftforge/fluids/capability/IFluidHandlerItem;
[30Apr2025 23:13:23.983] [main/DEBUG] [net.minecraftforge.common.capabilities.CapabilityManager/CAPABILITIES]: Attempting to automatically register: Lnet/minecraftforge/items/IItemHandler;
[30Apr2025 23:13:23.983] [main/DEBUG] [net.minecraftforge.common.capabilities.CapabilityManager/CAPABILITIES]: Attempting to automatically register: Lnet/wanmine/wab/capability/AlphaCapability;
[30Apr2025 23:13:24.030] [main/DEBUG] [net.minecraftforge.fml.config.ConfigTracker/CONFIG]: Config file vampirism-common.toml for vampirism tracking
[30Apr2025 23:13:24.030] [main/DEBUG] [net.minecraftforge.fml.config.ConfigTracker/CONFIG]: Config file vampirism-client.toml for vampirism tracking
[30Apr2025 23:13:24.030] [main/DEBUG] [net.minecraftforge.fml.config.ConfigTracker/CONFIG]: Config file vampirism-server.toml for vampirism tracking
[30Apr2025 23:13:24.030] [main/DEBUG] [net.minecraftforge.fml.config.ConfigTracker/CONFIG]: Config file vampirism-balance.toml for vampirism tracking
[30Apr2025 23:13:35.987] [main/DEBUG] [software.bernie.geckolib.GeckoLib/]: Registered SyncedAnimatable for class com.bobmowzie.mowziesmobs.server.item.ItemEarthrendGauntlet
[30Apr2025 23:13:35.988] [main/DEBUG] [software.bernie.geckolib.GeckoLib/]: Registered SyncedAnimatable for class com.bobmowzie.mowziesmobs.server.item.ItemSculptorStaff
[30Apr2025 23:13:35.997] [main/DEBUG] [io.netty.util.internal.InternalThreadLocalMap/]: -Dio.netty.threadLocalMap.stringBuilder.initialSize: 1024
[30Apr2025 23:13:35.997] [main/DEBUG] [io.netty.util.internal.InternalThreadLocalMap/]: -Dio.netty.threadLocalMap.stringBuilder.maxSize: 4096
[30Apr2025 23:13:35.998] [main/DEBUG] [io.netty.util.internal.ThreadLocalRandom/]: -Dio.netty.initialSeedUniquifier: 0x1288e1087973a1eb
[30Apr2025 23:13:37.452] [main/DEBUG] [dev.architectury.core.item.ArchitecturySpawnEggItem/]: Registering spawn egg male_villager_spawn_egg for mca:male_villager
[30Apr2025 23:13:37.453] [main/DEBUG] [dev.architectury.core.item.ArchitecturySpawnEggItem/]: Registering spawn egg female_villager_spawn_egg for mca:female_villager
[30Apr2025 23:13:37.453] [main/DEBUG] [dev.architectury.core.item.ArchitecturySpawnEggItem/]: Registering spawn egg male_zombie_villager_spawn_egg for mca:male_zombie_villager
[30Apr2025 23:13:37.453] [main/DEBUG] [dev.architectury.core.item.ArchitecturySpawnEggItem/]: Registering spawn egg female_zombie_villager_spawn_egg for mca:female_zombie_villager
[30Apr2025 23:13:37.453] [main/DEBUG] [dev.architectury.core.item.ArchitecturySpawnEggItem/]: Registering spawn egg grim_reaper_spawn_egg for mca:grim_reaper
[30Apr2025 23:13:37.453] [main/WARN] [dev.architectury.registry.registries.forge.RegistrarManagerImpl/]: Registry entry listened Registry Entry [minecraft:entity_type / brewery:beer_elemental] was not realized!
[30Apr2025 23:13:37.454] [main/WARN] [dev.architectury.registry.registries.forge.RegistrarManagerImpl/]: Registry entry listened Registry Entry [minecraft:entity_type / vinery:wandering_winemaker] was not realized!
[30Apr2025 23:13:37.454] [main/WARN] [dev.architectury.registry.registries.forge.RegistrarManagerImpl/]: Registry entry listened Registry Entry [minecraft:entity_type / vinery:mule] was not realized!
[30Apr2025 23:13:37.455] [main/WARN] [dev.architectury.registry.registries.forge.RegistrarManagerImpl/]: Registry entry listened Registry Entry [minecraft:entity_type / brewery:beer_elemental] was not realized!
[30Apr2025 23:13:37.456] [main/WARN] [dev.architectury.registry.registries.forge.RegistrarManagerImpl/]: Registry entry listened Registry Entry [minecraft:entity_type / vinery:wandering_winemaker] was not realized!
[30Apr2025 23:13:37.456] [main/WARN] [dev.architectury.registry.registries.forge.RegistrarManagerImpl/]: Registry entry listened Registry Entry [minecraft:entity_type / vinery:mule] was not realized!
[30Apr2025 23:13:37.459] [main/WARN] [dev.architectury.registry.registries.forge.RegistrarManagerImpl/]: Registry entry listened Registry Entry [minecraft:entity_type / brewery:beer_elemental] was not realized!
[30Apr2025 23:13:37.460] [main/WARN] [dev.architectury.registry.registries.forge.RegistrarManagerImpl/]: Registry entry listened Registry Entry [minecraft:entity_type / vinery:wandering_winemaker] was not realized!
[30Apr2025 23:13:37.460] [main/WARN] [dev.architectury.registry.registries.forge.RegistrarManagerImpl/]: Registry entry listened Registry Entry [minecraft:entity_type / vinery:mule] was not realized!
[30Apr2025 23:13:37.462] [main/DEBUG] [dev.architectury.core.item.ArchitecturySpawnEggItem/]: Registering spawn egg mule_spawn_egg for vinery:mule
[30Apr2025 23:13:37.464] [main/DEBUG] [dev.architectury.core.item.ArchitecturySpawnEggItem/]: Registering spawn egg wandering_winemaker_spawn_egg for vinery:wandering_winemaker
[30Apr2025 23:13:37.464] [main/WARN] [dev.architectury.registry.registries.forge.RegistrarManagerImpl/]: Registry entry listened Registry Entry [minecraft:entity_type / brewery:beer_elemental] was not realized!
[30Apr2025 23:13:37.470] [main/DEBUG] [mixin/]: Mixing MixinEntitySpawnExtension from architectury.mixins.json into dev.architectury.extensions.network.EntitySpawnExtension
[30Apr2025 23:13:37.475] [main/DEBUG] [dev.architectury.core.item.ArchitecturySpawnEggItem/]: Registering spawn egg beer_elemental_spawn_egg for brewery:beer_elemental
[30Apr2025 23:13:37.582] [main/DEBUG] [mixin/]: Mixing common.entities.GlacianRamMixin from adastra.mixins.json into earth.terrarium.adastra.common.entities.mob.GlacianRam
[30Apr2025 23:13:38.370] [main/DEBUG] [mixin/]: Mixing MixinEntityPredicate from vampirism.mixins.json into net.minecraft.world.entity.ai.targeting.TargetingConditions
[30Apr2025 23:13:38.371] [main/DEBUG] [mixin/]: Mixing TargetConditionAccessor from vampirism.mixins.json into net.minecraft.world.entity.ai.targeting.TargetingConditions
[30Apr2025 23:13:38.608] [main/WARN] [net.minecraft.network.syncher.SynchedEntityData/]: defineId called for: class com.github.alexmodguy.alexscaves.server.entity.living.TremorzillaEntity from class com.github.alexmodguy.alexscaves.server.entity.living.LicowitchEntity
[30Apr2025 23:13:38.609] [main/DEBUG] [mixin/]: Mixing PotionUtilsMixin from alexscaves.mixins.json into net.minecraft.world.item.alchemy.PotionUtils
[30Apr2025 23:13:38.609] [main/DEBUG] [mixin/]: Renaming synthetic method lambda$ac_getColor$0(Lnet/minecraft/world/effect/MobEffectInstance;)Z to mda53580$lambda$ac_getColor$0$0 in alexscaves.mixins.json:PotionUtilsMixin
[30Apr2025 23:13:38.630] [main/WARN] [net.minecraft.network.syncher.SynchedEntityData/]: defineId called for: class net.mcreator.borninchaosv.entity.BabySpiderEntity from class net.mcreator.borninchaosv.entity.MotherSpiderEntity
[30Apr2025 23:13:38.672] [main/WARN] [net.minecraft.network.syncher.SynchedEntityData/]: defineId called for: class forge.net.mca.entity.VillagerEntityMCA from class forge.net.mca.util.network.datasync.CDataParameter
[30Apr2025 23:13:38.672] [main/WARN] [net.minecraft.network.syncher.SynchedEntityData/]: defineId called for: class forge.net.mca.entity.VillagerEntityMCA from class forge.net.mca.util.network.datasync.CDataParameter
[30Apr2025 23:13:38.672] [main/WARN] [net.minecraft.network.syncher.SynchedEntityData/]: defineId called for: class forge.net.mca.entity.VillagerEntityMCA from class forge.net.mca.util.network.datasync.CDataParameter
[30Apr2025 23:13:38.672] [main/WARN] [net.minecraft.network.syncher.SynchedEntityData/]: defineId called for: class forge.net.mca.entity.VillagerEntityMCA from class forge.net.mca.util.network.datasync.CDataParameter
[30Apr2025 23:13:38.673] [main/WARN] [net.minecraft.network.syncher.SynchedEntityData/]: defineId called for: class forge.net.mca.entity.VillagerEntityMCA from class forge.net.mca.util.network.datasync.CDataParameter
[30Apr2025 23:13:38.673] [main/WARN] [net.minecraft.network.syncher.SynchedEntityData/]: defineId called for: class forge.net.mca.entity.VillagerEntityMCA from class forge.net.mca.util.network.datasync.CDataParameter
[30Apr2025 23:13:38.673] [main/WARN] [net.minecraft.network.syncher.SynchedEntityData/]: defineId called for: class forge.net.mca.entity.VillagerEntityMCA from class forge.net.mca.util.network.datasync.CDataParameter
[30Apr2025 23:13:38.673] [main/WARN] [net.minecraft.network.syncher.SynchedEntityData/]: defineId called for: class forge.net.mca.entity.VillagerEntityMCA from class forge.net.mca.util.network.datasync.CEnumParameter
[30Apr2025 23:13:38.675] [main/WARN] [net.minecraft.network.syncher.SynchedEntityData/]: defineId called for: class forge.net.mca.entity.VillagerEntityMCA from class forge.net.mca.util.network.datasync.CDataParameter
[30Apr2025 23:13:38.675] [main/WARN] [net.minecraft.network.syncher.SynchedEntityData/]: defineId called for: class forge.net.mca.entity.VillagerEntityMCA from class forge.net.mca.util.network.datasync.CDataParameter
[30Apr2025 23:13:38.676] [main/WARN] [net.minecraft.network.syncher.SynchedEntityData/]: defineId called for: class forge.net.mca.entity.VillagerEntityMCA from class forge.net.mca.util.network.datasync.CDataParameter
[30Apr2025 23:13:38.676] [main/WARN] [net.minecraft.network.syncher.SynchedEntityData/]: defineId called for: class forge.net.mca.entity.VillagerEntityMCA from class forge.net.mca.util.network.datasync.CDataParameter
[30Apr2025 23:13:38.676] [main/WARN] [net.minecraft.network.syncher.SynchedEntityData/]: defineId called for: class forge.net.mca.entity.VillagerEntityMCA from class forge.net.mca.util.network.datasync.CDataParameter
[30Apr2025 23:13:38.676] [main/WARN] [net.minecraft.network.syncher.SynchedEntityData/]: defineId called for: class forge.net.mca.entity.VillagerEntityMCA from class forge.net.mca.util.network.datasync.CDataParameter
[30Apr2025 23:13:38.676] [main/WARN] [net.minecraft.network.syncher.SynchedEntityData/]: defineId called for: class forge.net.mca.entity.VillagerEntityMCA from class forge.net.mca.util.network.datasync.CDataParameter
[30Apr2025 23:13:38.676] [main/WARN] [net.minecraft.network.syncher.SynchedEntityData/]: defineId called for: class forge.net.mca.entity.VillagerEntityMCA from class forge.net.mca.util.network.datasync.CDataParameter
[30Apr2025 23:13:38.677] [main/WARN] [net.minecraft.network.syncher.SynchedEntityData/]: defineId called for: class forge.net.mca.entity.VillagerEntityMCA from class forge.net.mca.util.network.datasync.CDataParameter
[30Apr2025 23:13:38.677] [main/WARN] [net.minecraft.network.syncher.SynchedEntityData/]: defineId called for: class forge.net.mca.entity.VillagerEntityMCA from class forge.net.mca.util.network.datasync.CDataParameter
[30Apr2025 23:13:38.677] [main/WARN] [net.minecraft.network.syncher.SynchedEntityData/]: defineId called for: class forge.net.mca.entity.VillagerEntityMCA from class forge.net.mca.util.network.datasync.CDataParameter
[30Apr2025 23:13:38.677] [main/WARN] [net.minecraft.network.syncher.SynchedEntityData/]: defineId called for: class forge.net.mca.entity.VillagerEntityMCA from class forge.net.mca.util.network.datasync.CEnumParameter
[30Apr2025 23:13:38.677] [main/WARN] [net.minecraft.network.syncher.SynchedEntityData/]: defineId called for: class forge.net.mca.entity.VillagerEntityMCA from class forge.net.mca.util.network.datasync.CDataParameter
[30Apr2025 23:13:38.681] [main/WARN] [net.minecraft.network.syncher.SynchedEntityData/]: defineId called for: class forge.net.mca.entity.VillagerEntityMCA from class forge.net.mca.util.network.datasync.CDataParameter
[30Apr2025 23:13:38.682] [main/WARN] [net.minecraft.network.syncher.SynchedEntityData/]: defineId called for: class forge.net.mca.entity.VillagerEntityMCA from class forge.net.mca.util.network.datasync.CEnumParameter
[30Apr2025 23:13:38.682] [main/WARN] [net.minecraft.network.syncher.SynchedEntityData/]: defineId called for: class forge.net.mca.entity.VillagerEntityMCA from class forge.net.mca.util.network.datasync.CDataParameter
[30Apr2025 23:13:38.682] [main/WARN] [net.minecraft.network.syncher.SynchedEntityData/]: defineId called for: class forge.net.mca.entity.VillagerEntityMCA from class forge.net.mca.util.network.datasync.CEnumParameter
[30Apr2025 23:13:38.682] [main/WARN] [net.minecraft.network.syncher.SynchedEntityData/]: defineId called for: class forge.net.mca.entity.VillagerEntityMCA from class forge.net.mca.util.network.datasync.CEnumParameter
[30Apr2025 23:13:38.682] [main/WARN] [net.minecraft.network.syncher.SynchedEntityData/]: defineId called for: class forge.net.mca.entity.VillagerEntityMCA from class forge.net.mca.util.network.datasync.CDataParameter
[30Apr2025 23:13:38.682] [main/WARN] [net.minecraft.network.syncher.SynchedEntityData/]: defineId called for: class forge.net.mca.entity.VillagerEntityMCA from class forge.net.mca.util.network.datasync.CDataParameter
[30Apr2025 23:13:38.683] [main/WARN] [net.minecraft.network.syncher.SynchedEntityData/]: defineId called for: class forge.net.mca.entity.VillagerEntityMCA from class forge.net.mca.util.network.datasync.CDataParameter
[30Apr2025 23:13:38.683] [main/WARN] [net.minecraft.network.syncher.SynchedEntityData/]: defineId called for: class forge.net.mca.entity.VillagerEntityMCA from class forge.net.mca.util.network.datasync.CDataParameter
[30Apr2025 23:13:38.683] [main/WARN] [net.minecraft.network.syncher.SynchedEntityData/]: defineId called for: class forge.net.mca.entity.VillagerEntityMCA from class forge.net.mca.util.network.datasync.CDataParameter
[30Apr2025 23:13:38.685] [main/WARN] [net.minecraft.network.syncher.SynchedEntityData/]: defineId called for: class forge.net.mca.entity.VillagerEntityMCA from class forge.net.mca.util.network.datasync.CDataParameter
[30Apr2025 23:13:38.690] [main/WARN] [net.minecraft.network.syncher.SynchedEntityData/]: defineId called for: class forge.net.mca.entity.VillagerEntityMCA from class forge.net.mca.util.network.datasync.CDataParameter
[30Apr2025 23:13:38.690] [main/WARN] [net.minecraft.network.syncher.SynchedEntityData/]: defineId called for: class forge.net.mca.entity.VillagerEntityMCA from class forge.net.mca.util.network.datasync.CDataParameter
[30Apr2025 23:13:38.691] [main/WARN] [net.minecraft.network.syncher.SynchedEntityData/]: defineId called for: class forge.net.mca.entity.VillagerEntityMCA from class forge.net.mca.util.network.datasync.CDataParameter
[30Apr2025 23:13:38.691] [main/WARN] [net.minecraft.network.syncher.SynchedEntityData/]: defineId called for: class forge.net.mca.entity.VillagerEntityMCA from class forge.net.mca.util.network.datasync.CDataParameter
[30Apr2025 23:13:38.691] [main/WARN] [net.minecraft.network.syncher.SynchedEntityData/]: defineId called for: class forge.net.mca.entity.VillagerEntityMCA from class forge.net.mca.util.network.datasync.CDataParameter
[30Apr2025 23:13:38.692] [main/WARN] [net.minecraft.network.syncher.SynchedEntityData/]: defineId called for: class forge.net.mca.entity.GrimReaperEntity from class forge.net.mca.util.network.datasync.CEnumParameter
[30Apr2025 23:13:38.756] [main/DEBUG] [net.minecraftforge.fml.config.ConfigTracker/CONFIG]: Loading configs type COMMON
[30Apr2025 23:13:38.757] [main/DEBUG] [net.minecraftforge.fml.config.ConfigFileTypeHandler/CONFIG]: Built TOML config for /workspaces/MSX/servidor_minecraft/config/netherexp-common.toml
[30Apr2025 23:13:38.758] [main/DEBUG] [net.minecraftforge.fml.config.ConfigFileTypeHandler/CONFIG]: Loaded TOML config file /workspaces/MSX/servidor_minecraft/config/netherexp-common.toml
[30Apr2025 23:13:38.764] [main/DEBUG] [net.minecraftforge.fml.config.ConfigFileTypeHandler/CONFIG]: Watching TOML config file /workspaces/MSX/servidor_minecraft/config/netherexp-common.toml for changes
[30Apr2025 23:13:38.766] [Thread-3/DEBUG] [net.minecraftforge.fml.config.ConfigFileTypeHandler/CONFIG]: Config file netherexp-common.toml changed, sending notifies
[30Apr2025 23:13:38.767] [main/DEBUG] [net.minecraftforge.fml.config.ConfigFileTypeHandler/CONFIG]: Built TOML config for /workspaces/MSX/servidor_minecraft/config/citadel-common.toml
[30Apr2025 23:13:38.768] [main/DEBUG] [net.minecraftforge.fml.config.ConfigFileTypeHandler/CONFIG]: Loaded TOML config file /workspaces/MSX/servidor_minecraft/config/citadel-common.toml
[30Apr2025 23:13:38.768] [main/DEBUG] [net.minecraftforge.fml.config.ConfigFileTypeHandler/CONFIG]: Watching TOML config file /workspaces/MSX/servidor_minecraft/config/citadel-common.toml for changes
[30Apr2025 23:13:38.769] [Thread-3/DEBUG] [net.minecraftforge.fml.config.ConfigFileTypeHandler/CONFIG]: Config file citadel-common.toml changed, sending notifies
[30Apr2025 23:13:38.769] [main/DEBUG] [net.minecraftforge.fml.config.ConfigFileTypeHandler/CONFIG]: Built TOML config for /workspaces/MSX/servidor_minecraft/config/mowziesmobs-common.toml
[30Apr2025 23:13:38.769] [Thread-3/DEBUG] [net.minecraftforge.fml.config.ConfigFileTypeHandler/CONFIG]: Config file citadel-common.toml changed, sending notifies
[30Apr2025 23:13:38.773] [main/DEBUG] [net.minecraftforge.fml.config.ConfigFileTypeHandler/CONFIG]: Loaded TOML config file /workspaces/MSX/servidor_minecraft/config/mowziesmobs-common.toml
[30Apr2025 23:13:38.773] [main/DEBUG] [net.minecraftforge.fml.config.ConfigFileTypeHandler/CONFIG]: Watching TOML config file /workspaces/MSX/servidor_minecraft/config/mowziesmobs-common.toml for changes
[30Apr2025 23:13:38.778] [Thread-3/DEBUG] [net.minecraftforge.fml.config.ConfigFileTypeHandler/CONFIG]: Config file mowziesmobs-common.toml changed, sending notifies
[30Apr2025 23:13:38.782] [main/DEBUG] [net.minecraftforge.fml.config.ConfigFileTypeHandler/CONFIG]: Built TOML config for /workspaces/MSX/servidor_minecraft/config/alshanex_familiars-common.toml
[30Apr2025 23:13:38.782] [main/DEBUG] [net.minecraftforge.fml.config.ConfigFileTypeHandler/CONFIG]: Loaded TOML config file /workspaces/MSX/servidor_minecraft/config/alshanex_familiars-common.toml
[30Apr2025 23:13:38.783] [Thread-3/DEBUG] [net.minecraftforge.fml.config.ConfigFileTypeHandler/CONFIG]: Config file mowziesmobs-common.toml changed, sending notifies
[30Apr2025 23:13:38.784] [main/DEBUG] [net.minecraftforge.fml.config.ConfigFileTypeHandler/CONFIG]: Watching TOML config file /workspaces/MSX/servidor_minecraft/config/alshanex_familiars-common.toml for changes
[30Apr2025 23:13:38.784] [main/DEBUG] [net.minecraftforge.fml.config.ConfigFileTypeHandler/CONFIG]: Built TOML config for /workspaces/MSX/servidor_minecraft/config/alexsmobs.toml
[30Apr2025 23:13:38.790] [Thread-3/DEBUG] [net.minecraftforge.fml.config.ConfigFileTypeHandler/CONFIG]: Config file mowziesmobs-common.toml changed, sending notifies
[30Apr2025 23:13:38.790] [Thread-3/DEBUG] [net.minecraftforge.fml.config.ConfigFileTypeHandler/CONFIG]: Config file alshanex_familiars-common.toml changed, sending notifies
[30Apr2025 23:13:38.792] [main/DEBUG] [net.minecraftforge.fml.config.ConfigFileTypeHandler/CONFIG]: Loaded TOML config file /workspaces/MSX/servidor_minecraft/config/alexsmobs.toml
[30Apr2025 23:13:38.793] [main/DEBUG] [net.minecraftforge.fml.config.ConfigFileTypeHandler/CONFIG]: Watching TOML config file /workspaces/MSX/servidor_minecraft/config/alexsmobs.toml for changes
[30Apr2025 23:13:38.886] [Thread-3/DEBUG] [net.minecraftforge.fml.config.ConfigFileTypeHandler/CONFIG]: Config file alexsmobs.toml changed, sending notifies
[30Apr2025 23:13:38.887] [main/DEBUG] [net.minecraftforge.fml.config.ConfigFileTypeHandler/CONFIG]: Built TOML config for /workspaces/MSX/servidor_minecraft/config/blueprint-common.toml
[30Apr2025 23:13:38.889] [main/DEBUG] [net.minecraftforge.fml.config.ConfigFileTypeHandler/CONFIG]: Loaded TOML config file /workspaces/MSX/servidor_minecraft/config/blueprint-common.toml
[30Apr2025 23:13:38.890] [main/DEBUG] [net.minecraftforge.fml.config.ConfigFileTypeHandler/CONFIG]: Watching TOML config file /workspaces/MSX/servidor_minecraft/config/blueprint-common.toml for changes
[30Apr2025 23:13:38.891] [main/DEBUG] [net.minecraftforge.fml.config.ConfigFileTypeHandler/CONFIG]: Built TOML config for /workspaces/MSX/servidor_minecraft/config/twilightforest-common.toml
[30Apr2025 23:13:38.893] [main/DEBUG] [net.minecraftforge.fml.config.ConfigFileTypeHandler/CONFIG]: Loaded TOML config file /workspaces/MSX/servidor_minecraft/config/twilightforest-common.toml
[30Apr2025 23:13:38.894] [main/DEBUG] [net.minecraftforge.fml.config.ConfigFileTypeHandler/CONFIG]: Watching TOML config file /workspaces/MSX/servidor_minecraft/config/twilightforest-common.toml for changes
[30Apr2025 23:13:38.896] [main/DEBUG] [net.minecraftforge.fml.config.ConfigFileTypeHandler/CONFIG]: Built TOML config for /workspaces/MSX/servidor_minecraft/config/farmersdelight-common.toml
[30Apr2025 23:13:38.897] [main/DEBUG] [net.minecraftforge.fml.config.ConfigFileTypeHandler/CONFIG]: Loaded TOML config file /workspaces/MSX/servidor_minecraft/config/farmersdelight-common.toml
[30Apr2025 23:13:38.898] [main/DEBUG] [net.minecraftforge.fml.config.ConfigFileTypeHandler/CONFIG]: Watching TOML config file /workspaces/MSX/servidor_minecraft/config/farmersdelight-common.toml for changes
[30Apr2025 23:13:38.902] [main/DEBUG] [net.minecraftforge.fml.config.ConfigFileTypeHandler/CONFIG]: Built TOML config for /workspaces/MSX/servidor_minecraft/config/alexscaves-general.toml
[30Apr2025 23:13:38.903] [main/DEBUG] [net.minecraftforge.fml.config.ConfigFileTypeHandler/CONFIG]: Loaded TOML config file /workspaces/MSX/servidor_minecraft/config/alexscaves-general.toml
[30Apr2025 23:13:38.903] [main/DEBUG] [net.minecraftforge.fml.config.ConfigFileTypeHandler/CONFIG]: Watching TOML config file /workspaces/MSX/servidor_minecraft/config/alexscaves-general.toml for changes
[30Apr2025 23:13:38.912] [Thread-3/DEBUG] [net.minecraftforge.fml.config.ConfigFileTypeHandler/CONFIG]: Config file alexscaves-general.toml changed, sending notifies
[30Apr2025 23:13:38.913] [main/DEBUG] [net.minecraftforge.fml.config.ConfigFileTypeHandler/CONFIG]: Built TOML config for /workspaces/MSX/servidor_minecraft/config/cataclysm.toml
[30Apr2025 23:13:38.915] [Thread-3/DEBUG] [net.minecraftforge.fml.config.ConfigFileTypeHandler/CONFIG]: Config file alexscaves-general.toml changed, sending notifies
[30Apr2025 23:13:38.917] [main/DEBUG] [net.minecraftforge.fml.config.ConfigFileTypeHandler/CONFIG]: Loaded TOML config file /workspaces/MSX/servidor_minecraft/config/cataclysm.toml
[30Apr2025 23:13:38.918] [main/DEBUG] [net.minecraftforge.fml.config.ConfigFileTypeHandler/CONFIG]: Watching TOML config file /workspaces/MSX/servidor_minecraft/config/cataclysm.toml for changes
[30Apr2025 23:13:38.932] [Thread-3/DEBUG] [net.minecraftforge.fml.config.ConfigFileTypeHandler/CONFIG]: Config file cataclysm.toml changed, sending notifies
[30Apr2025 23:13:38.933] [main/DEBUG] [net.minecraftforge.fml.config.ConfigFileTypeHandler/CONFIG]: Built TOML config for /workspaces/MSX/servidor_minecraft/config/curios-common.toml
[30Apr2025 23:13:38.936] [Thread-3/DEBUG] [net.minecraftforge.fml.config.ConfigFileTypeHandler/CONFIG]: Config file cataclysm.toml changed, sending notifies
[30Apr2025 23:13:38.937] [main/DEBUG] [net.minecraftforge.fml.config.ConfigFileTypeHandler/CONFIG]: Loaded TOML config file /workspaces/MSX/servidor_minecraft/config/curios-common.toml
[30Apr2025 23:13:38.938] [main/DEBUG] [net.minecraftforge.fml.config.ConfigFileTypeHandler/CONFIG]: Watching TOML config file /workspaces/MSX/servidor_minecraft/config/curios-common.toml for changes
[30Apr2025 23:13:38.938] [Thread-3/DEBUG] [net.minecraftforge.fml.config.ConfigFileTypeHandler/CONFIG]: Config file curios-common.toml changed, sending notifies
[30Apr2025 23:13:38.939] [Thread-3/DEBUG] [net.minecraftforge.fml.config.ConfigFileTypeHandler/CONFIG]: Config file curios-common.toml changed, sending notifies
[30Apr2025 23:13:38.939] [main/DEBUG] [net.minecraftforge.fml.config.ConfigFileTypeHandler/CONFIG]: Built TOML config for /workspaces/MSX/servidor_minecraft/config/advancednetherite-common.toml
[30Apr2025 23:13:38.940] [main/DEBUG] [net.minecraftforge.fml.config.ConfigFileTypeHandler/CONFIG]: Loaded TOML config file /workspaces/MSX/servidor_minecraft/config/advancednetherite-common.toml
[30Apr2025 23:13:38.940] [main/DEBUG] [net.minecraftforge.fml.config.ConfigFileTypeHandler/CONFIG]: Watching TOML config file /workspaces/MSX/servidor_minecraft/config/advancednetherite-common.toml for changes
[30Apr2025 23:13:38.941] [main/DEBUG] [net.minecraftforge.fml.config.ConfigFileTypeHandler/CONFIG]: Built TOML config for /workspaces/MSX/servidor_minecraft/config/wan_ancient_beasts-common.toml
[30Apr2025 23:13:38.941] [main/DEBUG] [net.minecraftforge.fml.config.ConfigFileTypeHandler/CONFIG]: Loaded TOML config file /workspaces/MSX/servidor_minecraft/config/wan_ancient_beasts-common.toml
[30Apr2025 23:13:38.941] [main/DEBUG] [net.minecraftforge.fml.config.ConfigFileTypeHandler/CONFIG]: Watching TOML config file /workspaces/MSX/servidor_minecraft/config/wan_ancient_beasts-common.toml for changes
[30Apr2025 23:13:38.942] [main/DEBUG] [net.minecraftforge.fml.config.ConfigFileTypeHandler/CONFIG]: Built TOML config for /workspaces/MSX/servidor_minecraft/config/unusualend-common.toml
[30Apr2025 23:13:38.943] [main/DEBUG] [net.minecraftforge.fml.config.ConfigFileTypeHandler/CONFIG]: Loaded TOML config file /workspaces/MSX/servidor_minecraft/config/unusualend-common.toml
[30Apr2025 23:13:38.943] [main/DEBUG] [net.minecraftforge.fml.config.ConfigFileTypeHandler/CONFIG]: Watching TOML config file /workspaces/MSX/servidor_minecraft/config/unusualend-common.toml for changes
[30Apr2025 23:13:38.944] [main/DEBUG] [net.minecraftforge.fml.config.ConfigFileTypeHandler/CONFIG]: Built TOML config for /workspaces/MSX/servidor_minecraft/config/vampirism-common.toml
[30Apr2025 23:13:38.944] [main/DEBUG] [net.minecraftforge.fml.config.ConfigFileTypeHandler/CONFIG]: Loaded TOML config file /workspaces/MSX/servidor_minecraft/config/vampirism-common.toml
[30Apr2025 23:13:38.945] [main/DEBUG] [net.minecraftforge.fml.config.ConfigFileTypeHandler/CONFIG]: Watching TOML config file /workspaces/MSX/servidor_minecraft/config/vampirism-common.toml for changes
[30Apr2025 23:13:38.945] [Thread-3/DEBUG] [net.minecraftforge.fml.config.ConfigFileTypeHandler/CONFIG]: Config file vampirism-common.toml changed, sending notifies
[30Apr2025 23:13:38.946] [Thread-3/DEBUG] [net.minecraftforge.fml.config.ConfigFileTypeHandler/CONFIG]: Config file vampirism-common.toml changed, sending notifies
[30Apr2025 23:13:38.983] [Forge Version Check/INFO] [net.minecraftforge.fml.VersionChecker/]: [forge] Starting version check at https://files.minecraftforge.net/net/minecraftforge/forge/promotions_slim.json
[30Apr2025 23:13:39.014] [modloading-worker-0/INFO] [voicechat/]: [voicechat] Compatibility version 18
[30Apr2025 23:13:39.120] [modloading-worker-0/DEBUG] [mixin/]: Mixing MixinSlotAttribute from curios.mixins.json into top.theillusivec4.curios.api.SlotAttribute
[30Apr2025 23:13:39.124] [modloading-worker-0/DEBUG] [mixin/]: Mixing MixinCuriosApi from curios.mixins.json into top.theillusivec4.curios.api.CuriosApi
[30Apr2025 23:13:39.163] [modloading-worker-0/DEBUG] [mixin/]: Mixing MapDecorationTypeMixin from alexscaves.mixins.json into net.minecraft.world.level.saveddata.maps.MapDecoration$Type
[30Apr2025 23:13:39.165] [modloading-worker-0/DEBUG] [mixin/]: Renaming @Invoker method ac_invokeInit(Ljava/lang/String;IZIZ)Lnet/minecraft/world/level/saveddata/maps/MapDecoration$Type; to ac_invokeInit_$md$a53580$0 in alexscaves.mixins.json:MapDecorationTypeMixin
[30Apr2025 23:13:39.177] [Forge Version Check/DEBUG] [net.minecraftforge.fml.VersionChecker/]: [forge] Received version check data:
{
  "homepage": "https://files.minecraftforge.net/net/minecraftforge/forge/",
  "promos": {
    "1.1-latest": "1.3.4.29",
    "1.2.3-latest": "1.4.1.64",
    "1.2.4-latest": "2.0.0.68",
    "1.2.5-latest": "3.4.9.171",
    "1.3.2-latest": "4.3.5.318",
    "1.4.0-latest": "5.0.0.326",
    "1.4.1-latest": "6.0.0.329",
    "1.4.2-latest": "6.0.1.355",
    "1.4.3-latest": "6.2.1.358",
    "1.4.4-latest": "6.3.0.378",
    "1.4.5-latest": "6.4.2.448",
    "1.4.6-latest": "6.5.0.489",
    "1.4.7-latest": "6.6.2.534",
    "1.5-latest": "7.7.0.598",
    "1.5.1-latest": "7.7.2.682",
    "1.5.2-latest": "7.8.1.738",
    "1.5.2-recommended": "7.8.1.738",
    "1.6.1-latest": "8.9.0.775",
    "1.6.2-latest": "9.10.1.871",
    "1.6.2-recommended": "9.10.1.871",
    "1.6.3-latest": "9.11.0.878",
    "1.6.4-latest": "9.11.1.1345",
    "1.6.4-recommended": "9.11.1.1345",
    "1.7.2-latest": "10.12.2.1161",
    "1.7.2-recommended": "10.12.2.1161",
    "1.7.10_pre4-latest": "10.12.2.1149",
    "1.7.10-latest": "10.13.4.1614",
    "1.7.10-recommended": "10.13.4.1614",
    "1.8-latest": "11.14.4.1577",
    "1.8-recommended": "11.14.4.1563",
    "1.8.8-latest": "11.15.0.1655",
    "1.8.9-latest": "11.15.1.2318",
    "1.8.9-recommended": "11.15.1.2318",
    "1.9-latest": "12.16.1.1938",
    "1.9-recommended": "12.16.1.1887",
    "1.9.4-latest": "12.17.0.2317",
    "1.9.4-recommended": "12.17.0.2317",
    "1.10-latest": "12.18.0.2000",
    "1.10.2-latest": "12.18.3.2511",
    "1.10.2-recommended": "12.18.3.2511",
    "1.11-latest": "13.19.1.2199",
    "1.11-recommended": "13.19.1.2189",
    "1.11.2-latest": "13.20.1.2588",
    "1.11.2-recommended": "13.20.1.2588",
    "1.12-latest": "14.21.1.2443",
    "1.12-recommended": "14.21.1.2387",
    "1.12.1-latest": "14.22.1.2485",
    "1.12.1-recommended": "14.22.1.2478",
    "1.12.2-latest": "14.23.5.2860",
    "1.12.2-recommended": "14.23.5.2859",
    "1.13.2-latest": "25.0.223",
    "1.14.2-latest": "26.0.63",
    "1.14.3-latest": "27.0.60",
    "1.14.4-latest": "28.2.26",
    "1.14.4-recommended": "28.2.26",
    "1.15-latest": "29.0.4",
    "1.15.1-latest": "30.0.51",
    "1.15.2-latest": "31.2.57",
    "1.15.2-recommended": "31.2.57",
    "1.16.1-latest": "32.0.108",
    "1.16.2-latest": "33.0.61",
    "1.16.3-latest": "34.1.42",
    "1.16.3-recommended": "34.1.0",
    "1.16.4-latest": "35.1.37",
    "1.16.4-recommended": "35.1.4",
    "1.16.5-latest": "36.2.42",
    "1.16.5-recommended": "36.2.34",
    "1.17.1-latest": "37.1.1",
    "1.17.1-recommended": "37.1.1",
    "1.18-latest": "38.0.17",
    "1.18.1-latest": "39.1.2",
    "1.18.1-recommended": "39.1.0",
    "1.18.2-recommended": "40.3.0",
    "1.18.2-latest": "40.3.10",
    "1.19-latest": "41.1.0",
    "1.19-recommended": "41.1.0",
    "1.19.1-latest": "42.0.9",
    "1.19.2-recommended": "43.5.0",
    "1.19.2-latest": "43.5.0",
    "1.19.3-latest": "44.1.23",
    "1.19.3-recommended": "44.1.0",
    "1.19.4-recommended": "45.4.0",
    "1.19.4-latest": "45.4.0",
    "1.20-latest": "46.0.14",
    "1.20.1-recommended": "47.4.0",
    "1.20.1-latest": "47.4.0",
    "1.20.2-latest": "48.1.0",
    "1.20.2-recommended": "48.1.0",
    "1.20.3-latest": "49.0.2",
    "1.20.4-latest": "49.2.0",
    "1.20.4-recommended": "49.2.0",
    "1.20.6-latest": "50.2.0",
    "1.20.6-recommended": "50.2.0",
    "1.21-latest": "51.0.33",
    "1.21.1-latest": "52.1.1",
    "1.21.1-recommended": "52.1.0",
    "1.21.3-latest": "53.1.1",
    "1.21.3-recommended": "53.1.0",
    "1.21.4-latest": "54.1.3",
    "1.21.4-recommended": "54.1.0",
    "1.21.5-latest": "55.0.9"
  }
}
[30Apr2025 23:13:39.178] [Forge Version Check/INFO] [net.minecraftforge.fml.VersionChecker/]: [forge] Found status: OUTDATED Current: 47.3.7 Target: 47.4.0
[30Apr2025 23:13:39.178] [Forge Version Check/INFO] [net.minecraftforge.fml.VersionChecker/]: [twilightforest] Starting version check at https://gh.tamaized.com/TeamTwilight/twilightforest/update.json
[30Apr2025 23:13:39.199] [modloading-worker-0/INFO] [voicechat/]: [voicechat] Loading plugins
[30Apr2025 23:13:39.217] [modloading-worker-0/INFO] [voicechat/]: [voicechat] Loaded 0 plugin(s)
[30Apr2025 23:13:39.220] [modloading-worker-0/INFO] [voicechat/]: [voicechat] Initializing plugins
[30Apr2025 23:13:39.220] [modloading-worker-0/INFO] [voicechat/]: [voicechat] Initialized 0 plugin(s)
[30Apr2025 23:13:39.381] [main/DEBUG] [net.minecraftforge.fml.DeferredWorkQueue/LOADING]: Dispatching synchronous work for work queue COMMON_SETUP: 58 jobs
[30Apr2025 23:13:39.383] [main/DEBUG] [mixin/]: Mixing NoisesMixin from tectonic.mixins.json into net.minecraft.world.level.levelgen.Noises
[30Apr2025 23:13:39.504] [main/INFO] [wan_ancient_beasts/]: Hello World from Wan's Ancient Beasts Server Side
[30Apr2025 23:13:39.521] [main/INFO] [de.teamlapen.vampirism.core.ModEffects/]: Fixing vanilla night vision potion types
[30Apr2025 23:13:39.523] [main/DEBUG] [mixin/]: Mixing EntitySubPredicateTypesAccessor from vampirism.mixins.json into net.minecraft.advancements.critereon.EntitySubPredicate$Types
[30Apr2025 23:13:39.523] [main/DEBUG] [mixin/]: Renaming @Accessor method setTypes(Lcom/google/common/collect/BiMap;)V to setTypes_$md$a53580$0 in vampirism.mixins.json:EntitySubPredicateTypesAccessor
[30Apr2025 23:13:39.683] [main/DEBUG] [net.minecraftforge.fml.DeferredWorkQueue/LOADING]: Synchronous work queue completed in 301.9 ms
[30Apr2025 23:13:39.689] [main/DEBUG] [net.minecraftforge.fml.DeferredWorkQueue/LOADING]: Dispatching synchronous work for work queue SIDED_SETUP: 1 jobs
[30Apr2025 23:13:39.696] [main/DEBUG] [net.minecraftforge.fml.DeferredWorkQueue/LOADING]: Synchronous work queue completed in 7.113 ms
[30Apr2025 23:13:39.711] [modloading-worker-0/INFO] [io.redspace.ironsspellbooks.IronsSpellbooks/]: Got IMC []
[30Apr2025 23:13:39.733] [main/DEBUG] [net.minecraftforge.fml.DeferredWorkQueue/LOADING]: Dispatching synchronous work for work queue COMPLETE: 5 jobs
[30Apr2025 23:13:39.743] [main/INFO] [de.teamlapen.vampirism.core.ModEffects/]: Fixing vanilla night vision potion types
[30Apr2025 23:13:39.744] [main/DEBUG] [net.minecraftforge.fml.DeferredWorkQueue/LOADING]: Synchronous work queue completed in 10.31 ms
[30Apr2025 23:13:39.859] [Forge Version Check/DEBUG] [net.minecraftforge.fml.VersionChecker/]: [twilightforest] Received version check data:
{
  "homepage": "https://minecraft.curseforge.com/projects/the-twilight-forest",
  "promos": {
	"1.20.2-latest": "4.4.1977",
	"1.20.2-recommended": "4.4.1977",
	"1.20.1-latest": "4.3.1893",
	"1.20.1-recommended": "4.3.1893",
	"1.19.4-latest": "4.2.1696",
	"1.19.4-recommended": "4.2.1696",
	"1.18.2-latest": "4.1.1494",
	"1.18.2-recommended": "4.1.1494",
	"1.17.1-latest": "4.0.943",
	"1.17.1-recommended": "4.0.943",
	"1.16.5-latest": "4.0.870",
	"1.16.5-recommended": "4.0.870",
	"1.12.2-latest": "3.11.1021",
	"1.12.2-recommended": "3.11.1021",
	"1.7.10-latest": "2.4.3",
	"1.7.10-recommended": "2.4.3"
  }
}
[30Apr2025 23:13:39.861] [Forge Version Check/INFO] [net.minecraftforge.fml.VersionChecker/]: [twilightforest] Found status: UP_TO_DATE Current: 4.3.1893 Target: null
[30Apr2025 23:13:39.861] [Forge Version Check/INFO] [net.minecraftforge.fml.VersionChecker/]: [voicechat] Starting version check at https://update.maxhenkel.de/forge/voicechat
[30Apr2025 23:13:40.436] [Forge Version Check/DEBUG] [net.minecraftforge.fml.VersionChecker/]: [voicechat] Received version check data:
{"1.21":{"1.21-2.5.20":"Added Vietnamese translation"},"1.20":{"1.20-2.4.9":"Fixed group not getting deleted when disconnecting\nFixed group in LeaveGroupEvent always null\nFixed builtin resource pack format version"},"1.18":{"1.18-2.1.17":"Updated Forge\nFixed sound physics compatibility","1.18-2.1.22":"Fixed untranslated command feedback"},"1.19":{"1.19-2.4.8":"Added audio senders to the voice chat API"},"1.20.4":{"1.20.4-2.5.22":"Updated Traditional Chinese translation\nAdded Portuguese translation\nUpdated Ukrainian translation","1.20.4-2.4.32":"Fixed compatibility with Sound Physics Remastered\nUpdated French translation"},"1.21.3":{"1.21.3-2.5.30":"Improved tooltip rendering performance\nFixed ping buffer size"},"promos":{"1.18.1-latest":"1.18.1-2.2.52","1.21.4-latest":"1.21.4-2.5.30","1.21.3-latest":"1.21.3-2.5.30","1.18.2-latest":"1.18.2-2.5.30","1.19.3-recommended":"1.19.3-2.4.11","1.20-recommended":"1.20-2.4.9","1.19.1-recommended":"1.19.1-2.4.8","1.21.5-latest":"1.21.5-2.5.30","1.21.1-latest":"1.21.1-2.5.30","1.12.2-latest":"1.12.2-2.5.30","1.19.4-recommended":"1.19.4-2.4.32","1.12.2-recommended":"1.12.2-2.4.32","1.19-latest":"1.19-2.4.8","1.17.1-recommended":"1.17.1-2.4.32","1.19.2-recommended":"1.19.2-2.4.32","1.18-latest":"1.18-2.1.22","1.20.4-recommended":"1.20.4-2.4.32","1.21-latest":"1.21-2.5.20","1.16.5-recommended":"1.16.5-2.4.32","1.16.4-recommended":"1.16.4-1.1.7","1.20.1-recommended":"1.20.1-2.4.32","1.16.3-recommended":"1.16.3-1.0.1","1.15.2-latest":"1.15.2-1.0.2","1.20.2-recommended":"1.20.2-2.4.32","1.20-latest":"1.20-2.4.9","1.18.2-recommended":"1.18.2-2.4.32","1.17.1-latest":"1.17.1-2.5.12","1.18.1-recommended":"1.18.1-2.2.52","1.20.1-latest":"1.20.1-2.5.30","1.16.3-latest":"1.16.3-1.0.1","1.20.2-latest":"1.20.2-2.5.12","1.16.4-latest":"1.16.4-1.1.7","1.19.2-latest":"1.19.2-2.5.30","1.19.4-latest":"1.19.4-2.5.12","1.19.3-latest":"1.19.3-2.4.11","1.16.5-latest":"1.16.5-2.5.30","1.19-recommended":"1.19-2.4.8","1.18-recommended":"1.18-2.1.17","1.15.2-recommended":"1.15.2-1.0.2","1.20.4-latest":"1.20.4-2.5.22","1.19.1-latest":"1.19.1-2.4.8","1.20.6-latest":"1.20.6-2.5.22"},"1.20.6":{"1.20.6-2.5.22":"Updated Traditional Chinese translation\nAdded Portuguese translation\nUpdated Ukrainian translation"},"1.21.5":{"1.21.5-2.5.30":"Improved tooltip rendering performance\nFixed ping buffer size"},"1.21.4":{"1.21.4-2.5.30":"Improved tooltip rendering performance\nFixed ping buffer size"},"1.20.2":{"1.20.2-2.4.32":"Fixed compatibility with Sound Physics Remastered\nUpdated French translation","1.20.2-2.5.12":"Improved cloth config GUI translations"},"1.21.1":{"1.21.1-2.5.30":"Improved tooltip rendering performance\nFixed ping buffer size"},"1.20.1":{"1.20.1-2.5.30":"Improved tooltip rendering performance\nFixed ping buffer size","1.20.1-2.4.32":"Fixed compatibility with Sound Physics Remastered\nUpdated French translation"},"1.16.4":{"1.16.4-1.1.7":"Fixed ConcurrentModificationException when client times out"},"1.19.1":{"1.19.1-2.4.8":"Added audio senders to the voice chat API"},"1.18.2":{"1.18.2-2.4.32":"Fixed compatibility with Sound Physics Remastered\nUpdated French translation","1.18.2-2.5.30":"Improved tooltip rendering performance\nFixed ping buffer size"},"1.16.5":{"1.16.5-2.4.32":"Fixed compatibility with Sound Physics Remastered\nUpdated French translation","1.16.5-2.5.30":"Improved tooltip rendering performance\nFixed ping buffer size"},"1.19.2":{"1.19.2-2.5.30":"Improved tooltip rendering performance\nFixed ping buffer size","1.19.2-2.4.32":"Fixed compatibility with Sound Physics Remastered\nUpdated French translation"},"1.19.3":{"1.19.3-2.4.11":"Added config accessors to the API"},"1.19.4":{"1.19.4-2.4.32":"Fixed compatibility with Sound Physics Remastered\nUpdated French translation","1.19.4-2.5.12":"Improved cloth config GUI translations"},"1.15.2":{"1.15.2-1.0.2":"Fix crash on servers"},"1.17.1":{"1.17.1-2.4.32":"Fixed compatibility with Sound Physics Remastered\nUpdated French translation","1.17.1-2.5.12":"Improved cloth config GUI translations"},"1.16.3":{"1.16.3-1.0.1":"Fixed voice chat not working on servers with port"},"1.18.1":{"1.18.1-2.2.52":"Improved service loader compatibility\nFixed issues with QuestCraft\nFixed disconnected state being controlled by the client"},"1.12.2":{"1.12.2-2.4.32":"Fixed compatibility with Sound Physics Remastered\nUpdated French translation","1.12.2-2.5.30":"Improved tooltip rendering performance\nFixed ping buffer size"},"homepage":"https://modrepo.de/minecraft/voicechat"}
[30Apr2025 23:13:40.437] [Forge Version Check/INFO] [net.minecraftforge.fml.VersionChecker/]: [voicechat] Found status: AHEAD Current: 1.20.1-2.5.30 Target: null
[30Apr2025 23:13:40.438] [Forge Version Check/INFO] [net.minecraftforge.fml.VersionChecker/]: [advancednetherite] Starting version check at https://raw.githubusercontent.com/Autovw/ModUpdates/master/advancednetherite/update.json
[30Apr2025 23:13:40.448] [Forge Version Check/DEBUG] [net.minecraftforge.fml.VersionChecker/]: [advancednetherite] Received version check data:
{
    "homepage": "https://www.curseforge.com/minecraft/mc-mods/advanced-netherite",
    "promos": {
        "1.16.3-latest": "1.9.0",
        "1.16.4-latest": "1.9.0",
        "1.16.5-latest": "1.12.4",
        "1.17.1-latest": "1.10.2",
        "1.18-latest": "1.9.0",
        "1.18.1-latest": "1.10.2",
        "1.18.2-latest": "1.14.7",
        "1.19-latest": "1.13.5",
        "1.19.1-latest": "1.13.5",
        "1.19.2-latest": "1.14.7",
        "1.19.3-latest": "1.14.7",
        "1.19.4-latest": "2.0.2",
        "1.20-latest": "2.0.2",
        "1.20.1-latest": "2.1.3",
        "1.20.2-latest": "2.0.2",
        "1.20.3-latest": "2.0.2",
        "1.20.4-latest": "2.1.0",
        "1.20.5-latest": "2.1.4",
        "1.20.6-latest": "2.1.4",
        "1.21-latest": "2.1.6",
        "1.21.1-latest": "2.2.1",
        "1.21.3-latest": "2.2.0",
        "1.21.4-latest": "2.2.2",
        "1.21.5-latest": "2.2.3"
    }
}
[30Apr2025 23:13:40.449] [Forge Version Check/INFO] [net.minecraftforge.fml.VersionChecker/]: [advancednetherite] Found status: BETA Current: 2.1.3 Target: 2.1.3
[30Apr2025 23:13:40.449] [Forge Version Check/INFO] [net.minecraftforge.fml.VersionChecker/]: [vampirism] Starting version check at https://api.modrinth.com/updates/vampirism/forge_updates.json
[30Apr2025 23:13:40.584] [Forge Version Check/DEBUG] [net.minecraftforge.fml.VersionChecker/]: [vampirism] Received version check data:
{"homepage":"https://modrinth.com/mod/vampirism","promos":{"1.15.2-latest":"1.15.2-1.7.2","1.12.2-recommended":"1.12.2-1.6.2","1.18.1-recommended":"1.18.1-1.8.1","1.19.4-latest":"1.19.4-1.9.3","1.16.4-latest":"1.16.4-1.7.12","1.19.2-recommended":"1.19.2-1.9.5","1.14.4-recommended":"1.14.4-1.7.1","1.20.1-recommended":"1.10.13","1.20.1-latest":"1.10.13","1.19.3-recommended":"1.19.3-1.9.1","1.16.5-latest":"1.16.5-1.9.10","1.19.2-latest":"1.19.2-1.9.5","1.12.2-latest":"1.12.2-1.6.2","1.19.1-latest":"1.19.1-1.8.0-alpha+20220729-2305","1.18.2-latest":"1.18.2-1.8.8","1.15.2-recommended":"1.15.2-1.7.2","1.16.4-recommended":"1.16.4-1.7.12","1.16.5-recommended":"1.16.5-1.9.10","1.18.1-latest":"1.18.1-1.8.1","1.19.4-recommended":"1.19.4-1.9.3","1.19.3-latest":"1.19.3-1.9.1","1.18.2-recommended":"1.18.2-1.8.8","1.14.4-latest":"1.14.4-1.7.1","1.17.1-latest":"1.17.1-1.8.4-beta.1"}}
[30Apr2025 23:13:40.585] [Forge Version Check/INFO] [net.minecraftforge.fml.VersionChecker/]: [vampirism] Found status: UP_TO_DATE Current: 1.10.13 Target: null
[30Apr2025 23:13:40.585] [Forge Version Check/INFO] [net.minecraftforge.fml.VersionChecker/]: [ad_astra] Starting version check at https://api.modrinth.com/updates/3ufwT9JF/forge_updates.json
[30Apr2025 23:13:40.639] [Forge Version Check/DEBUG] [net.minecraftforge.fml.VersionChecker/]: [ad_astra] Received version check data:
{"homepage":"https://modrinth.com/mod/3ufwT9JF","promos":{"1.19.2-recommended":"1.12.7","1.19.3-latest":"1.13.6","1.19.4-latest":"1.14.1","1.20.1-recommended":"1.15.20","1.20-latest":"1.15.1","1.19.4-recommended":"1.14.1","1.20-recommended":"1.15.1","1.19.3-recommended":"1.13.6","1.19.2-latest":"1.12.7","1.20.1-latest":"1.15.20"}}
[30Apr2025 23:13:40.640] [Forge Version Check/INFO] [net.minecraftforge.fml.VersionChecker/]: [ad_astra] Found status: UP_TO_DATE Current: 1.15.20 Target: null
[30Apr2025 23:13:48.953] [main/DEBUG] [net.minecraftforge.coremod.transformer.CoreModBaseTransformer/COREMOD]: Transforming <init> with desc (JZZLjava/util/Optional;)V
[30Apr2025 23:13:48.962] [main/DEBUG] [net.minecraftforge.coremod.transformer.CoreModBaseTransformer/COREMOD]: Transforming m_226857_ with desc (Lnet/minecraft/world/level/levelgen/structure/pieces/StructurePieceSerializationContext;Lnet/minecraft/nbt/CompoundTag;J)Lnet/minecraft/world/level/levelgen/structure/StructureStart;
[30Apr2025 23:13:48.962] [main/DEBUG] [mixin/]: Mixing StructureStartMixin from blueprint.mixins.json into net.minecraft.world.level.levelgen.structure.StructureStart
[30Apr2025 23:13:48.963] [main/DEBUG] [mixin/]: Renaming synthetic method lambda$new$0(Lnet/minecraft/world/level/WorldGenLevel;)[Lcom/teamabnormals/blueprint/common/world/modification/structure/StructureRepaletterEntry; to mda53580$lambda$new$0$0 in blueprint.mixins.json:StructureStartMixin
[30Apr2025 23:13:48.990] [main/INFO] [com.mojang.authlib.yggdrasil.YggdrasilAuthenticationService/]: Environment: authHost='https://authserver.mojang.com', accountsHost='https://api.mojang.com', sessionHost='https://sessionserver.mojang.com', servicesHost='https://api.minecraftservices.com', name='PROD'
[30Apr2025 23:13:49.015] [main/DEBUG] [mixin/]: Mixing DataFixLevelStorageSourceMixin from mixins.irons_spellbooks.json into net.minecraft.world.level.storage.LevelStorageSource
[30Apr2025 23:13:56.358] [main/WARN] [net.minecraft.server.packs.VanillaPackResourcesBuilder/]: Assets URL 'union:/workspaces/MSX/servidor_minecraft/libraries/net/minecraft/server/1.20.1-20230612.114412/server-1.20.1-20230612.114412-srg.jar%23183!/assets/.mcassetsroot' uses unexpected schema
[30Apr2025 23:13:56.359] [main/WARN] [net.minecraft.server.packs.VanillaPackResourcesBuilder/]: Assets URL 'union:/workspaces/MSX/servidor_minecraft/libraries/net/minecraft/server/1.20.1-20230612.114412/server-1.20.1-20230612.114412-srg.jar%23183!/data/.mcassetsroot' uses unexpected schema
[30Apr2025 23:13:56.372] [main/DEBUG] [io.redspace.ironsspellbooks.IronsSpellbooks/]: addPackFinders
[30Apr2025 23:13:56.410] [main/DEBUG] [mixin/]: Mixing WorldLoaderPackConfigMixin from blueprint.mixins.json into net.minecraft.server.WorldLoader$PackConfig
[30Apr2025 23:13:56.443] [main/DEBUG] [net.minecraftforge.server.ServerLifecycleHooks/CORE]: Generating PackInfo named mod:mowziesmobs for mod file /workspaces/MSX/servidor_minecraft/mods/mowziesmobs-1.7.1.jar
[30Apr2025 23:13:56.443] [main/DEBUG] [net.minecraftforge.server.ServerLifecycleHooks/CORE]: Generating PackInfo named mod:alshanex_familiars for mod file /workspaces/MSX/servidor_minecraft/mods/alshanex_familiars-1.20.1_v1.1.2_HotFix.jar
[30Apr2025 23:13:56.443] [main/DEBUG] [net.minecraftforge.server.ServerLifecycleHooks/CORE]: Generating PackInfo named mod:netherexp for mod file /workspaces/MSX/servidor_minecraft/mods/Jadens-Nether-Expansion-2.3.1.jar
[30Apr2025 23:13:56.443] [main/DEBUG] [net.minecraftforge.server.ServerLifecycleHooks/CORE]: Generating PackInfo named mod:geckolib for mod file /workspaces/MSX/servidor_minecraft/mods/geckolib-forge-1.20.1-4.7.1.2.jar
[30Apr2025 23:13:56.444] [main/DEBUG] [net.minecraftforge.server.ServerLifecycleHooks/CORE]: Generating PackInfo named mod:playeranimator for mod file /workspaces/MSX/servidor_minecraft/mods/player-animation-lib-forge-1.0.2-rc1+1.20.jar
[30Apr2025 23:13:56.444] [main/DEBUG] [net.minecraftforge.server.ServerLifecycleHooks/CORE]: Generating PackInfo named mod:elysium_api for mod file /workspaces/MSX/servidor_minecraft/mods/ElysiumApi-1.20.1-1.1.0.jar
[30Apr2025 23:13:56.444] [main/DEBUG] [net.minecraftforge.server.ServerLifecycleHooks/CORE]: Generating PackInfo named mod:botarium for mod file /workspaces/MSX/servidor_minecraft/mods/botarium-forge-1.20.1-2.3.4.jar
[30Apr2025 23:13:56.444] [main/DEBUG] [net.minecraftforge.server.ServerLifecycleHooks/CORE]: Generating PackInfo named mod:caelus for mod file /workspaces/MSX/servidor_minecraft/mods/caelus-forge-3.2.0+1.20.1.jar
[30Apr2025 23:13:56.444] [main/DEBUG] [net.minecraftforge.server.ServerLifecycleHooks/CORE]: Generating PackInfo named mod:citadel for mod file /workspaces/MSX/servidor_minecraft/mods/citadel-2.6.1-1.20.1.jar
[30Apr2025 23:13:56.445] [main/DEBUG] [net.minecraftforge.server.ServerLifecycleHooks/CORE]: Generating PackInfo named mod:alexsmobs for mod file /workspaces/MSX/servidor_minecraft/mods/alexsmobs-1.22.9.jar
[30Apr2025 23:13:56.445] [main/DEBUG] [net.minecraftforge.server.ServerLifecycleHooks/CORE]: Generating PackInfo named mod:mixinextras for mod file 
[30Apr2025 23:13:56.445] [main/DEBUG] [net.minecraftforge.server.ServerLifecycleHooks/CORE]: Generating PackInfo named mod:blueprint for mod file /workspaces/MSX/servidor_minecraft/mods/blueprint-1.20.1-7.1.3.jar
[30Apr2025 23:13:56.445] [main/DEBUG] [net.minecraftforge.server.ServerLifecycleHooks/CORE]: Generating PackInfo named mod:cloth_config for mod file /workspaces/MSX/servidor_minecraft/mods/cloth-config-11.1.136-forge.jar
[30Apr2025 23:13:56.446] [main/DEBUG] [net.minecraftforge.server.ServerLifecycleHooks/CORE]: Generating PackInfo named mod:forge for mod file /workspaces/MSX/servidor_minecraft/libraries/net/minecraftforge/forge/1.20.1-47.3.7/forge-1.20.1-47.3.7-universal.jar
[30Apr2025 23:13:56.446] [main/DEBUG] [net.minecraftforge.server.ServerLifecycleHooks/CORE]: Generating PackInfo named mod:twilightforest for mod file /workspaces/MSX/servidor_minecraft/mods/twilightforest-1.20.1-4.3.1893-universal.jar
[30Apr2025 23:13:56.446] [main/DEBUG] [net.minecraftforge.server.ServerLifecycleHooks/CORE]: Generating PackInfo named mod:tectonic for mod file /workspaces/MSX/servidor_minecraft/mods/tectonic-forge-1.20.1-2.4.1.jar
[30Apr2025 23:13:56.447] [main/DEBUG] [net.minecraftforge.server.ServerLifecycleHooks/CORE]: Generating PackInfo named mod:farmersdelight for mod file /workspaces/MSX/servidor_minecraft/mods/FarmersDelight-1.20.1-1.2.7.jar
[30Apr2025 23:13:56.447] [main/DEBUG] [net.minecraftforge.server.ServerLifecycleHooks/CORE]: Generating PackInfo named mod:alexscaves for mod file /workspaces/MSX/servidor_minecraft/mods/alexscaves-2.0.2.jar
[30Apr2025 23:13:56.447] [main/DEBUG] [net.minecraftforge.server.ServerLifecycleHooks/CORE]: Generating PackInfo named mod:voicechat for mod file /workspaces/MSX/servidor_minecraft/mods/voicechat-forge-1.20.1-2.5.30.jar
[30Apr2025 23:13:56.447] [main/DEBUG] [net.minecraftforge.server.ServerLifecycleHooks/CORE]: Generating PackInfo named mod:bettercombat for mod file /workspaces/MSX/servidor_minecraft/mods/bettercombat-forge-1.8.6+1.20.1.jar
[30Apr2025 23:13:56.448] [main/DEBUG] [net.minecraftforge.server.ServerLifecycleHooks/CORE]: Generating PackInfo named mod:alekiships for mod file /workspaces/MSX/servidor_minecraft/mods/alekiNiftyShips-FORGE-1.20.1-1.0.14.jar
[30Apr2025 23:13:56.448] [main/DEBUG] [net.minecraftforge.server.ServerLifecycleHooks/CORE]: Generating PackInfo named mod:another_furniture for mod file /workspaces/MSX/servidor_minecraft/mods/another_furniture-forge-1.20.1-3.0.2.jar
[30Apr2025 23:13:56.449] [main/DEBUG] [net.minecraftforge.server.ServerLifecycleHooks/CORE]: Generating PackInfo named mod:chunky for mod file /workspaces/MSX/servidor_minecraft/mods/Chunky-1.3.146.jar
[30Apr2025 23:13:56.449] [main/DEBUG] [net.minecraftforge.server.ServerLifecycleHooks/CORE]: Generating PackInfo named mod:unusualend for mod file /workspaces/MSX/servidor_minecraft/mods/unusualend-2.3.0-forge-1.20.1.jar
[30Apr2025 23:13:56.449] [main/DEBUG] [net.minecraftforge.server.ServerLifecycleHooks/CORE]: Generating PackInfo named mod:resourcefulconfig for mod file /workspaces/MSX/servidor_minecraft/mods/resourcefulconfig-forge-1.20.1-2.1.3.jar
[30Apr2025 23:13:56.450] [main/DEBUG] [net.minecraftforge.server.ServerLifecycleHooks/CORE]: Generating PackInfo named mod:born_in_chaos_v1 for mod file /workspaces/MSX/servidor_minecraft/mods/born_in_chaos_[Forge]1.20.1_1.6.3.jar
[30Apr2025 23:13:56.450] [main/DEBUG] [net.minecraftforge.server.ServerLifecycleHooks/CORE]: Generating PackInfo named mod:lionfishapi for mod file /workspaces/MSX/servidor_minecraft/mods/lionfishapi-2.4-Fix.jar
[30Apr2025 23:13:56.450] [main/DEBUG] [net.minecraftforge.server.ServerLifecycleHooks/CORE]: Generating PackInfo named mod:cataclysm for mod file /workspaces/MSX/servidor_minecraft/mods/L_Enders_Cataclysm-2.64.jar
[30Apr2025 23:13:56.450] [main/DEBUG] [net.minecraftforge.server.ServerLifecycleHooks/CORE]: Generating PackInfo named mod:curios for mod file /workspaces/MSX/servidor_minecraft/mods/curios-forge-5.14.1+1.20.1.jar
[30Apr2025 23:13:56.450] [main/DEBUG] [net.minecraftforge.server.ServerLifecycleHooks/CORE]: Generating PackInfo named mod:advancednetherite for mod file /workspaces/MSX/servidor_minecraft/mods/advancednetherite-forge-2.1.3-1.20.1.jar
[30Apr2025 23:13:56.451] [main/DEBUG] [net.minecraftforge.server.ServerLifecycleHooks/CORE]: Generating PackInfo named mod:irons_spellbooks for mod file /workspaces/MSX/servidor_minecraft/mods/irons_spellbooks-1.20.1-3.4.0.8.jar
[30Apr2025 23:13:56.451] [main/DEBUG] [net.minecraftforge.server.ServerLifecycleHooks/CORE]: Generating PackInfo named mod:unearthed_journey for mod file /workspaces/MSX/servidor_minecraft/mods/unearthed_journey-2.1.jar
[30Apr2025 23:13:56.451] [main/DEBUG] [net.minecraftforge.server.ServerLifecycleHooks/CORE]: Generating PackInfo named mod:resourcefullib for mod file /workspaces/MSX/servidor_minecraft/mods/resourcefullib-forge-1.20.1-2.1.29.jar
[30Apr2025 23:13:56.451] [main/DEBUG] [net.minecraftforge.server.ServerLifecycleHooks/CORE]: Generating PackInfo named mod:architectury for mod file /workspaces/MSX/servidor_minecraft/mods/architectury-9.2.14-forge.jar
[30Apr2025 23:13:56.451] [main/DEBUG] [net.minecraftforge.server.ServerLifecycleHooks/CORE]: Generating PackInfo named mod:mca for mod file /workspaces/MSX/servidor_minecraft/mods/minecraft-comes-alive-7.6.3+1.20.1-universal.jar
[30Apr2025 23:13:56.452] [main/DEBUG] [net.minecraftforge.server.ServerLifecycleHooks/CORE]: Generating PackInfo named mod:doapi for mod file /workspaces/MSX/servidor_minecraft/mods/letsdo-API-forge-1.2.15-forge.jar
[30Apr2025 23:13:56.452] [main/DEBUG] [net.minecraftforge.server.ServerLifecycleHooks/CORE]: Generating PackInfo named mod:vinery for mod file /workspaces/MSX/servidor_minecraft/mods/letsdo-vinery-forge-1.4.39.jar
[30Apr2025 23:13:56.452] [main/DEBUG] [net.minecraftforge.server.ServerLifecycleHooks/CORE]: Generating PackInfo named mod:brewery for mod file /workspaces/MSX/servidor_minecraft/mods/letsdo-brewery-forge-1.1.9.jar
[30Apr2025 23:13:56.452] [main/DEBUG] [net.minecraftforge.server.ServerLifecycleHooks/CORE]: Generating PackInfo named mod:alexsdelight for mod file /workspaces/MSX/servidor_minecraft/mods/alexsdelight-1.5.jar
[30Apr2025 23:13:56.452] [main/DEBUG] [net.minecraftforge.server.ServerLifecycleHooks/CORE]: Generating PackInfo named mod:vampirism for mod file /workspaces/MSX/servidor_minecraft/mods/Vampirism-1.20.1-1.10.13.jar
[30Apr2025 23:13:56.453] [main/DEBUG] [net.minecraftforge.server.ServerLifecycleHooks/CORE]: Generating PackInfo named mod:goblins_tyranny for mod file /workspaces/MSX/servidor_minecraft/mods/goblins_tyranny-1.2.3-forge-1.20.1.jar
[30Apr2025 23:13:56.453] [main/DEBUG] [net.minecraftforge.server.ServerLifecycleHooks/CORE]: Generating PackInfo named mod:wan_ancient_beasts for mod file /workspaces/MSX/servidor_minecraft/mods/wab-1.20.1-1.1.5.jar
[30Apr2025 23:13:56.453] [main/DEBUG] [net.minecraftforge.server.ServerLifecycleHooks/CORE]: Generating PackInfo named mod:ad_astra for mod file /workspaces/MSX/servidor_minecraft/mods/ad_astra-forge-1.20.1-1.15.20.jar
[30Apr2025 23:13:56.496] [main/INFO] [com.teamabnormals.blueprint.core.Blueprint/]: Successfully loaded 0 data remolders!
[30Apr2025 23:13:57.795] [main/DEBUG] [de.teamlapen.vampirism.world.biome.OverworldModifications/]: Removing biome ResourceKey[minecraft:worldgen/biome / minecraft:taiga] from parameter point ParameterPoint[temperature=[-4500--1500], humidity=[1000-3000], continentalness=[-1900-300], erosion=[-3750-500], depth=0, weirdness=[-5666--4000], offset=0] in overworld preset
[30Apr2025 23:13:57.796] [main/DEBUG] [de.teamlapen.vampirism.world.biome.OverworldModifications/]: Removing biome ResourceKey[minecraft:worldgen/biome / minecraft:taiga] from parameter point ParameterPoint[temperature=[-4500--1500], humidity=[1000-3000], continentalness=[300-10000], erosion=[-3750--2225], depth=0, weirdness=[-5666--4000], offset=0] in overworld preset
[30Apr2025 23:13:57.797] [main/DEBUG] [de.teamlapen.vampirism.world.biome.OverworldModifications/]: Removing biome ResourceKey[minecraft:worldgen/biome / minecraft:taiga] from parameter point ParameterPoint[temperature=[-4500--1500], humidity=[1000-3000], continentalness=[-1100-300], erosion=[-3750--2225], depth=0, weirdness=[-4000--2666], offset=0] in overworld preset
[30Apr2025 23:13:57.797] [main/DEBUG] [de.teamlapen.vampirism.world.biome.OverworldModifications/]: Removing biome ResourceKey[minecraft:worldgen/biome / minecraft:taiga] from parameter point ParameterPoint[temperature=[-4500--1500], humidity=[1000-3000], continentalness=[300-3000], erosion=[-3750--2225], depth=0, weirdness=[-4000--2666], offset=0] in overworld preset
[30Apr2025 23:13:57.798] [main/DEBUG] [de.teamlapen.vampirism.world.biome.OverworldModifications/]: Removing biome ResourceKey[minecraft:worldgen/biome / minecraft:taiga] from parameter point ParameterPoint[temperature=[-4500--1500], humidity=[1000-3000], continentalness=[3000-10000], erosion=[-3750--2225], depth=0, weirdness=[-4000--2666], offset=0] in overworld preset
[30Apr2025 23:13:57.799] [main/DEBUG] [de.teamlapen.vampirism.world.biome.OverworldModifications/]: Removing biome ResourceKey[minecraft:worldgen/biome / minecraft:taiga] from parameter point ParameterPoint[temperature=[-4500--1500], humidity=[1000-3000], continentalness=[-1100-300], erosion=[-3750-500], depth=0, weirdness=[-2666--500], offset=0] in overworld preset
[30Apr2025 23:13:57.799] [main/DEBUG] [de.teamlapen.vampirism.world.biome.OverworldModifications/]: Removing biome ResourceKey[minecraft:worldgen/biome / minecraft:taiga] from parameter point ParameterPoint[temperature=[-4500--1500], humidity=[1000-3000], continentalness=[300-10000], erosion=[-3750-500], depth=0, weirdness=[-2666--500], offset=0] in overworld preset
[30Apr2025 23:13:57.800] [main/DEBUG] [de.teamlapen.vampirism.world.biome.OverworldModifications/]: Removing biome ResourceKey[minecraft:worldgen/biome / minecraft:taiga] from parameter point ParameterPoint[temperature=[-4500--1500], humidity=[1000-3000], continentalness=[-1100-300], erosion=[-3750-500], depth=0, weirdness=[500-2666], offset=0] in overworld preset
[30Apr2025 23:13:57.800] [main/DEBUG] [de.teamlapen.vampirism.world.biome.OverworldModifications/]: Removing biome ResourceKey[minecraft:worldgen/biome / minecraft:taiga] from parameter point ParameterPoint[temperature=[-4500--1500], humidity=[1000-3000], continentalness=[300-10000], erosion=[-3750-500], depth=0, weirdness=[500-2666], offset=0] in overworld preset
[30Apr2025 23:13:57.801] [main/DEBUG] [de.teamlapen.vampirism.world.biome.OverworldModifications/]: Removing biome ResourceKey[minecraft:worldgen/biome / minecraft:taiga] from parameter point ParameterPoint[temperature=[-4500--1500], humidity=[1000-3000], continentalness=[-1100-300], erosion=[-3750--2225], depth=0, weirdness=[2666-4000], offset=0] in overworld preset
[30Apr2025 23:13:57.802] [main/DEBUG] [de.teamlapen.vampirism.world.biome.OverworldModifications/]: Removing biome ResourceKey[minecraft:worldgen/biome / minecraft:taiga] from parameter point ParameterPoint[temperature=[-4500--1500], humidity=[1000-3000], continentalness=[300-3000], erosion=[-3750--2225], depth=0, weirdness=[2666-4000], offset=0] in overworld preset
[30Apr2025 23:13:57.802] [main/DEBUG] [de.teamlapen.vampirism.world.biome.OverworldModifications/]: Removing biome ResourceKey[minecraft:worldgen/biome / minecraft:meadow] from parameter point ParameterPoint[temperature=[-4500--1500], humidity=[1000-3000], continentalness=[3000-10000], erosion=[-3750--2225], depth=0, weirdness=[2666-4000], offset=0] in overworld preset
[30Apr2025 23:13:57.804] [main/DEBUG] [de.teamlapen.vampirism.world.biome.OverworldModifications/]: Removed a total of 12 points from 7593
[30Apr2025 23:13:57.804] [main/INFO] [de.teamlapen.vampirism.world.biome.OverworldModifications/]: Adding biome vampirism:vampire_forest to ParameterPoints [ParameterPoint[temperature=[-4000--1900], humidity=[1000-3000], continentalness=[-1100-5500], erosion=[-3750--2225], depth=0, weirdness=[-5666--500], offset=0], ParameterPoint[temperature=[-4000--1900], humidity=[1000-3000], continentalness=[-1100-5500], erosion=[-3750--2225], depth=0, weirdness=[500-4000], offset=0]] in Preset.OVERWORLD
[30Apr2025 23:13:58.273] [main/DEBUG] [net.minecraftforge.coremod.transformer.CoreModBaseTransformer/COREMOD]: Transforming net/minecraft/server/commands/SummonCommand
[30Apr2025 23:13:58.434] [main/DEBUG] [mixin/]: Mixing ForgeEventFactoryMixin from blueprint.mixins.json into net.minecraftforge.event.ForgeEventFactory
[30Apr2025 23:13:58.552] [main/INFO] [com.github.alexthe666.alexsmobs.AlexsMobs/]: Adding datapack listener capsid_recipes
[30Apr2025 23:13:58.597] [main/DEBUG] [mixin/]: Mixing SimpleReloadInstanceMixin from blueprint.mixins.json into net.minecraft.server.packs.resources.SimpleReloadInstance
[30Apr2025 23:13:58.796] [Worker-Main-5/ERROR] [net.minecraft.tags.TagLoader/]: Couldn't load tag unusualend:void_tracker_located as it is missing following references: unusualend:gloopy_citadel (from unusualend-2.3.0-forge-1.20.1.jar)
[30Apr2025 23:13:58.797] [Worker-Main-5/ERROR] [net.minecraft.tags.TagLoader/]: Couldn't load tag minecraft:void_tracker_located as it is missing following references: minecraft: (from unusualend-2.3.0-forge-1.20.1.jar)
[30Apr2025 23:13:58.814] [Worker-Main-5/ERROR] [net.minecraft.tags.TagLoader/]: Couldn't load tag blueprint:generates_overrides as it is missing following references: unusualend:prismalite_gem (from unusualend-2.3.0-forge-1.20.1.jar), 
	unusualend:shiny_crystal (from unusualend-2.3.0-forge-1.20.1.jar), 
	unusualend:citrine_chunk (from unusualend-2.3.0-forge-1.20.1.jar), 
	unusualend:pearlescent_ingot (from unusualend-2.3.0-forge-1.20.1.jar)
[30Apr2025 23:13:59.401] [Worker-Main-5/DEBUG] [mixin/]: Mixing MixinNbtPredicate from curios.mixins.json into net.minecraft.advancements.critereon.NbtPredicate
[30Apr2025 23:13:59.423] [Worker-Main-5/DEBUG] [net.minecraftforge.coremod.transformer.CoreModBaseTransformer/COREMOD]: Transforming net/minecraft/world/entity/raid/Raid
[30Apr2025 23:14:00.613] [main/INFO] [com.teamabnormals.blueprint.core.Blueprint/]: Loot Modification Manager has loaded 0 modifier groups
[30Apr2025 23:14:00.760] [main/INFO] [net.minecraft.world.item.crafting.RecipeManager/]: Skipping loading recipe twilightforest:jeed/poison as it's serializer returned null
[30Apr2025 23:14:00.808] [main/INFO] [net.minecraft.world.item.crafting.RecipeManager/]: Skipping loading recipe vampirism:general/umbrella as it's serializer returned null
[30Apr2025 23:14:00.822] [main/ERROR] [net.minecraft.world.item.crafting.RecipeManager/]: Parsing error loading recipe irons_spellbooks:curios/concentration_amulet
com.google.gson.JsonSyntaxException: Unknown item 'irons_spellbooks:mithril_ingot'
	at net.minecraft.world.item.crafting.ShapedRecipe.m_151280_(ShapedRecipe.java:292) ~[server-1.20.1-20230612.114412-srg.jar%23183!/:?]
	at java.util.Optional.orElseThrow(Optional.java:403) ~[?:?]
	at net.minecraft.world.item.crafting.ShapedRecipe.m_151278_(ShapedRecipe.java:291) ~[server-1.20.1-20230612.114412-srg.jar%23183!/:?]
	at net.minecraft.world.item.crafting.Ingredient.m_43919_(Ingredient.java:219) ~[server-1.20.1-20230612.114412-srg.jar%23183!/:?]
	at net.minecraftforge.common.crafting.VanillaIngredientSerializer.parse(VanillaIngredientSerializer.java:27) ~[forge-1.20.1-47.3.7-universal.jar%23188!/:?]
	at net.minecraftforge.common.crafting.CraftingHelper.getIngredient(CraftingHelper.java:148) ~[forge-1.20.1-47.3.7-universal.jar%23188!/:?]
	at net.minecraft.world.item.crafting.Ingredient.m_288218_(Ingredient.java:194) ~[server-1.20.1-20230612.114412-srg.jar%23183!/:?]
	at net.minecraft.world.item.crafting.ShapedRecipe.m_44210_(ShapedRecipe.java:278) ~[server-1.20.1-20230612.114412-srg.jar%23183!/:?]
	at net.minecraft.world.item.crafting.ShapedRecipe$Serializer.m_6729_(ShapedRecipe.java:306) ~[server-1.20.1-20230612.114412-srg.jar%23183!/:?]
	at net.minecraft.world.item.crafting.ShapedRecipe$Serializer.m_6729_(ShapedRecipe.java:301) ~[server-1.20.1-20230612.114412-srg.jar%23183!/:?]
	at net.minecraftforge.common.extensions.IForgeRecipeSerializer.fromJson(IForgeRecipeSerializer.java:23) ~[forge-1.20.1-47.3.7-universal.jar%23188!/:?]
	at net.minecraft.world.item.crafting.RecipeManager.fromJson(RecipeManager.java:171) ~[server-1.20.1-20230612.114412-srg.jar%23183!/:?]
	at net.minecraft.world.item.crafting.RecipeManager.m_5787_(RecipeManager.java:67) ~[server-1.20.1-20230612.114412-srg.jar%23183!/:?]
	at net.minecraft.world.item.crafting.RecipeManager.m_5787_(RecipeManager.java:34) ~[server-1.20.1-20230612.114412-srg.jar%23183!/:?]
	at net.minecraft.server.packs.resources.SimplePreparableReloadListener.m_10789_(SimplePreparableReloadListener.java:13) ~[server-1.20.1-20230612.114412-srg.jar%23183!/:?]
	at java.util.concurrent.CompletableFuture$UniAccept.tryFire(CompletableFuture.java:718) ~[?:?]
	at java.util.concurrent.CompletableFuture$Completion.run(CompletableFuture.java:482) ~[?:?]
	at net.minecraft.server.packs.resources.SimpleReloadInstance.m_143940_(SimpleReloadInstance.java:69) ~[server-1.20.1-20230612.114412-srg.jar%23183!/:?]
	at net.minecraft.Util.m_214652_(Util.java:783) ~[server-1.20.1-20230612.114412-srg.jar%23183!/:?]
	at net.minecraft.Util.m_214679_(Util.java:772) ~[server-1.20.1-20230612.114412-srg.jar%23183!/:?]
	at net.minecraft.server.Main.main(Main.java:166) ~[server-1.20.1-20230612.114412-srg.jar%23183!/:?]
	at jdk.internal.reflect.NativeMethodAccessorImpl.invoke0(Native Method) ~[?:?]
	at jdk.internal.reflect.NativeMethodAccessorImpl.invoke(NativeMethodAccessorImpl.java:77) ~[?:?]
	at jdk.internal.reflect.DelegatingMethodAccessorImpl.invoke(DelegatingMethodAccessorImpl.java:43) ~[?:?]
	at java.lang.reflect.Method.invoke(Method.java:569) ~[?:?]
	at net.minecraftforge.fml.loading.targets.CommonLaunchHandler.runTarget(CommonLaunchHandler.java:111) ~[fmlloader-1.20.1-47.3.7.jar%2369!/:?]
	at net.minecraftforge.fml.loading.targets.CommonLaunchHandler.serverService(CommonLaunchHandler.java:103) ~[fmlloader-1.20.1-47.3.7.jar%2369!/:?]
	at net.minecraftforge.fml.loading.targets.CommonServerLaunchHandler.lambda$makeService$0(CommonServerLaunchHandler.java:27) ~[fmlloader-1.20.1-47.3.7.jar%2369!/:?]
	at cpw.mods.modlauncher.LaunchServiceHandlerDecorator.launch(LaunchServiceHandlerDecorator.java:30) ~[modlauncher-10.0.9.jar%2355!/:?]
	at cpw.mods.modlauncher.LaunchServiceHandler.launch(LaunchServiceHandler.java:53) ~[modlauncher-10.0.9.jar%2355!/:?]
	at cpw.mods.modlauncher.LaunchServiceHandler.launch(LaunchServiceHandler.java:71) ~[modlauncher-10.0.9.jar%2355!/:?]
	at cpw.mods.modlauncher.Launcher.run(Launcher.java:108) ~[modlauncher-10.0.9.jar%2355!/:?]
	at cpw.mods.modlauncher.Launcher.main(Launcher.java:78) ~[modlauncher-10.0.9.jar%2355!/:?]
	at cpw.mods.modlauncher.BootstrapLaunchConsumer.accept(BootstrapLaunchConsumer.java:26) ~[modlauncher-10.0.9.jar%2355!/:?]
	at cpw.mods.modlauncher.BootstrapLaunchConsumer.accept(BootstrapLaunchConsumer.java:23) ~[modlauncher-10.0.9.jar%2355!/:?]
	at cpw.mods.bootstraplauncher.BootstrapLauncher.main(BootstrapLauncher.java:141) ~[bootstraplauncher-1.1.2.jar:?]
[30Apr2025 23:14:00.889] [main/INFO] [net.minecraft.world.item.crafting.RecipeManager/]: Skipping loading recipe twilightforest:jeed/frosted as it's serializer returned null
[30Apr2025 23:14:00.906] [main/INFO] [net.minecraft.world.item.crafting.RecipeManager/]: Skipping loading recipe twilightforest:jeed/hunger as it's serializer returned null
[30Apr2025 23:14:00.923] [main/ERROR] [net.minecraft.world.item.crafting.RecipeManager/]: Parsing error loading recipe alexsdelight:barbecue_on_a_stick
com.google.gson.JsonSyntaxException: Unknown item 'amfd:singular_cooked_moose_rib'
	at net.minecraft.world.item.crafting.ShapedRecipe.m_151280_(ShapedRecipe.java:292) ~[server-1.20.1-20230612.114412-srg.jar%23183!/:?]
	at java.util.Optional.orElseThrow(Optional.java:403) ~[?:?]
	at net.minecraft.world.item.crafting.ShapedRecipe.m_151278_(ShapedRecipe.java:291) ~[server-1.20.1-20230612.114412-srg.jar%23183!/:?]
	at net.minecraft.world.item.crafting.Ingredient.m_43919_(Ingredient.java:219) ~[server-1.20.1-20230612.114412-srg.jar%23183!/:?]
	at net.minecraftforge.common.crafting.VanillaIngredientSerializer.parse(VanillaIngredientSerializer.java:27) ~[forge-1.20.1-47.3.7-universal.jar%23188!/:?]
	at net.minecraftforge.common.crafting.CraftingHelper.getIngredient(CraftingHelper.java:148) ~[forge-1.20.1-47.3.7-universal.jar%23188!/:?]
	at net.minecraft.world.item.crafting.Ingredient.m_288218_(Ingredient.java:194) ~[server-1.20.1-20230612.114412-srg.jar%23183!/:?]
	at net.minecraft.world.item.crafting.ShapelessRecipe$Serializer.m_44275_(ShapelessRecipe.java:104) ~[server-1.20.1-20230612.114412-srg.jar%23183!/:?]
	at net.minecraft.world.item.crafting.ShapelessRecipe$Serializer.m_6729_(ShapelessRecipe.java:89) ~[server-1.20.1-20230612.114412-srg.jar%23183!/:?]
	at net.minecraft.world.item.crafting.ShapelessRecipe$Serializer.m_6729_(ShapelessRecipe.java:84) ~[server-1.20.1-20230612.114412-srg.jar%23183!/:?]
	at net.minecraftforge.common.extensions.IForgeRecipeSerializer.fromJson(IForgeRecipeSerializer.java:23) ~[forge-1.20.1-47.3.7-universal.jar%23188!/:?]
	at net.minecraft.world.item.crafting.RecipeManager.fromJson(RecipeManager.java:171) ~[server-1.20.1-20230612.114412-srg.jar%23183!/:?]
	at net.minecraft.world.item.crafting.RecipeManager.m_5787_(RecipeManager.java:67) ~[server-1.20.1-20230612.114412-srg.jar%23183!/:?]
	at net.minecraft.world.item.crafting.RecipeManager.m_5787_(RecipeManager.java:34) ~[server-1.20.1-20230612.114412-srg.jar%23183!/:?]
	at net.minecraft.server.packs.resources.SimplePreparableReloadListener.m_10789_(SimplePreparableReloadListener.java:13) ~[server-1.20.1-20230612.114412-srg.jar%23183!/:?]
	at java.util.concurrent.CompletableFuture$UniAccept.tryFire(CompletableFuture.java:718) ~[?:?]
	at java.util.concurrent.CompletableFuture$Completion.run(CompletableFuture.java:482) ~[?:?]
	at net.minecraft.server.packs.resources.SimpleReloadInstance.m_143940_(SimpleReloadInstance.java:69) ~[server-1.20.1-20230612.114412-srg.jar%23183!/:?]
	at net.minecraft.Util.m_214652_(Util.java:783) ~[server-1.20.1-20230612.114412-srg.jar%23183!/:?]
	at net.minecraft.Util.m_214679_(Util.java:772) ~[server-1.20.1-20230612.114412-srg.jar%23183!/:?]
	at net.minecraft.server.Main.main(Main.java:166) ~[server-1.20.1-20230612.114412-srg.jar%23183!/:?]
	at jdk.internal.reflect.NativeMethodAccessorImpl.invoke0(Native Method) ~[?:?]
	at jdk.internal.reflect.NativeMethodAccessorImpl.invoke(NativeMethodAccessorImpl.java:77) ~[?:?]
	at jdk.internal.reflect.DelegatingMethodAccessorImpl.invoke(DelegatingMethodAccessorImpl.java:43) ~[?:?]
	at java.lang.reflect.Method.invoke(Method.java:569) ~[?:?]
	at net.minecraftforge.fml.loading.targets.CommonLaunchHandler.runTarget(CommonLaunchHandler.java:111) ~[fmlloader-1.20.1-47.3.7.jar%2369!/:?]
	at net.minecraftforge.fml.loading.targets.CommonLaunchHandler.serverService(CommonLaunchHandler.java:103) ~[fmlloader-1.20.1-47.3.7.jar%2369!/:?]
	at net.minecraftforge.fml.loading.targets.CommonServerLaunchHandler.lambda$makeService$0(CommonServerLaunchHandler.java:27) ~[fmlloader-1.20.1-47.3.7.jar%2369!/:?]
	at cpw.mods.modlauncher.LaunchServiceHandlerDecorator.launch(LaunchServiceHandlerDecorator.java:30) ~[modlauncher-10.0.9.jar%2355!/:?]
	at cpw.mods.modlauncher.LaunchServiceHandler.launch(LaunchServiceHandler.java:53) ~[modlauncher-10.0.9.jar%2355!/:?]
	at cpw.mods.modlauncher.LaunchServiceHandler.launch(LaunchServiceHandler.java:71) ~[modlauncher-10.0.9.jar%2355!/:?]
	at cpw.mods.modlauncher.Launcher.run(Launcher.java:108) ~[modlauncher-10.0.9.jar%2355!/:?]
	at cpw.mods.modlauncher.Launcher.main(Launcher.java:78) ~[modlauncher-10.0.9.jar%2355!/:?]
	at cpw.mods.modlauncher.BootstrapLaunchConsumer.accept(BootstrapLaunchConsumer.java:26) ~[modlauncher-10.0.9.jar%2355!/:?]
	at cpw.mods.modlauncher.BootstrapLaunchConsumer.accept(BootstrapLaunchConsumer.java:23) ~[modlauncher-10.0.9.jar%2355!/:?]
	at cpw.mods.bootstraplauncher.BootstrapLauncher.main(BootstrapLauncher.java:141) ~[bootstraplauncher-1.1.2.jar:?]
[30Apr2025 23:14:00.930] [main/INFO] [net.minecraft.world.item.crafting.RecipeManager/]: Skipping loading recipe vampirism:vampire/blood_bottle as it's serializer returned null
[30Apr2025 23:14:00.950] [main/INFO] [net.minecraft.world.item.crafting.RecipeManager/]: Skipping loading recipe twilightforest:jeed/resistance as it's serializer returned null
[30Apr2025 23:14:01.056] [main/INFO] [net.minecraft.world.item.crafting.RecipeManager/]: Skipping loading recipe twilightforest:jeed/blindness as it's serializer returned null
[30Apr2025 23:14:01.061] [main/INFO] [net.minecraft.world.item.crafting.RecipeManager/]: Skipping loading recipe vampirism:general/guidebook as it's serializer returned null
[30Apr2025 23:14:01.063] [main/INFO] [net.minecraft.world.item.crafting.RecipeManager/]: Skipping loading recipe twilightforest:jeed/regeneration as it's serializer returned null
[30Apr2025 23:14:01.068] [main/INFO] [net.minecraft.world.item.crafting.RecipeManager/]: Skipping loading recipe twilightforest:jeed/slowness as it's serializer returned null
[30Apr2025 23:14:01.089] [main/INFO] [net.minecraft.world.item.crafting.RecipeManager/]: Skipping loading recipe twilightforest:jeed/fire_resistance as it's serializer returned null
[30Apr2025 23:14:01.097] [main/INFO] [net.minecraft.world.item.crafting.RecipeManager/]: Loaded 31 recipes
[30Apr2025 23:14:01.097] [main/INFO] [com.teamabnormals.blueprint.core.Blueprint/]: Advancement Modification Manager has loaded 0 modifier groups
[30Apr2025 23:14:01.100] [main/DEBUG] [mixin/]: Mixing AdvancementBuilderMixin from blueprint.mixins.json into net.minecraft.advancements.Advancement$Builder
[30Apr2025 23:14:01.350] [main/INFO] [net.minecraft.advancements.AdvancementList/]: Loaded 3960 advancements
[30Apr2025 23:14:01.359] [main/INFO] [twilightforest/]: Loaded 9 Stalactite configs!
[30Apr2025 23:14:01.368] [main/INFO] [com.teamabnormals.blueprint.core.Blueprint/]: Chunk Generator Modification Manager has loaded 1 modifier groups
[30Apr2025 23:14:01.384] [main/INFO] [top.theillusivec4.curios.Curios/]: Loaded 12 curio slots
[30Apr2025 23:14:01.392] [main/INFO] [top.theillusivec4.curios.Curios/]: Loaded 1 curio entities
[30Apr2025 23:14:01.496] [main/INFO] [de.teamlapen.vampirism.entity.player.skills.SkillTree/]: Loaded 53 skill nodes
[30Apr2025 23:14:01.499] [main/DEBUG] [de.teamlapen.vampirism.entity.converted.VampirismEntityRegistry/]: Registering convertible Panda with blood 13 and handler de.teamlapen.vampirism.entity.converted.DefaultConvertingHandler
[30Apr2025 23:14:01.500] [main/DEBUG] [de.teamlapen.vampirism.entity.converted.VampirismEntityRegistry/]: Registering convertible Cow with blood 10 and handler de.teamlapen.vampirism.entity.converted.SpecialConvertingHandler
[30Apr2025 23:14:01.500] [main/DEBUG] [de.teamlapen.vampirism.entity.converted.VampirismEntityRegistry/]: Registering convertible Polar Bear with blood 10 and handler de.teamlapen.vampirism.entity.converted.DefaultConvertingHandler
[30Apr2025 23:14:01.500] [main/DEBUG] [de.teamlapen.vampirism.entity.converted.VampirismEntityRegistry/]: Registering convertible Goat with blood 7 and handler de.teamlapen.vampirism.entity.converted.SpecialConvertingHandler
[30Apr2025 23:14:01.500] [main/DEBUG] [de.teamlapen.vampirism.entity.converted.VampirismEntityRegistry/]: Registering convertible Llama with blood 10 and handler de.teamlapen.vampirism.entity.converted.DefaultConvertingHandler
[30Apr2025 23:14:01.500] [main/DEBUG] [de.teamlapen.vampirism.entity.converted.VampirismEntityRegistry/]: Registering convertible Pig with blood 5 and handler de.teamlapen.vampirism.entity.converted.DefaultConvertingHandler
[30Apr2025 23:14:01.500] [main/DEBUG] [de.teamlapen.vampirism.entity.converted.VampirismEntityRegistry/]: Registering convertible Rabbit with blood 2 and handler de.teamlapen.vampirism.entity.converted.DefaultConvertingHandler
[30Apr2025 23:14:01.500] [main/DEBUG] [de.teamlapen.vampirism.entity.converted.VampirismEntityRegistry/]: Registering convertible Fox with blood 4 and handler de.teamlapen.vampirism.entity.converted.SpecialConvertingHandler
[30Apr2025 23:14:01.500] [main/DEBUG] [de.teamlapen.vampirism.entity.converted.VampirismEntityRegistry/]: Registering convertible Horse with blood 13 and handler de.teamlapen.vampirism.entity.converted.SpecialConvertingHandler
[30Apr2025 23:14:01.500] [main/DEBUG] [de.teamlapen.vampirism.entity.converted.VampirismEntityRegistry/]: Registering convertible Ocelot with blood 4 and handler de.teamlapen.vampirism.entity.converted.DefaultConvertingHandler
[30Apr2025 23:14:01.501] [main/DEBUG] [de.teamlapen.vampirism.entity.converted.VampirismEntityRegistry/]: Registering convertible Sheep with blood 5 and handler de.teamlapen.vampirism.entity.converted.SpecialConvertingHandler
[30Apr2025 23:14:01.501] [main/DEBUG] [de.teamlapen.vampirism.entity.converted.VampirismEntityRegistry/]: Registering convertible Villager with blood 15 and handler de.teamlapen.vampirism.entity.converted.SpecialConvertingHandler
[30Apr2025 23:14:01.501] [main/DEBUG] [de.teamlapen.vampirism.entity.converted.VampirismEntityRegistry/]: Registering convertible Donkey with blood 13 and handler de.teamlapen.vampirism.entity.converted.SpecialConvertingHandler
[30Apr2025 23:14:01.501] [main/DEBUG] [de.teamlapen.vampirism.entity.converted.VampirismEntityRegistry/]: Registering convertible Mule with blood 13 and handler de.teamlapen.vampirism.entity.converted.SpecialConvertingHandler
[30Apr2025 23:14:01.501] [main/INFO] [de.teamlapen.vampirism.entity.converted.VampirismEntityRegistry/]: Registered 14 convertibles
[30Apr2025 23:14:01.556] [main/WARN] [net.minecraft.core.MappedRegistry/]: Not all defined tags for registry ResourceKey[minecraft:root / minecraft:worldgen/biome] are present in data pack: minecraft:is_plains
[30Apr2025 23:14:08.393] [main/DEBUG] [net.minecraftforge.common.ForgeHooks/WP]: Gathering id map for writing to world save world
[30Apr2025 23:14:08.529] [main/DEBUG] [net.minecraftforge.common.ForgeHooks/WP]: ID Map collection complete world
[30Apr2025 23:14:08.613] [main/DEBUG] [mixin/]: Mixing DataFixPlayerDataStorageMixin from mixins.irons_spellbooks.json into net.minecraft.world.level.storage.PlayerDataStorage
[30Apr2025 23:14:08.620] [Server thread/INFO] [net.minecraft.server.dedicated.DedicatedServer/]: Starting minecraft server version 1.20.1
[30Apr2025 23:14:08.620] [Server thread/INFO] [net.minecraft.server.dedicated.DedicatedServer/]: Loading properties
[30Apr2025 23:14:08.620] [Server thread/INFO] [net.minecraft.server.dedicated.DedicatedServer/]: Default game type: SURVIVAL
[30Apr2025 23:14:08.620] [Server thread/INFO] [net.minecraft.server.MinecraftServer/]: Generating keypair
[30Apr2025 23:14:08.732] [Server thread/INFO] [net.minecraft.server.dedicated.DedicatedServer/]: Starting Minecraft server on *:25565
[30Apr2025 23:14:08.733] [Server thread/DEBUG] [net.minecraftforge.network.DualStackUtils/]: Detected IPv6 address: "0:0:0:0:0:0:0:0"
[30Apr2025 23:14:08.743] [Server thread/DEBUG] [io.netty.util.internal.NativeLibraryLoader/]: -Dio.netty.native.workdir: /tmp (io.netty.tmpdir)
[30Apr2025 23:14:08.743] [Server thread/DEBUG] [io.netty.util.internal.NativeLibraryLoader/]: -Dio.netty.native.deleteLibAfterLoading: true
[30Apr2025 23:14:08.743] [Server thread/DEBUG] [io.netty.util.internal.NativeLibraryLoader/]: -Dio.netty.native.tryPatchShadedId: true
[30Apr2025 23:14:08.743] [Server thread/DEBUG] [io.netty.util.internal.NativeLibraryLoader/]: -Dio.netty.native.detectNativeLibraryDuplicates: true
[30Apr2025 23:14:08.758] [Server thread/DEBUG] [io.netty.util.internal.NativeLibraryLoader/]: Successfully loaded the library /tmp/libnetty_transport_native_epoll_x86_645285841725218368134.so
[30Apr2025 23:14:08.762] [Server thread/DEBUG] [io.netty.util.NetUtil/]: -Djava.net.preferIPv4Stack: false
[30Apr2025 23:14:08.762] [Server thread/DEBUG] [io.netty.util.NetUtil/]: -Djava.net.preferIPv6Addresses: true
[30Apr2025 23:14:08.764] [Server thread/DEBUG] [io.netty.util.NetUtilInitializations/]: Loopback interface: lo (lo, 0:0:0:0:0:0:0:1%lo)
[30Apr2025 23:14:08.766] [Server thread/DEBUG] [io.netty.util.NetUtil/]: /proc/sys/net/core/somaxconn: 4096
[30Apr2025 23:14:08.770] [Server thread/INFO] [net.minecraft.server.network.ServerConnectionListener/]: Using epoll channel type
[30Apr2025 23:14:08.787] [Server thread/DEBUG] [io.netty.channel.MultithreadEventLoopGroup/]: -Dio.netty.eventLoopThreads: 8
[30Apr2025 23:14:08.808] [Server thread/DEBUG] [io.netty.util.internal.PlatformDependent/]: org.jctools-core.MpscChunkedArrayQueue: available
[30Apr2025 23:14:08.825] [Server thread/DEBUG] [io.netty.channel.DefaultChannelId/]: -Dio.netty.processId: 3161 (auto-detected)
[30Apr2025 23:14:08.827] [Server thread/DEBUG] [io.netty.channel.DefaultChannelId/]: -Dio.netty.machineId: 60:45:bd:ff:fe:af:86:92 (auto-detected)
[30Apr2025 23:14:08.841] [Server thread/DEBUG] [io.netty.buffer.PooledByteBufAllocator/]: -Dio.netty.allocator.numHeapArenas: 8
[30Apr2025 23:14:08.841] [Server thread/DEBUG] [io.netty.buffer.PooledByteBufAllocator/]: -Dio.netty.allocator.numDirectArenas: 8
[30Apr2025 23:14:08.841] [Server thread/DEBUG] [io.netty.buffer.PooledByteBufAllocator/]: -Dio.netty.allocator.pageSize: 8192
[30Apr2025 23:14:08.842] [Server thread/DEBUG] [io.netty.buffer.PooledByteBufAllocator/]: -Dio.netty.allocator.maxOrder: 9
[30Apr2025 23:14:08.842] [Server thread/DEBUG] [io.netty.buffer.PooledByteBufAllocator/]: -Dio.netty.allocator.chunkSize: 4194304
[30Apr2025 23:14:08.842] [Server thread/DEBUG] [io.netty.buffer.PooledByteBufAllocator/]: -Dio.netty.allocator.smallCacheSize: 256
[30Apr2025 23:14:08.842] [Server thread/DEBUG] [io.netty.buffer.PooledByteBufAllocator/]: -Dio.netty.allocator.normalCacheSize: 64
[30Apr2025 23:14:08.842] [Server thread/DEBUG] [io.netty.buffer.PooledByteBufAllocator/]: -Dio.netty.allocator.maxCachedBufferCapacity: 32768
[30Apr2025 23:14:08.842] [Server thread/DEBUG] [io.netty.buffer.PooledByteBufAllocator/]: -Dio.netty.allocator.cacheTrimInterval: 8192
[30Apr2025 23:14:08.842] [Server thread/DEBUG] [io.netty.buffer.PooledByteBufAllocator/]: -Dio.netty.allocator.cacheTrimIntervalMillis: 0
[30Apr2025 23:14:08.842] [Server thread/DEBUG] [io.netty.buffer.PooledByteBufAllocator/]: -Dio.netty.allocator.useCacheForAllThreads: false
[30Apr2025 23:14:08.843] [Server thread/DEBUG] [io.netty.buffer.PooledByteBufAllocator/]: -Dio.netty.allocator.maxCachedByteBuffersPerChunk: 1023
[30Apr2025 23:14:08.851] [Server thread/DEBUG] [io.netty.buffer.ByteBufUtil/]: -Dio.netty.allocator.type: pooled
[30Apr2025 23:14:08.852] [Server thread/DEBUG] [io.netty.buffer.ByteBufUtil/]: -Dio.netty.threadLocalDirectBufferSize: 0
[30Apr2025 23:14:08.852] [Server thread/DEBUG] [io.netty.buffer.ByteBufUtil/]: -Dio.netty.maxThreadLocalCharBufferSize: 16384
[30Apr2025 23:14:08.864] [Server thread/WARN] [net.minecraft.server.dedicated.DedicatedServer/]: **** SERVER IS RUNNING IN OFFLINE/INSECURE MODE!
[30Apr2025 23:14:08.865] [Server thread/WARN] [net.minecraft.server.dedicated.DedicatedServer/]: The server will make no attempt to authenticate usernames. Beware.
[30Apr2025 23:14:08.865] [Server thread/WARN] [net.minecraft.server.dedicated.DedicatedServer/]: While this makes the game possible to play without internet access, it also opens up the ability for hackers to connect with any username they choose.
[30Apr2025 23:14:08.865] [Server thread/WARN] [net.minecraft.server.dedicated.DedicatedServer/]: To change this, set "online-mode" to "true" in the server.properties file.
[30Apr2025 23:14:08.879] [Server thread/DEBUG] [net.minecraftforge.fml.config.ConfigTracker/CONFIG]: Loading configs type SERVER
[30Apr2025 23:14:08.879] [Server thread/DEBUG] [net.minecraftforge.fml.config.ConfigFileTypeHandler/CONFIG]: Built TOML config for ./world/serverconfig/forge-server.toml
[30Apr2025 23:14:08.880] [Server thread/DEBUG] [net.minecraftforge.fml.config.ConfigFileTypeHandler/CONFIG]: Loaded TOML config file ./world/serverconfig/forge-server.toml
[30Apr2025 23:14:08.881] [Server thread/DEBUG] [net.minecraftforge.fml.config.ConfigFileTypeHandler/CONFIG]: Watching TOML config file ./world/serverconfig/forge-server.toml for changes
[30Apr2025 23:14:08.882] [Server thread/DEBUG] [net.minecraftforge.common.ForgeConfig/FORGEMOD]: Loaded forge config file forge-server.toml
[30Apr2025 23:14:08.883] [Thread-3/DEBUG] [net.minecraftforge.fml.config.ConfigFileTypeHandler/CONFIG]: Config file forge-server.toml changed, sending notifies
[30Apr2025 23:14:08.883] [Thread-3/DEBUG] [net.minecraftforge.common.ForgeConfig/FORGEMOD]: Forge config just got changed on the file system!
[30Apr2025 23:14:08.883] [Server thread/DEBUG] [net.minecraftforge.fml.config.ConfigFileTypeHandler/CONFIG]: Built TOML config for ./world/serverconfig/alekiships-server.toml
[30Apr2025 23:14:08.883] [Server thread/DEBUG] [net.minecraftforge.fml.config.ConfigFileTypeHandler/CONFIG]: Loaded TOML config file ./world/serverconfig/alekiships-server.toml
[30Apr2025 23:14:08.883] [Thread-3/DEBUG] [net.minecraftforge.fml.config.ConfigFileTypeHandler/CONFIG]: Config file forge-server.toml changed, sending notifies
[30Apr2025 23:14:08.883] [Thread-3/DEBUG] [net.minecraftforge.common.ForgeConfig/FORGEMOD]: Forge config just got changed on the file system!
[30Apr2025 23:14:08.883] [Server thread/DEBUG] [net.minecraftforge.fml.config.ConfigFileTypeHandler/CONFIG]: Watching TOML config file ./world/serverconfig/alekiships-server.toml for changes
[30Apr2025 23:14:08.884] [Server thread/DEBUG] [net.minecraftforge.fml.config.ConfigFileTypeHandler/CONFIG]: Built TOML config for ./world/serverconfig/curios-server.toml
[30Apr2025 23:14:08.884] [Thread-3/DEBUG] [net.minecraftforge.fml.config.ConfigFileTypeHandler/CONFIG]: Config file alekiships-server.toml changed, sending notifies
[30Apr2025 23:14:08.885] [Server thread/DEBUG] [net.minecraftforge.fml.config.ConfigFileTypeHandler/CONFIG]: Loaded TOML config file ./world/serverconfig/curios-server.toml
[30Apr2025 23:14:08.885] [Server thread/DEBUG] [net.minecraftforge.fml.config.ConfigFileTypeHandler/CONFIG]: Watching TOML config file ./world/serverconfig/curios-server.toml for changes
[30Apr2025 23:14:08.886] [Server thread/DEBUG] [net.minecraftforge.fml.config.ConfigFileTypeHandler/CONFIG]: Built TOML config for ./world/serverconfig/advancednetherite-server.toml
[30Apr2025 23:14:08.886] [Thread-3/DEBUG] [net.minecraftforge.fml.config.ConfigFileTypeHandler/CONFIG]: Config file curios-server.toml changed, sending notifies
[30Apr2025 23:14:08.886] [Server thread/DEBUG] [net.minecraftforge.fml.config.ConfigFileTypeHandler/CONFIG]: Loaded TOML config file ./world/serverconfig/advancednetherite-server.toml
[30Apr2025 23:14:08.886] [Server thread/DEBUG] [net.minecraftforge.fml.config.ConfigFileTypeHandler/CONFIG]: Watching TOML config file ./world/serverconfig/advancednetherite-server.toml for changes
[30Apr2025 23:14:08.887] [Thread-3/DEBUG] [net.minecraftforge.fml.config.ConfigFileTypeHandler/CONFIG]: Config file curios-server.toml changed, sending notifies
[30Apr2025 23:14:08.887] [Server thread/DEBUG] [net.minecraftforge.fml.config.ConfigFileTypeHandler/CONFIG]: Built TOML config for ./world/serverconfig/irons_spellbooks-server.toml
[30Apr2025 23:14:08.892] [Server thread/DEBUG] [net.minecraftforge.fml.config.ConfigFileTypeHandler/CONFIG]: Loaded TOML config file ./world/serverconfig/irons_spellbooks-server.toml
[30Apr2025 23:14:08.892] [Server thread/DEBUG] [net.minecraftforge.fml.config.ConfigFileTypeHandler/CONFIG]: Watching TOML config file ./world/serverconfig/irons_spellbooks-server.toml for changes
[30Apr2025 23:14:08.895] [Server thread/DEBUG] [io.redspace.ironsspellbooks.IronsSpellbooks/]: ServerConfigs load item blacklists:
[30Apr2025 23:14:08.897] [Thread-3/DEBUG] [net.minecraftforge.fml.config.ConfigFileTypeHandler/CONFIG]: Config file irons_spellbooks-server.toml changed, sending notifies
[30Apr2025 23:14:08.897] [Thread-3/DEBUG] [io.redspace.ironsspellbooks.IronsSpellbooks/]: ServerConfigs load item blacklists:
[30Apr2025 23:14:08.899] [Server thread/DEBUG] [net.minecraftforge.fml.config.ConfigFileTypeHandler/CONFIG]: Built TOML config for ./world/serverconfig/vampirism-server.toml
[30Apr2025 23:14:08.899] [Server thread/DEBUG] [net.minecraftforge.fml.config.ConfigFileTypeHandler/CONFIG]: Loaded TOML config file ./world/serverconfig/vampirism-server.toml
[30Apr2025 23:14:08.899] [Server thread/DEBUG] [net.minecraftforge.fml.config.ConfigFileTypeHandler/CONFIG]: Watching TOML config file ./world/serverconfig/vampirism-server.toml for changes
[30Apr2025 23:14:08.899] [Thread-3/DEBUG] [net.minecraftforge.fml.config.ConfigFileTypeHandler/CONFIG]: Config file irons_spellbooks-server.toml changed, sending notifies
[30Apr2025 23:14:08.899] [Thread-3/DEBUG] [io.redspace.ironsspellbooks.IronsSpellbooks/]: ServerConfigs load item blacklists:
[30Apr2025 23:14:08.900] [Thread-3/DEBUG] [net.minecraftforge.fml.config.ConfigFileTypeHandler/CONFIG]: Config file vampirism-server.toml changed, sending notifies
[30Apr2025 23:14:08.901] [Server thread/DEBUG] [net.minecraftforge.fml.config.ConfigFileTypeHandler/CONFIG]: Built TOML config for ./world/serverconfig/vampirism-balance.toml
[30Apr2025 23:14:08.902] [Thread-3/DEBUG] [net.minecraftforge.fml.config.ConfigFileTypeHandler/CONFIG]: Config file vampirism-server.toml changed, sending notifies
[30Apr2025 23:14:08.902] [Server thread/DEBUG] [net.minecraftforge.fml.config.ConfigFileTypeHandler/CONFIG]: Loaded TOML config file ./world/serverconfig/vampirism-balance.toml
[30Apr2025 23:14:08.902] [Server thread/DEBUG] [net.minecraftforge.fml.config.ConfigFileTypeHandler/CONFIG]: Watching TOML config file ./world/serverconfig/vampirism-balance.toml for changes
[30Apr2025 23:14:08.905] [Thread-3/DEBUG] [net.minecraftforge.fml.config.ConfigFileTypeHandler/CONFIG]: Config file vampirism-balance.toml changed, sending notifies
[30Apr2025 23:14:09.143] [Server thread/DEBUG] [mixin/]: Mixing ProcessorListsAccessor from vampirism.mixins.json into net.minecraft.data.worldgen.ProcessorLists
[30Apr2025 23:14:09.168] [Server thread/INFO] [net.jadenxgamer.elysium_api.Elysium/]: ElysiumBiomeSource successfully initialized for minecraft:overworld
[30Apr2025 23:14:09.169] [Server thread/INFO] [net.jadenxgamer.elysium_api.Elysium/]: ElysiumBiomeSource successfully initialized for minecraft:the_nether
[30Apr2025 23:14:09.177] [Server thread/INFO] [net.minecraft.server.dedicated.DedicatedServer/]: Preparing level "world"
[30Apr2025 23:14:09.196] [Server thread/DEBUG] [net.minecraftforge.coremod.transformer.CoreModBaseTransformer/COREMOD]: Transforming net/minecraft/world/level/levelgen/PhantomSpawner
[30Apr2025 23:14:09.206] [Server thread/DEBUG] [net.minecraftforge.coremod.transformer.CoreModBaseTransformer/COREMOD]: Transforming net/minecraft/world/level/levelgen/PatrolSpawner
[30Apr2025 23:14:09.212] [Server thread/DEBUG] [net.minecraftforge.coremod.transformer.CoreModBaseTransformer/COREMOD]: Transforming net/minecraft/world/entity/npc/CatSpawner
[30Apr2025 23:14:09.217] [Server thread/DEBUG] [net.minecraftforge.coremod.transformer.CoreModBaseTransformer/COREMOD]: Transforming net/minecraft/world/entity/ai/village/VillageSiege
[30Apr2025 23:14:09.223] [Server thread/DEBUG] [mixin/]: Mixing WanderingTraderManagerMixin from vinery-common.mixins.json into net.minecraft.world.entity.npc.WanderingTraderSpawner
[30Apr2025 23:14:09.223] [Server thread/DEBUG] [mixin/]: Renaming synthetic method lambda$trySpawn$1(Lnet/minecraft/core/BlockPos;)Z to mda53580$lambda$trySpawn$1$0 in vinery-common.mixins.json:WanderingTraderManagerMixin
[30Apr2025 23:14:09.223] [Server thread/DEBUG] [mixin/]: Renaming synthetic method lambda$trySpawn$0(Lnet/minecraft/core/Holder;)Z to mda53580$lambda$trySpawn$0$1 in vinery-common.mixins.json:WanderingTraderManagerMixin
[30Apr2025 23:14:09.276] [Server thread/DEBUG] [mixin/]: Mixing common.multipart.ServerLevelEntityCallbacksMixin from adastra-common.mixins.json into net.minecraft.server.level.ServerLevel$EntityCallbacks
[30Apr2025 23:14:09.295] [Server thread/DEBUG] [mixin/]: Mixing common.multipart.ChunkMapMixin from adastra-common.mixins.json into net.minecraft.server.level.ChunkMap
[30Apr2025 23:14:09.307] [Server thread/DEBUG] [mixin/]: Mixing MixinProtoChunk from forge-mca.mixin.json into net.minecraft.world.level.chunk.ProtoChunk
[30Apr2025 23:14:09.657] [Server thread/DEBUG] [mixin/]: Mixing StructureManagerAccessor from cataclysm.mixins.json into net.minecraft.world.level.StructureManager
[30Apr2025 23:14:09.758] [Server thread/INFO] [de.teamlapen.vampirism.GeneralEventHandler/]: Replacing DistanceManager.chunksToUpdateFutures for level ResourceKey[minecraft:dimension / minecraft:overworld] with concurrent set.
[30Apr2025 23:14:26.762] [Server thread/INFO] [de.teamlapen.vampirism.GeneralEventHandler/]: Replacing DistanceManager.chunksToUpdateFutures for level ResourceKey[minecraft:dimension / ad_astra:mercury_orbit] with concurrent set.
[30Apr2025 23:14:26.785] [Server thread/INFO] [de.teamlapen.vampirism.GeneralEventHandler/]: Replacing DistanceManager.chunksToUpdateFutures for level ResourceKey[minecraft:dimension / ad_astra:mars] with concurrent set.
[30Apr2025 23:14:26.801] [Server thread/INFO] [de.teamlapen.vampirism.GeneralEventHandler/]: Replacing DistanceManager.chunksToUpdateFutures for level ResourceKey[minecraft:dimension / ad_astra:moon] with concurrent set.
[30Apr2025 23:14:26.810] [Server thread/INFO] [de.teamlapen.vampirism.GeneralEventHandler/]: Replacing DistanceManager.chunksToUpdateFutures for level ResourceKey[minecraft:dimension / ad_astra:earth_orbit] with concurrent set.
[30Apr2025 23:14:26.830] [Server thread/INFO] [de.teamlapen.vampirism.GeneralEventHandler/]: Replacing DistanceManager.chunksToUpdateFutures for level ResourceKey[minecraft:dimension / ad_astra:glacio_orbit] with concurrent set.
[30Apr2025 23:14:27.127] [Server thread/INFO] [de.teamlapen.vampirism.GeneralEventHandler/]: Replacing DistanceManager.chunksToUpdateFutures for level ResourceKey[minecraft:dimension / unearthed_journey:neogene] with concurrent set.
[30Apr2025 23:14:27.132] [Server thread/INFO] [de.teamlapen.vampirism.GeneralEventHandler/]: Replacing DistanceManager.chunksToUpdateFutures for level ResourceKey[minecraft:dimension / ad_astra:mars_orbit] with concurrent set.
[30Apr2025 23:14:27.165] [Server thread/INFO] [de.teamlapen.vampirism.GeneralEventHandler/]: Replacing DistanceManager.chunksToUpdateFutures for level ResourceKey[minecraft:dimension / unearthed_journey:paleogene] with concurrent set.
[30Apr2025 23:14:27.178] [Server thread/INFO] [de.teamlapen.vampirism.GeneralEventHandler/]: Replacing DistanceManager.chunksToUpdateFutures for level ResourceKey[minecraft:dimension / ad_astra:mercury] with concurrent set.
[30Apr2025 23:14:27.184] [Server thread/INFO] [de.teamlapen.vampirism.GeneralEventHandler/]: Replacing DistanceManager.chunksToUpdateFutures for level ResourceKey[minecraft:dimension / ad_astra:glacio] with concurrent set.
[30Apr2025 23:14:27.191] [Server thread/INFO] [de.teamlapen.vampirism.GeneralEventHandler/]: Replacing DistanceManager.chunksToUpdateFutures for level ResourceKey[minecraft:dimension / ad_astra:moon_orbit] with concurrent set.
[30Apr2025 23:14:27.197] [Server thread/INFO] [de.teamlapen.vampirism.GeneralEventHandler/]: Replacing DistanceManager.chunksToUpdateFutures for level ResourceKey[minecraft:dimension / ad_astra:venus_orbit] with concurrent set.
[30Apr2025 23:14:27.213] [Server thread/INFO] [de.teamlapen.vampirism.GeneralEventHandler/]: Replacing DistanceManager.chunksToUpdateFutures for level ResourceKey[minecraft:dimension / minecraft:the_end] with concurrent set.
[30Apr2025 23:14:27.254] [Server thread/INFO] [de.teamlapen.vampirism.GeneralEventHandler/]: Replacing DistanceManager.chunksToUpdateFutures for level ResourceKey[minecraft:dimension / unearthed_journey:pleistocene] with concurrent set.
[30Apr2025 23:14:27.264] [Server thread/INFO] [de.teamlapen.vampirism.GeneralEventHandler/]: Replacing DistanceManager.chunksToUpdateFutures for level ResourceKey[minecraft:dimension / twilightforest:twilight_forest] with concurrent set.
[30Apr2025 23:14:27.271] [Server thread/INFO] [de.teamlapen.vampirism.GeneralEventHandler/]: Replacing DistanceManager.chunksToUpdateFutures for level ResourceKey[minecraft:dimension / ad_astra:venus] with concurrent set.
[30Apr2025 23:14:27.278] [Server thread/INFO] [de.teamlapen.vampirism.GeneralEventHandler/]: Replacing DistanceManager.chunksToUpdateFutures for level ResourceKey[minecraft:dimension / minecraft:the_nether] with concurrent set.
[30Apr2025 23:14:27.286] [Server thread/INFO] [net.minecraft.server.MinecraftServer/]: Preparing start region for dimension minecraft:overworld
[30Apr2025 23:14:29.647] [Server thread/DEBUG] [mixin/]: Mixing MixinChunkSerializer from architectury.mixins.json into net.minecraft.world.level.chunk.storage.ChunkSerializer
[30Apr2025 23:14:31.182] [Server thread/DEBUG] [mixin/]: Mixing accessor.BoundingBoxAccessor from cataclysm.mixins.json into net.minecraft.world.level.levelgen.structure.BoundingBox
[30Apr2025 23:14:31.188] [Server thread/DEBUG] [net.minecraftforge.coremod.transformer.CoreModBaseTransformer/COREMOD]: Transforming net/minecraft/world/level/levelgen/structure/templatesystem/StructureTemplate
[30Apr2025 23:14:31.225] [Server thread/DEBUG] [mixin/]: Mixing StructureTemplateMixin from blueprint.mixins.json into net.minecraft.world.level.levelgen.structure.templatesystem.StructureTemplate
[30Apr2025 23:14:31.226] [Server thread/DEBUG] [mixin/]: Mixing StructureTemplateMixin from cataclysm.mixins.json into net.minecraft.world.level.levelgen.structure.templatesystem.StructureTemplate
[30Apr2025 23:14:31.226] [Server thread/DEBUG] [mixin/]: Renaming synthetic method lambda$repurposedstructures_preventAutoWaterlogging$0(Lnet/minecraft/world/level/levelgen/structure/templatesystem/StructureProcessor;)Z to mda53580$lambda$repurposedstructures_preventAutoWaterlogging$0$0 in cataclysm.mixins.json:StructureTemplateMixin
[30Apr2025 23:14:32.249] [Worker-Main-4/INFO] [net.minecraft.server.level.progress.LoggerChunkProgressListener/]: Preparing spawn area: 0%
[30Apr2025 23:14:32.271] [Worker-Main-5/INFO] [net.minecraft.server.level.progress.LoggerChunkProgressListener/]: Preparing spawn area: 0%
[30Apr2025 23:14:32.299] [Worker-Main-3/INFO] [net.minecraft.server.level.progress.LoggerChunkProgressListener/]: Preparing spawn area: 0%
[30Apr2025 23:14:32.322] [Worker-Main-4/INFO] [net.minecraft.server.level.progress.LoggerChunkProgressListener/]: Preparing spawn area: 0%
[30Apr2025 23:14:32.335] [Worker-Main-3/INFO] [net.minecraft.server.level.progress.LoggerChunkProgressListener/]: Preparing spawn area: 0%
[30Apr2025 23:14:32.342] [Worker-Main-5/INFO] [net.minecraft.server.level.progress.LoggerChunkProgressListener/]: Preparing spawn area: 0%
[30Apr2025 23:14:32.343] [Worker-Main-4/INFO] [net.minecraft.server.level.progress.LoggerChunkProgressListener/]: Preparing spawn area: 0%
[30Apr2025 23:14:32.349] [Worker-Main-5/INFO] [net.minecraft.server.level.progress.LoggerChunkProgressListener/]: Preparing spawn area: 0%
[30Apr2025 23:14:32.350] [Worker-Main-3/INFO] [net.minecraft.server.level.progress.LoggerChunkProgressListener/]: Preparing spawn area: 0%
[30Apr2025 23:14:32.351] [Worker-Main-5/INFO] [net.minecraft.server.level.progress.LoggerChunkProgressListener/]: Preparing spawn area: 0%
[30Apr2025 23:14:32.353] [Worker-Main-5/INFO] [net.minecraft.server.level.progress.LoggerChunkProgressListener/]: Preparing spawn area: 0%
[30Apr2025 23:14:33.414] [Worker-Main-4/INFO] [net.minecraft.server.level.progress.LoggerChunkProgressListener/]: Preparing spawn area: 0%
[30Apr2025 23:14:33.423] [Worker-Main-5/INFO] [net.minecraft.server.level.progress.LoggerChunkProgressListener/]: Preparing spawn area: 0%
[30Apr2025 23:14:33.806] [Worker-Main-3/INFO] [net.minecraft.server.level.progress.LoggerChunkProgressListener/]: Preparing spawn area: 0%
[30Apr2025 23:14:34.298] [Worker-Main-4/INFO] [net.minecraft.server.level.progress.LoggerChunkProgressListener/]: Preparing spawn area: 0%
[30Apr2025 23:14:34.788] [Worker-Main-4/INFO] [net.minecraft.server.level.progress.LoggerChunkProgressListener/]: Preparing spawn area: 0%
[30Apr2025 23:14:35.290] [Worker-Main-4/INFO] [net.minecraft.server.level.progress.LoggerChunkProgressListener/]: Preparing spawn area: 0%
[30Apr2025 23:14:37.521] [Worker-Main-4/INFO] [net.minecraft.server.level.progress.LoggerChunkProgressListener/]: Preparing spawn area: 0%
[30Apr2025 23:14:37.527] [Worker-Main-3/INFO] [net.minecraft.server.level.progress.LoggerChunkProgressListener/]: Preparing spawn area: 0%
[30Apr2025 23:14:37.529] [Worker-Main-3/INFO] [net.minecraft.server.level.progress.LoggerChunkProgressListener/]: Preparing spawn area: 0%
[30Apr2025 23:14:37.535] [Worker-Main-4/INFO] [net.minecraft.server.level.progress.LoggerChunkProgressListener/]: Preparing spawn area: 0%
[30Apr2025 23:14:37.788] [Worker-Main-5/INFO] [net.minecraft.server.level.progress.LoggerChunkProgressListener/]: Preparing spawn area: 0%
[30Apr2025 23:14:38.287] [Worker-Main-3/INFO] [net.minecraft.server.level.progress.LoggerChunkProgressListener/]: Preparing spawn area: 13%
[30Apr2025 23:14:38.364] [Server thread/DEBUG] [mixin/]: Mixing WalkAnimationStateAccessor from vampirism.mixins.json into net.minecraft.world.entity.WalkAnimationState
[30Apr2025 23:14:38.410] [Server thread/DEBUG] [mixin/]: Mixing GoalSelectorMixin from vampirism.mixins.json into net.minecraft.world.entity.ai.goal.GoalSelector
[30Apr2025 23:14:38.787] [Worker-Main-5/INFO] [net.minecraft.server.level.progress.LoggerChunkProgressListener/]: Preparing spawn area: 63%
[30Apr2025 23:14:39.413] [Server thread/INFO] [net.minecraft.server.level.progress.LoggerChunkProgressListener/]: Time elapsed: 12126 ms
[30Apr2025 23:14:39.414] [Server thread/INFO] [net.minecraft.server.dedicated.DedicatedServer/]: Done (30.535s)! For help, type "help"
[30Apr2025 23:14:39.426] [Server thread/DEBUG] [net.minecraftforge.network.DualStackUtils/]: Detected IPv6 address: "0:0:0:0:0:0:0:0"
[30Apr2025 23:14:39.501] [Server thread/DEBUG] [net.minecraftforge.common.ForgeI18n/CORE]: Loading I18N data entries: 15610
[30Apr2025 23:14:39.506] [Server thread/INFO] [net.minecraftforge.server.permission.PermissionAPI/]: Successfully initialized permission handler forge:default_handler
[30Apr2025 23:14:39.632] [Server thread/INFO] [net.bettercombat.logic.WeaponRegistry/]: Encoded Weapon Attribute registry size (with package overhead): 73136 bytes (in 8 string chunks with the size of 10000)
[30Apr2025 23:14:39.634] [Server thread/WARN] [voicechat/]: [voicechat] Running in offline mode - Voice chat encryption is not secure!
[30Apr2025 23:14:39.647] [Server thread/DEBUG] [voicechat/]: [voicechat] Using default voicechat socket implementation
[30Apr2025 23:14:39.653] [VoiceChatServerThread/INFO] [voicechat/]: [voicechat] Voice chat server started at port 24454
[30Apr2025 23:14:39.710] [Server thread/DEBUG] [net.minecraftforge.coremod.transformer.CoreModBaseTransformer/COREMOD]: Transforming net/minecraft/world/level/NaturalSpawner
[30Apr2025 23:14:39.730] [Server thread/DEBUG] [mixin/]: Mixing NaturalSpawnerMixin from alexscaves.mixins.json into net.minecraft.world.level.NaturalSpawner
[30Apr2025 23:14:39.787] [Server thread/DEBUG] [net.minecraftforge.coremod.transformer.CoreModBaseTransformer/COREMOD]: Transforming m_8543_ with desc ()V
[30Apr2025 23:14:39.787] [Server thread/DEBUG] [mixin/]: Mixing ServerEntityMixin from blueprint.mixins.json into net.minecraft.server.level.ServerEntity
[30Apr2025 23:14:39.788] [Server thread/DEBUG] [mixin/]: Mixing minecraft.ServerEntityMixin from alekiships.mixins.json into net.minecraft.server.level.ServerEntity
[30Apr2025 23:14:39.789] [Server thread/DEBUG] [mixin/]: Renaming synthetic method lambda$removedPassengers$1(Ljava/util/List;Lnet/minecraft/world/entity/Entity;)Z to mda53580$lambda$removedPassengers$1$0 in alekiships.mixins.json:minecraft.ServerEntityMixin
[30Apr2025 23:14:39.789] [Server thread/DEBUG] [mixin/]: Renaming synthetic method lambda$injectUpdatePassengersForFlaggedVehicles$0(Lnet/minecraft/world/entity/Entity;)V to mda53580$lambda$injectUpdatePassengersForFlaggedVehicles$0$1 in alekiships.mixins.json:minecraft.ServerEntityMixin
[30Apr2025 23:14:39.794] [Server thread/DEBUG] [mixin/]: Mixing rope.ServerEntityMixin from brewery-common.mixins.json into net.minecraft.server.level.ServerEntity
[30Apr2025 23:14:39.937] [Server thread/DEBUG] [de.teamlapen.vampirism.entity.converted.BiteableEntryManager/]: Calculated size 0.09 and blood value 0 for entity alexsmobs:hummingbird
[30Apr2025 23:14:40.012] [Server thread/DEBUG] [de.teamlapen.vampirism.entity.converted.BiteableEntryManager/]: Calculated size 0.04 and blood value 0 for entity alexsmobs:fly
[30Apr2025 23:14:40.059] [Server thread/DEBUG] [de.teamlapen.vampirism.entity.converted.BiteableEntryManager/]: Calculated size 0.47 and blood value 3 for entity alexsmobs:skunk
[30Apr2025 23:14:40.060] [Server thread/DEBUG] [de.teamlapen.vampirism.entity.converted.BiteableEntryManager/]: Calculated size 0.47 and blood value 3 for entity alexsmobs:skunk
[30Apr2025 23:14:40.111] [Server thread/DEBUG] [de.teamlapen.vampirism.entity.converted.BiteableEntryManager/]: Calculated size 12.1 and blood value 15 for entity alexsmobs:bison
[30Apr2025 23:14:40.114] [Server thread/DEBUG] [de.teamlapen.vampirism.entity.converted.BiteableEntryManager/]: Calculated size 12.1 and blood value 15 for entity alexsmobs:bison
[30Apr2025 23:14:40.115] [Server thread/DEBUG] [de.teamlapen.vampirism.entity.converted.BiteableEntryManager/]: Calculated size 12.1 and blood value 15 for entity alexsmobs:bison
[30Apr2025 23:14:40.116] [Server thread/DEBUG] [de.teamlapen.vampirism.entity.converted.BiteableEntryManager/]: Calculated size 12.1 and blood value 15 for entity alexsmobs:bison
[30Apr2025 23:14:40.179] [Server thread/DEBUG] [de.teamlapen.vampirism.entity.converted.BiteableEntryManager/]: Calculated size 12.1 and blood value 15 for entity alexsmobs:bison
[30Apr2025 23:14:40.180] [Server thread/DEBUG] [de.teamlapen.vampirism.entity.converted.BiteableEntryManager/]: Calculated size 0.09 and blood value 0 for entity alexsmobs:crow
[30Apr2025 23:14:40.193] [Server thread/DEBUG] [de.teamlapen.vampirism.entity.converted.BiteableEntryManager/]: Calculated size 12.1 and blood value 15 for entity alexsmobs:bison
[30Apr2025 23:14:40.205] [Server thread/DEBUG] [de.teamlapen.vampirism.entity.converted.BiteableEntryManager/]: Calculated size 12.1 and blood value 15 for entity alexsmobs:bison
[30Apr2025 23:14:40.278] [Server thread/DEBUG] [de.teamlapen.vampirism.entity.converted.BiteableEntryManager/]: Calculated size 0.15 and blood value 0 for entity alexsmobs:cockroach
[30Apr2025 23:14:40.304] [Server thread/DEBUG] [de.teamlapen.vampirism.entity.converted.BiteableEntryManager/]: Calculated size 12.1 and blood value 15 for entity alexsmobs:bison
[30Apr2025 23:14:40.315] [Server thread/DEBUG] [de.teamlapen.vampirism.entity.converted.BiteableEntryManager/]: Calculated size 4.61 and blood value 0 for entity alexsmobs:grizzly_bear
[30Apr2025 23:14:40.341] [Server thread/DEBUG] [de.teamlapen.vampirism.entity.converted.BiteableEntryManager/]: Calculated size 0.58 and blood value 4 for entity alexsmobs:raccoon
[30Apr2025 23:14:40.344] [Server thread/DEBUG] [de.teamlapen.vampirism.entity.converted.BiteableEntryManager/]: Calculated size 0.58 and blood value 4 for entity alexsmobs:raccoon
[30Apr2025 23:14:40.349] [Server thread/DEBUG] [de.teamlapen.vampirism.entity.converted.BiteableEntryManager/]: Calculated size 2.52 and blood value 15 for entity alexsmobs:tiger
[30Apr2025 23:14:40.373] [Server thread/DEBUG] [de.teamlapen.vampirism.entity.converted.BiteableEntryManager/]: Calculated size 0.58 and blood value 4 for entity alexsmobs:raccoon
[30Apr2025 23:14:40.429] [Server thread/DEBUG] [de.teamlapen.vampirism.entity.converted.BiteableEntryManager/]: Calculated size 2.52 and blood value 15 for entity alexsmobs:tiger
[30Apr2025 23:14:40.430] [Server thread/DEBUG] [de.teamlapen.vampirism.entity.converted.BiteableEntryManager/]: Calculated size 0.58 and blood value 4 for entity alexsmobs:raccoon
[30Apr2025 23:14:40.432] [Server thread/DEBUG] [de.teamlapen.vampirism.entity.converted.BiteableEntryManager/]: Calculated size 0.58 and blood value 4 for entity alexsmobs:raccoon
[30Apr2025 23:14:40.433] [Server thread/DEBUG] [de.teamlapen.vampirism.entity.converted.BiteableEntryManager/]: Calculated size 0.58 and blood value 4 for entity alexsmobs:raccoon
[30Apr2025 23:14:40.463] [Server thread/DEBUG] [de.teamlapen.vampirism.entity.converted.BiteableEntryManager/]: Calculated size 0.58 and blood value 4 for entity alexsmobs:raccoon
[30Apr2025 23:14:40.470] [Server thread/DEBUG] [de.teamlapen.vampirism.entity.converted.BiteableEntryManager/]: Calculated size 0.58 and blood value 4 for entity alexsmobs:raccoon
[30Apr2025 23:14:40.472] [Server thread/DEBUG] [de.teamlapen.vampirism.entity.converted.BiteableEntryManager/]: Calculated size 0.58 and blood value 4 for entity alexsmobs:raccoon
[30Apr2025 23:14:40.514] [Server thread/DEBUG] [de.teamlapen.vampirism.entity.converted.BiteableEntryManager/]: Calculated size 0.58 and blood value 4 for entity alexsmobs:raccoon
[30Apr2025 23:14:40.517] [Server thread/DEBUG] [de.teamlapen.vampirism.entity.converted.BiteableEntryManager/]: Calculated size 0.58 and blood value 4 for entity alexsmobs:raccoon
[30Apr2025 23:14:40.520] [Server thread/DEBUG] [de.teamlapen.vampirism.entity.converted.BiteableEntryManager/]: Calculated size 0.15 and blood value 0 for entity alexsmobs:blue_jay
[30Apr2025 23:14:40.550] [Server thread/DEBUG] [de.teamlapen.vampirism.entity.converted.BiteableEntryManager/]: Calculated size 0.58 and blood value 4 for entity alexsmobs:raccoon
[30Apr2025 23:14:40.584] [Server thread/DEBUG] [de.teamlapen.vampirism.entity.converted.BiteableEntryManager/]: Calculated size 2.52 and blood value 15 for entity alexsmobs:tiger
[30Apr2025 23:14:40.585] [Server thread/DEBUG] [de.teamlapen.vampirism.entity.converted.BiteableEntryManager/]: Calculated size 12.1 and blood value 15 for entity alexsmobs:bison
[30Apr2025 23:14:40.586] [Server thread/DEBUG] [de.teamlapen.vampirism.entity.converted.BiteableEntryManager/]: Calculated size 0.47 and blood value 3 for entity alexsmobs:skunk
[30Apr2025 23:14:40.587] [Server thread/DEBUG] [de.teamlapen.vampirism.entity.converted.BiteableEntryManager/]: Calculated size 0.58 and blood value 4 for entity alexsmobs:raccoon
[30Apr2025 23:15:13.066] [Netty Epoll Server IO #1/DEBUG] [io.netty.util.Recycler/]: -Dio.netty.recycler.maxCapacityPerThread: 4096
[30Apr2025 23:15:13.066] [Netty Epoll Server IO #1/DEBUG] [io.netty.util.Recycler/]: -Dio.netty.recycler.ratio: 8
[30Apr2025 23:15:13.067] [Netty Epoll Server IO #1/DEBUG] [io.netty.util.Recycler/]: -Dio.netty.recycler.chunkSize: 32
[30Apr2025 23:15:13.067] [Netty Epoll Server IO #1/DEBUG] [io.netty.util.Recycler/]: -Dio.netty.recycler.blocking: false
[30Apr2025 23:15:16.131] [Netty Epoll Server IO #2/DEBUG] [net.minecraftforge.network.HandshakeHandler/FMLHANDSHAKE]: Starting new modded impl connection. Found 45 messages to dispatch.
[30Apr2025 23:15:16.154] [Server thread/DEBUG] [net.minecraftforge.network.HandshakeHandler/FMLHANDSHAKE]: Sending ticking packet info 'net.minecraftforge.network.HandshakeMessages$S2CModData' to 'fml:handshake' sequence 0
[30Apr2025 23:15:16.204] [Server thread/DEBUG] [net.minecraftforge.network.HandshakeHandler/FMLHANDSHAKE]: Sending ticking packet info 'net.minecraftforge.network.HandshakeMessages$S2CModList' to 'fml:handshake' sequence 1
[30Apr2025 23:15:16.253] [Server thread/DEBUG] [net.minecraftforge.network.HandshakeHandler/FMLHANDSHAKE]: Sending ticking packet info 'Registry minecraft:command_argument_type' to 'fml:handshake' sequence 2
[30Apr2025 23:15:16.304] [Server thread/DEBUG] [net.minecraftforge.network.HandshakeHandler/FMLHANDSHAKE]: Sending ticking packet info 'Registry irons_spellbooks:schools' to 'fml:handshake' sequence 3
[30Apr2025 23:15:16.354] [Server thread/DEBUG] [net.minecraftforge.network.HandshakeHandler/FMLHANDSHAKE]: Sending ticking packet info 'Registry minecraft:villager_profession' to 'fml:handshake' sequence 4
[30Apr2025 23:15:16.403] [Server thread/DEBUG] [net.minecraftforge.network.HandshakeHandler/FMLHANDSHAKE]: Sending ticking packet info 'Registry minecraft:item' to 'fml:handshake' sequence 5
[30Apr2025 23:15:16.463] [Server thread/INFO] [net.minecraft.server.network.ServerLoginPacketListenerImpl/]: com.mojang.authlib.GameProfile@558913ab[id=<null>,name=nicocos123,properties={},legacy=false] (/127.60.207.120:39665) lost connection: Disconnected
[30Apr2025 23:17:48.132] [Netty Epoll Server IO #4/DEBUG] [net.minecraftforge.network.HandshakeHandler/FMLHANDSHAKE]: Starting new modded impl connection. Found 45 messages to dispatch.
[30Apr2025 23:17:48.153] [Server thread/DEBUG] [net.minecraftforge.network.HandshakeHandler/FMLHANDSHAKE]: Sending ticking packet info 'net.minecraftforge.network.HandshakeMessages$S2CModData' to 'fml:handshake' sequence 0
[30Apr2025 23:17:48.203] [Server thread/DEBUG] [net.minecraftforge.network.HandshakeHandler/FMLHANDSHAKE]: Sending ticking packet info 'net.minecraftforge.network.HandshakeMessages$S2CModList' to 'fml:handshake' sequence 1
[30Apr2025 23:17:48.253] [Server thread/DEBUG] [net.minecraftforge.network.HandshakeHandler/FMLHANDSHAKE]: Sending ticking packet info 'Registry minecraft:command_argument_type' to 'fml:handshake' sequence 2
[30Apr2025 23:17:48.303] [Server thread/DEBUG] [net.minecraftforge.network.HandshakeHandler/FMLHANDSHAKE]: Sending ticking packet info 'Registry irons_spellbooks:schools' to 'fml:handshake' sequence 3
[30Apr2025 23:17:48.353] [Server thread/DEBUG] [net.minecraftforge.network.HandshakeHandler/FMLHANDSHAKE]: Sending ticking packet info 'Registry minecraft:villager_profession' to 'fml:handshake' sequence 4
[30Apr2025 23:17:48.393] [Netty Epoll Server IO #4/DEBUG] [net.minecraftforge.network.LoginWrapper/FMLHANDSHAKE]: Recieved login wrapper packet event for channel fml:handshake with index 1
[30Apr2025 23:17:48.396] [Netty Epoll Server IO #4/DEBUG] [net.minecraftforge.network.HandshakeHandler/FMLHANDSHAKE]: Received client indexed reply 1 of type net.minecraftforge.network.HandshakeMessages$C2SModListReply
[30Apr2025 23:17:48.396] [Netty Epoll Server IO #4/DEBUG] [net.minecraftforge.network.HandshakeHandler/FMLHANDSHAKE]: Received client connection with modlist [saturn, betterdungeons, mowziesmobs, alshanex_familiars, sodiumextras, netherexp, geckolib, playeranimator, elysium_api, botarium, betteroceanmonuments, caelus, modernfix, jei, citadel, alexsmobs, yungsapi, mixinextras, starlight, terralith, blueprint, sodiumoptionsapi, cloth_config, forge, twilightforest, embeddium, rubidium, minecraft, distanthorizons, smoothchunk, farmersdelight, alexscaves, voicechat, fabric_api_base, bettercombat, jade, alekiships, another_furniture, culllessleaves, unusualend, resourcefulconfig, born_in_chaos_v1, lionfishapi, betterfpsdist, cataclysm, curios, oculus, advancednetherite, irons_spellbooks, entityculling, unearthed_journey, noisium, offlineskins, betterstrongholds, sherdsapi, resourcefullib, immediatelyfast, architectury, mca, octolib, doapi, terraform, vinery, brewery, alexsdelight, vampirism, teamlapenlib, ferritecore, aiimprovements, cupboard, goblins_tyranny, wan_ancient_beasts, ad_astra]
[30Apr2025 23:17:48.397] [Netty Epoll Server IO #4/DEBUG] [net.minecraftforge.network.NetworkRegistry/NETREGISTRY]: Channel 'teamlapenlib:main' : Version test of '1' from client : ACCEPTED
[30Apr2025 23:17:48.397] [Netty Epoll Server IO #4/DEBUG] [net.minecraftforge.network.NetworkRegistry/NETREGISTRY]: Channel 'alexscaves:main_channel' : Version test of '1' from client : ACCEPTED
[30Apr2025 23:17:48.397] [Netty Epoll Server IO #4/DEBUG] [net.minecraftforge.network.NetworkRegistry/NETREGISTRY]: Channel 'architectury:network' : Version test of '1' from client : ACCEPTED
[30Apr2025 23:17:48.397] [Netty Epoll Server IO #4/DEBUG] [net.minecraftforge.network.NetworkRegistry/NETREGISTRY]: Channel 'voicechat:secret' : Version test of 'ALLOWVANILLA 💓💓💓' from client : ACCEPTED
[30Apr2025 23:17:48.397] [Netty Epoll Server IO #4/DEBUG] [net.minecraftforge.network.NetworkRegistry/NETREGISTRY]: Channel 'voicechat:leave_group' : Version test of 'ALLOWVANILLA 💓💓💓' from client : ACCEPTED
[30Apr2025 23:17:48.397] [Netty Epoll Server IO #4/DEBUG] [net.minecraftforge.network.NetworkRegistry/NETREGISTRY]: Channel 'voicechat:create_group' : Version test of 'ALLOWVANILLA 💓💓💓' from client : ACCEPTED
[30Apr2025 23:17:48.397] [Netty Epoll Server IO #4/DEBUG] [net.minecraftforge.network.NetworkRegistry/NETREGISTRY]: Channel 'minecraft:unregister' : Version test of 'FML3' from client : ACCEPTED
[30Apr2025 23:17:48.397] [Netty Epoll Server IO #4/DEBUG] [net.minecraftforge.network.NetworkRegistry/NETREGISTRY]: Channel 'wan_ancient_beasts:main' : Version test of '1.0' from client : ACCEPTED
[30Apr2025 23:17:48.397] [Netty Epoll Server IO #4/DEBUG] [net.minecraftforge.network.NetworkRegistry/NETREGISTRY]: Channel 'citadel:main_channel' : Version test of '1' from client : ACCEPTED
[30Apr2025 23:17:48.397] [Netty Epoll Server IO #4/DEBUG] [net.minecraftforge.network.NetworkRegistry/NETREGISTRY]: Channel 'born_in_chaos_v1:born_in_chaos_v1' : Version test of '1' from client : ACCEPTED
[30Apr2025 23:17:48.398] [Netty Epoll Server IO #4/DEBUG] [net.minecraftforge.network.NetworkRegistry/NETREGISTRY]: Channel 'ad_astra:main' : Version test of '1' from client : ACCEPTED
[30Apr2025 23:17:48.398] [Netty Epoll Server IO #4/DEBUG] [net.minecraftforge.network.NetworkRegistry/NETREGISTRY]: Channel 'voicechat:set_group' : Version test of 'ALLOWVANILLA 💓💓💓' from client : ACCEPTED
[30Apr2025 23:17:48.398] [Netty Epoll Server IO #4/DEBUG] [net.minecraftforge.network.NetworkRegistry/NETREGISTRY]: Channel 'voicechat:joined_group' : Version test of 'ALLOWVANILLA 💓💓💓' from client : ACCEPTED
[30Apr2025 23:17:48.398] [Netty Epoll Server IO #4/DEBUG] [net.minecraftforge.network.NetworkRegistry/NETREGISTRY]: Channel 'curios:main' : Version test of '1' from client : ACCEPTED
[30Apr2025 23:17:48.398] [Netty Epoll Server IO #4/DEBUG] [net.minecraftforge.network.NetworkRegistry/NETREGISTRY]: Channel 'voicechat:update_state' : Version test of 'ALLOWVANILLA 💓💓💓' from client : ACCEPTED
[30Apr2025 23:17:48.398] [Netty Epoll Server IO #4/DEBUG] [net.minecraftforge.network.NetworkRegistry/NETREGISTRY]: Channel 'voicechat:player_states' : Version test of 'ALLOWVANILLA 💓💓💓' from client : ACCEPTED
[30Apr2025 23:17:48.398] [Netty Epoll Server IO #4/DEBUG] [net.minecraftforge.network.NetworkRegistry/NETREGISTRY]: Channel 'alshanex_familiars:messages' : Version test of '1.0' from client : ACCEPTED
[30Apr2025 23:17:48.398] [Netty Epoll Server IO #4/DEBUG] [net.minecraftforge.network.NetworkRegistry/NETREGISTRY]: Channel 'unearthed_journey:unearthed_journey' : Version test of '1' from client : ACCEPTED
[30Apr2025 23:17:48.398] [Netty Epoll Server IO #4/DEBUG] [net.minecraftforge.network.NetworkRegistry/NETREGISTRY]: Channel 'cataclysm:main_channel' : Version test of '1' from client : ACCEPTED
[30Apr2025 23:17:48.398] [Netty Epoll Server IO #4/DEBUG] [net.minecraftforge.network.NetworkRegistry/NETREGISTRY]: Channel 'lionfishapi:main_channel' : Version test of '1' from client : ACCEPTED
[30Apr2025 23:17:48.398] [Netty Epoll Server IO #4/DEBUG] [net.minecraftforge.network.NetworkRegistry/NETREGISTRY]: Channel 'voicechat:add_group' : Version test of 'ALLOWVANILLA 💓💓💓' from client : ACCEPTED
[30Apr2025 23:17:48.398] [Netty Epoll Server IO #4/DEBUG] [net.minecraftforge.network.NetworkRegistry/NETREGISTRY]: Channel 'irons_spellbooks:messages' : Version test of '1.0' from client : ACCEPTED
[30Apr2025 23:17:48.398] [Netty Epoll Server IO #4/DEBUG] [net.minecraftforge.network.NetworkRegistry/NETREGISTRY]: Channel 'fml:loginwrapper' : Version test of 'FML3' from client : ACCEPTED
[30Apr2025 23:17:48.398] [Netty Epoll Server IO #4/DEBUG] [net.minecraftforge.network.NetworkRegistry/NETREGISTRY]: Channel 'unusualend:unusualend' : Version test of '1' from client : ACCEPTED
[30Apr2025 23:17:48.398] [Netty Epoll Server IO #4/DEBUG] [net.minecraftforge.network.NetworkRegistry/NETREGISTRY]: Channel 'forge:tier_sorting' : Version test of '1.0' from client : ACCEPTED
[30Apr2025 23:17:48.399] [Netty Epoll Server IO #4/DEBUG] [net.minecraftforge.network.NetworkRegistry/NETREGISTRY]: Channel 'bettercombat:network' : Version test of '1.0' from client : ACCEPTED
[30Apr2025 23:17:48.399] [Netty Epoll Server IO #4/DEBUG] [net.minecraftforge.network.NetworkRegistry/NETREGISTRY]: Channel 'voicechat:player_state' : Version test of 'ALLOWVANILLA 💓💓💓' from client : ACCEPTED
[30Apr2025 23:17:48.399] [Netty Epoll Server IO #4/DEBUG] [net.minecraftforge.network.NetworkRegistry/NETREGISTRY]: Channel 'alexsmobs:main_channel' : Version test of '1' from client : ACCEPTED
[30Apr2025 23:17:48.399] [Netty Epoll Server IO #4/DEBUG] [net.minecraftforge.network.NetworkRegistry/NETREGISTRY]: Channel 'mca:main' : Version test of '1' from client : ACCEPTED
[30Apr2025 23:17:48.399] [Netty Epoll Server IO #4/DEBUG] [net.minecraftforge.network.NetworkRegistry/NETREGISTRY]: Channel 'mowziesmobs:net' : Version test of '1' from client : ACCEPTED
[30Apr2025 23:17:48.399] [Netty Epoll Server IO #4/DEBUG] [net.minecraftforge.network.NetworkRegistry/NETREGISTRY]: Channel 'goblins_tyranny:goblins_tyranny' : Version test of '1' from client : ACCEPTED
[30Apr2025 23:17:48.399] [Netty Epoll Server IO #4/DEBUG] [net.minecraftforge.network.NetworkRegistry/NETREGISTRY]: Channel 'fml:play' : Version test of 'FML3' from client : ACCEPTED
[30Apr2025 23:17:48.399] [Netty Epoll Server IO #4/DEBUG] [net.minecraftforge.network.NetworkRegistry/NETREGISTRY]: Channel 'voicechat:request_secret' : Version test of 'ALLOWVANILLA 💓💓💓' from client : ACCEPTED
[30Apr2025 23:17:48.399] [Netty Epoll Server IO #4/DEBUG] [net.minecraftforge.network.NetworkRegistry/NETREGISTRY]: Channel 'caelus:main' : Version test of '1' from client : ACCEPTED
[30Apr2025 23:17:48.399] [Netty Epoll Server IO #4/DEBUG] [net.minecraftforge.network.NetworkRegistry/NETREGISTRY]: Channel 'fml:handshake' : Version test of 'FML3' from client : ACCEPTED
[30Apr2025 23:17:48.399] [Netty Epoll Server IO #4/DEBUG] [net.minecraftforge.network.NetworkRegistry/NETREGISTRY]: Channel 'voicechat:remove_category' : Version test of 'ALLOWVANILLA 💓💓💓' from client : ACCEPTED
[30Apr2025 23:17:48.399] [Netty Epoll Server IO #4/DEBUG] [net.minecraftforge.network.NetworkRegistry/NETREGISTRY]: Channel 'voicechat:remove_group' : Version test of 'ALLOWVANILLA 💓💓💓' from client : ACCEPTED
[30Apr2025 23:17:48.399] [Netty Epoll Server IO #4/DEBUG] [net.minecraftforge.network.NetworkRegistry/NETREGISTRY]: Channel 'alekiships:network' : Version test of '1.0.14' from client : ACCEPTED
[30Apr2025 23:17:48.399] [Netty Epoll Server IO #4/DEBUG] [net.minecraftforge.network.NetworkRegistry/NETREGISTRY]: Channel 'vampirism:main' : Version test of '1' from client : ACCEPTED
[30Apr2025 23:17:48.399] [Netty Epoll Server IO #4/DEBUG] [net.minecraftforge.network.NetworkRegistry/NETREGISTRY]: Channel 'voicechat:add_category' : Version test of 'ALLOWVANILLA 💓💓💓' from client : ACCEPTED
[30Apr2025 23:17:48.399] [Netty Epoll Server IO #4/DEBUG] [net.minecraftforge.network.NetworkRegistry/NETREGISTRY]: Channel 'blueprint:net' : Version test of 'BP1' from client : ACCEPTED
[30Apr2025 23:17:48.399] [Netty Epoll Server IO #4/DEBUG] [net.minecraftforge.network.NetworkRegistry/NETREGISTRY]: Channel 'minecraft:register' : Version test of 'FML3' from client : ACCEPTED
[30Apr2025 23:17:48.399] [Netty Epoll Server IO #4/DEBUG] [net.minecraftforge.network.NetworkRegistry/NETREGISTRY]: Channel 'forge:split' : Version test of '1.1' from client : ACCEPTED
[30Apr2025 23:17:48.399] [Netty Epoll Server IO #4/DEBUG] [net.minecraftforge.network.NetworkRegistry/NETREGISTRY]: Channel 'twilightforest:channel' : Version test of '2' from client : ACCEPTED
[30Apr2025 23:17:48.400] [Netty Epoll Server IO #4/DEBUG] [net.minecraftforge.network.NetworkRegistry/NETREGISTRY]: Channel 'geckolib:main' : Version test of '1' from client : ACCEPTED
[30Apr2025 23:17:48.400] [Netty Epoll Server IO #4/DEBUG] [net.minecraftforge.network.NetworkRegistry/NETREGISTRY]: Accepting channel list from client
[30Apr2025 23:17:48.400] [Netty Epoll Server IO #4/DEBUG] [net.minecraftforge.network.HandshakeHandler/FMLHANDSHAKE]: Accepted client connection mod list
[30Apr2025 23:17:48.404] [Server thread/DEBUG] [net.minecraftforge.network.HandshakeHandler/FMLHANDSHAKE]: Sending ticking packet info 'Registry minecraft:item' to 'fml:handshake' sequence 5
[30Apr2025 23:17:48.421] [Netty Epoll Server IO #4/DEBUG] [net.minecraftforge.network.LoginWrapper/FMLHANDSHAKE]: Recieved login wrapper packet event for channel fml:handshake with index 2
[30Apr2025 23:17:48.421] [Netty Epoll Server IO #4/DEBUG] [net.minecraftforge.network.HandshakeHandler/FMLHANDSHAKE]: Received client indexed reply 2 of type net.minecraftforge.network.HandshakeMessages$C2SAcknowledge
[30Apr2025 23:17:48.421] [Netty Epoll Server IO #4/DEBUG] [net.minecraftforge.network.HandshakeHandler/FMLHANDSHAKE]: Received acknowledgement from client
[30Apr2025 23:17:48.453] [Server thread/DEBUG] [net.minecraftforge.network.HandshakeHandler/FMLHANDSHAKE]: Sending ticking packet info 'Registry minecraft:potion' to 'fml:handshake' sequence 6
[30Apr2025 23:17:48.503] [Server thread/DEBUG] [net.minecraftforge.network.HandshakeHandler/FMLHANDSHAKE]: Sending ticking packet info 'Registry vampirism:refinement' to 'fml:handshake' sequence 7
[30Apr2025 23:17:48.517] [Netty Epoll Server IO #4/DEBUG] [net.minecraftforge.network.LoginWrapper/FMLHANDSHAKE]: Recieved login wrapper packet event for channel fml:handshake with index 3
[30Apr2025 23:17:48.517] [Netty Epoll Server IO #4/DEBUG] [net.minecraftforge.network.HandshakeHandler/FMLHANDSHAKE]: Received client indexed reply 3 of type net.minecraftforge.network.HandshakeMessages$C2SAcknowledge
[30Apr2025 23:17:48.517] [Netty Epoll Server IO #4/DEBUG] [net.minecraftforge.network.HandshakeHandler/FMLHANDSHAKE]: Received acknowledgement from client
[30Apr2025 23:17:48.518] [Netty Epoll Server IO #4/DEBUG] [net.minecraftforge.network.LoginWrapper/FMLHANDSHAKE]: Recieved login wrapper packet event for channel fml:handshake with index 4
[30Apr2025 23:17:48.518] [Netty Epoll Server IO #4/DEBUG] [net.minecraftforge.network.HandshakeHandler/FMLHANDSHAKE]: Received client indexed reply 4 of type net.minecraftforge.network.HandshakeMessages$C2SAcknowledge
[30Apr2025 23:17:48.518] [Netty Epoll Server IO #4/DEBUG] [net.minecraftforge.network.HandshakeHandler/FMLHANDSHAKE]: Received acknowledgement from client
[30Apr2025 23:17:48.553] [Server thread/DEBUG] [net.minecraftforge.network.HandshakeHandler/FMLHANDSHAKE]: Sending ticking packet info 'Registry minecraft:block_entity_type' to 'fml:handshake' sequence 8
[30Apr2025 23:17:48.603] [Server thread/DEBUG] [net.minecraftforge.network.HandshakeHandler/FMLHANDSHAKE]: Sending ticking packet info 'Registry forge:display_contexts' to 'fml:handshake' sequence 9
[30Apr2025 23:17:48.653] [Server thread/DEBUG] [net.minecraftforge.network.HandshakeHandler/FMLHANDSHAKE]: Sending ticking packet info 'Registry vampirism:task_unlocker' to 'fml:handshake' sequence 10
[30Apr2025 23:17:48.703] [Server thread/DEBUG] [net.minecraftforge.network.HandshakeHandler/FMLHANDSHAKE]: Sending ticking packet info 'Registry irons_spellbooks:spells' to 'fml:handshake' sequence 11
[30Apr2025 23:17:48.753] [Server thread/DEBUG] [net.minecraftforge.network.HandshakeHandler/FMLHANDSHAKE]: Sending ticking packet info 'Registry vampirism:miniontasks' to 'fml:handshake' sequence 12
[30Apr2025 23:17:48.803] [Server thread/DEBUG] [net.minecraftforge.network.HandshakeHandler/FMLHANDSHAKE]: Sending ticking packet info 'Registry minecraft:stat_type' to 'fml:handshake' sequence 13
[30Apr2025 23:17:48.853] [Server thread/DEBUG] [net.minecraftforge.network.HandshakeHandler/FMLHANDSHAKE]: Sending ticking packet info 'Registry vampirism:skills' to 'fml:handshake' sequence 14
[30Apr2025 23:17:48.903] [Server thread/DEBUG] [net.minecraftforge.network.HandshakeHandler/FMLHANDSHAKE]: Sending ticking packet info 'Registry twilightforest:enforcement' to 'fml:handshake' sequence 15
[30Apr2025 23:17:48.953] [Server thread/DEBUG] [net.minecraftforge.network.HandshakeHandler/FMLHANDSHAKE]: Sending ticking packet info 'Registry minecraft:menu' to 'fml:handshake' sequence 16
[30Apr2025 23:17:49.003] [Server thread/DEBUG] [net.minecraftforge.network.HandshakeHandler/FMLHANDSHAKE]: Sending ticking packet info 'Registry vampirism:actions' to 'fml:handshake' sequence 17
[30Apr2025 23:17:49.053] [Server thread/DEBUG] [net.minecraftforge.network.HandshakeHandler/FMLHANDSHAKE]: Sending ticking packet info 'Registry vampirism:refinement_set' to 'fml:handshake' sequence 18
[30Apr2025 23:17:49.068] [Netty Epoll Server IO #4/DEBUG] [net.minecraftforge.network.LoginWrapper/FMLHANDSHAKE]: Recieved login wrapper packet event for channel fml:handshake with index 5
[30Apr2025 23:17:49.069] [Netty Epoll Server IO #4/DEBUG] [net.minecraftforge.network.HandshakeHandler/FMLHANDSHAKE]: Received client indexed reply 5 of type net.minecraftforge.network.HandshakeMessages$C2SAcknowledge
[30Apr2025 23:17:49.069] [Netty Epoll Server IO #4/DEBUG] [net.minecraftforge.network.HandshakeHandler/FMLHANDSHAKE]: Received acknowledgement from client
[30Apr2025 23:17:49.103] [Server thread/DEBUG] [net.minecraftforge.network.HandshakeHandler/FMLHANDSHAKE]: Sending ticking packet info 'Registry minecraft:fluid' to 'fml:handshake' sequence 19
[30Apr2025 23:17:49.104] [Netty Epoll Server IO #4/DEBUG] [net.minecraftforge.network.LoginWrapper/FMLHANDSHAKE]: Recieved login wrapper packet event for channel fml:handshake with index 6
[30Apr2025 23:17:49.104] [Netty Epoll Server IO #4/DEBUG] [net.minecraftforge.network.HandshakeHandler/FMLHANDSHAKE]: Received client indexed reply 6 of type net.minecraftforge.network.HandshakeMessages$C2SAcknowledge
[30Apr2025 23:17:49.104] [Netty Epoll Server IO #4/DEBUG] [net.minecraftforge.network.HandshakeHandler/FMLHANDSHAKE]: Received acknowledgement from client
[30Apr2025 23:17:49.104] [Netty Epoll Server IO #4/DEBUG] [net.minecraftforge.network.LoginWrapper/FMLHANDSHAKE]: Recieved login wrapper packet event for channel fml:handshake with index 7
[30Apr2025 23:17:49.104] [Netty Epoll Server IO #4/DEBUG] [net.minecraftforge.network.HandshakeHandler/FMLHANDSHAKE]: Received client indexed reply 7 of type net.minecraftforge.network.HandshakeMessages$C2SAcknowledge
[30Apr2025 23:17:49.104] [Netty Epoll Server IO #4/DEBUG] [net.minecraftforge.network.HandshakeHandler/FMLHANDSHAKE]: Received acknowledgement from client
[30Apr2025 23:17:49.104] [Netty Epoll Server IO #4/DEBUG] [net.minecraftforge.network.LoginWrapper/FMLHANDSHAKE]: Recieved login wrapper packet event for channel fml:handshake with index 8
[30Apr2025 23:17:49.104] [Netty Epoll Server IO #4/DEBUG] [net.minecraftforge.network.HandshakeHandler/FMLHANDSHAKE]: Received client indexed reply 8 of type net.minecraftforge.network.HandshakeMessages$C2SAcknowledge
[30Apr2025 23:17:49.104] [Netty Epoll Server IO #4/DEBUG] [net.minecraftforge.network.HandshakeHandler/FMLHANDSHAKE]: Received acknowledgement from client
[30Apr2025 23:17:49.105] [Netty Epoll Server IO #4/DEBUG] [net.minecraftforge.network.LoginWrapper/FMLHANDSHAKE]: Recieved login wrapper packet event for channel fml:handshake with index 9
[30Apr2025 23:17:49.105] [Netty Epoll Server IO #4/DEBUG] [net.minecraftforge.network.HandshakeHandler/FMLHANDSHAKE]: Received client indexed reply 9 of type net.minecraftforge.network.HandshakeMessages$C2SAcknowledge
[30Apr2025 23:17:49.105] [Netty Epoll Server IO #4/DEBUG] [net.minecraftforge.network.HandshakeHandler/FMLHANDSHAKE]: Received acknowledgement from client
[30Apr2025 23:17:49.105] [Netty Epoll Server IO #4/DEBUG] [net.minecraftforge.network.LoginWrapper/FMLHANDSHAKE]: Recieved login wrapper packet event for channel fml:handshake with index 10
[30Apr2025 23:17:49.105] [Netty Epoll Server IO #4/DEBUG] [net.minecraftforge.network.HandshakeHandler/FMLHANDSHAKE]: Received client indexed reply 10 of type net.minecraftforge.network.HandshakeMessages$C2SAcknowledge
[30Apr2025 23:17:49.105] [Netty Epoll Server IO #4/DEBUG] [net.minecraftforge.network.HandshakeHandler/FMLHANDSHAKE]: Received acknowledgement from client
[30Apr2025 23:17:49.105] [Netty Epoll Server IO #4/DEBUG] [net.minecraftforge.network.LoginWrapper/FMLHANDSHAKE]: Recieved login wrapper packet event for channel fml:handshake with index 11
[30Apr2025 23:17:49.106] [Netty Epoll Server IO #4/DEBUG] [net.minecraftforge.network.HandshakeHandler/FMLHANDSHAKE]: Received client indexed reply 11 of type net.minecraftforge.network.HandshakeMessages$C2SAcknowledge
[30Apr2025 23:17:49.106] [Netty Epoll Server IO #4/DEBUG] [net.minecraftforge.network.HandshakeHandler/FMLHANDSHAKE]: Received acknowledgement from client
[30Apr2025 23:17:49.106] [Netty Epoll Server IO #4/DEBUG] [net.minecraftforge.network.LoginWrapper/FMLHANDSHAKE]: Recieved login wrapper packet event for channel fml:handshake with index 12
[30Apr2025 23:17:49.106] [Netty Epoll Server IO #4/DEBUG] [net.minecraftforge.network.HandshakeHandler/FMLHANDSHAKE]: Received client indexed reply 12 of type net.minecraftforge.network.HandshakeMessages$C2SAcknowledge
[30Apr2025 23:17:49.106] [Netty Epoll Server IO #4/DEBUG] [net.minecraftforge.network.HandshakeHandler/FMLHANDSHAKE]: Received acknowledgement from client
[30Apr2025 23:17:49.106] [Netty Epoll Server IO #4/DEBUG] [net.minecraftforge.network.LoginWrapper/FMLHANDSHAKE]: Recieved login wrapper packet event for channel fml:handshake with index 13
[30Apr2025 23:17:49.106] [Netty Epoll Server IO #4/DEBUG] [net.minecraftforge.network.HandshakeHandler/FMLHANDSHAKE]: Received client indexed reply 13 of type net.minecraftforge.network.HandshakeMessages$C2SAcknowledge
[30Apr2025 23:17:49.106] [Netty Epoll Server IO #4/DEBUG] [net.minecraftforge.network.HandshakeHandler/FMLHANDSHAKE]: Received acknowledgement from client
[30Apr2025 23:17:49.106] [Netty Epoll Server IO #4/DEBUG] [net.minecraftforge.network.LoginWrapper/FMLHANDSHAKE]: Recieved login wrapper packet event for channel fml:handshake with index 14
[30Apr2025 23:17:49.107] [Netty Epoll Server IO #4/DEBUG] [net.minecraftforge.network.HandshakeHandler/FMLHANDSHAKE]: Received client indexed reply 14 of type net.minecraftforge.network.HandshakeMessages$C2SAcknowledge
[30Apr2025 23:17:49.107] [Netty Epoll Server IO #4/DEBUG] [net.minecraftforge.network.HandshakeHandler/FMLHANDSHAKE]: Received acknowledgement from client
[30Apr2025 23:17:49.107] [Netty Epoll Server IO #4/DEBUG] [net.minecraftforge.network.LoginWrapper/FMLHANDSHAKE]: Recieved login wrapper packet event for channel fml:handshake with index 15
[30Apr2025 23:17:49.107] [Netty Epoll Server IO #4/DEBUG] [net.minecraftforge.network.HandshakeHandler/FMLHANDSHAKE]: Received client indexed reply 15 of type net.minecraftforge.network.HandshakeMessages$C2SAcknowledge
[30Apr2025 23:17:49.107] [Netty Epoll Server IO #4/DEBUG] [net.minecraftforge.network.HandshakeHandler/FMLHANDSHAKE]: Received acknowledgement from client
[30Apr2025 23:17:49.153] [Server thread/DEBUG] [net.minecraftforge.network.HandshakeHandler/FMLHANDSHAKE]: Sending ticking packet info 'Registry vampirism:task_requirement' to 'fml:handshake' sequence 20
[30Apr2025 23:17:49.178] [Netty Epoll Server IO #4/DEBUG] [net.minecraftforge.network.LoginWrapper/FMLHANDSHAKE]: Recieved login wrapper packet event for channel fml:handshake with index 16
[30Apr2025 23:17:49.178] [Netty Epoll Server IO #4/DEBUG] [net.minecraftforge.network.HandshakeHandler/FMLHANDSHAKE]: Received client indexed reply 16 of type net.minecraftforge.network.HandshakeMessages$C2SAcknowledge
[30Apr2025 23:17:49.178] [Netty Epoll Server IO #4/DEBUG] [net.minecraftforge.network.HandshakeHandler/FMLHANDSHAKE]: Received acknowledgement from client
[30Apr2025 23:17:49.179] [Netty Epoll Server IO #4/DEBUG] [net.minecraftforge.network.LoginWrapper/FMLHANDSHAKE]: Recieved login wrapper packet event for channel fml:handshake with index 17
[30Apr2025 23:17:49.179] [Netty Epoll Server IO #4/DEBUG] [net.minecraftforge.network.HandshakeHandler/FMLHANDSHAKE]: Received client indexed reply 17 of type net.minecraftforge.network.HandshakeMessages$C2SAcknowledge
[30Apr2025 23:17:49.179] [Netty Epoll Server IO #4/DEBUG] [net.minecraftforge.network.HandshakeHandler/FMLHANDSHAKE]: Received acknowledgement from client
[30Apr2025 23:17:49.203] [Server thread/DEBUG] [net.minecraftforge.network.HandshakeHandler/FMLHANDSHAKE]: Sending ticking packet info 'Registry minecraft:recipe_serializer' to 'fml:handshake' sequence 21
[30Apr2025 23:17:49.233] [Netty Epoll Server IO #4/DEBUG] [net.minecraftforge.network.LoginWrapper/FMLHANDSHAKE]: Recieved login wrapper packet event for channel fml:handshake with index 18
[30Apr2025 23:17:49.233] [Netty Epoll Server IO #4/DEBUG] [net.minecraftforge.network.HandshakeHandler/FMLHANDSHAKE]: Received client indexed reply 18 of type net.minecraftforge.network.HandshakeMessages$C2SAcknowledge
[30Apr2025 23:17:49.233] [Netty Epoll Server IO #4/DEBUG] [net.minecraftforge.network.HandshakeHandler/FMLHANDSHAKE]: Received acknowledgement from client
[30Apr2025 23:17:49.253] [Server thread/DEBUG] [net.minecraftforge.network.HandshakeHandler/FMLHANDSHAKE]: Sending ticking packet info 'Registry minecraft:sound_event' to 'fml:handshake' sequence 22
[30Apr2025 23:17:49.303] [Server thread/DEBUG] [net.minecraftforge.network.HandshakeHandler/FMLHANDSHAKE]: Sending ticking packet info 'Registry minecraft:particle_type' to 'fml:handshake' sequence 23
[30Apr2025 23:17:49.307] [Netty Epoll Server IO #4/DEBUG] [net.minecraftforge.network.LoginWrapper/FMLHANDSHAKE]: Recieved login wrapper packet event for channel fml:handshake with index 19
[30Apr2025 23:17:49.307] [Netty Epoll Server IO #4/DEBUG] [net.minecraftforge.network.HandshakeHandler/FMLHANDSHAKE]: Received client indexed reply 19 of type net.minecraftforge.network.HandshakeMessages$C2SAcknowledge
[30Apr2025 23:17:49.307] [Netty Epoll Server IO #4/DEBUG] [net.minecraftforge.network.HandshakeHandler/FMLHANDSHAKE]: Received acknowledgement from client
[30Apr2025 23:17:49.348] [Netty Epoll Server IO #4/DEBUG] [net.minecraftforge.network.LoginWrapper/FMLHANDSHAKE]: Recieved login wrapper packet event for channel fml:handshake with index 20
[30Apr2025 23:17:49.348] [Netty Epoll Server IO #4/DEBUG] [net.minecraftforge.network.HandshakeHandler/FMLHANDSHAKE]: Received client indexed reply 20 of type net.minecraftforge.network.HandshakeMessages$C2SAcknowledge
[30Apr2025 23:17:49.348] [Netty Epoll Server IO #4/DEBUG] [net.minecraftforge.network.HandshakeHandler/FMLHANDSHAKE]: Received acknowledgement from client
[30Apr2025 23:17:49.353] [Server thread/DEBUG] [net.minecraftforge.network.HandshakeHandler/FMLHANDSHAKE]: Sending ticking packet info 'Registry twilightforest:tiny_bird_variant' to 'fml:handshake' sequence 24
[30Apr2025 23:17:49.384] [Netty Epoll Server IO #4/DEBUG] [net.minecraftforge.network.LoginWrapper/FMLHANDSHAKE]: Recieved login wrapper packet event for channel fml:handshake with index 21
[30Apr2025 23:17:49.384] [Netty Epoll Server IO #4/DEBUG] [net.minecraftforge.network.HandshakeHandler/FMLHANDSHAKE]: Received client indexed reply 21 of type net.minecraftforge.network.HandshakeMessages$C2SAcknowledge
[30Apr2025 23:17:49.384] [Netty Epoll Server IO #4/DEBUG] [net.minecraftforge.network.HandshakeHandler/FMLHANDSHAKE]: Received acknowledgement from client
[30Apr2025 23:17:49.403] [Server thread/DEBUG] [net.minecraftforge.network.HandshakeHandler/FMLHANDSHAKE]: Sending ticking packet info 'Registry minecraft:painting_variant' to 'fml:handshake' sequence 25
[30Apr2025 23:17:49.442] [Netty Epoll Server IO #4/DEBUG] [net.minecraftforge.network.LoginWrapper/FMLHANDSHAKE]: Recieved login wrapper packet event for channel fml:handshake with index 22
[30Apr2025 23:17:49.442] [Netty Epoll Server IO #4/DEBUG] [net.minecraftforge.network.HandshakeHandler/FMLHANDSHAKE]: Received client indexed reply 22 of type net.minecraftforge.network.HandshakeMessages$C2SAcknowledge
[30Apr2025 23:17:49.442] [Netty Epoll Server IO #4/DEBUG] [net.minecraftforge.network.HandshakeHandler/FMLHANDSHAKE]: Received acknowledgement from client
[30Apr2025 23:17:49.453] [Server thread/DEBUG] [net.minecraftforge.network.HandshakeHandler/FMLHANDSHAKE]: Sending ticking packet info 'Registry forge:fluid_type' to 'fml:handshake' sequence 26
[30Apr2025 23:17:49.503] [Server thread/DEBUG] [net.minecraftforge.network.HandshakeHandler/FMLHANDSHAKE]: Sending ticking packet info 'Registry minecraft:block' to 'fml:handshake' sequence 27
[30Apr2025 23:17:49.534] [Netty Epoll Server IO #4/DEBUG] [net.minecraftforge.network.LoginWrapper/FMLHANDSHAKE]: Recieved login wrapper packet event for channel fml:handshake with index 23
[30Apr2025 23:17:49.534] [Netty Epoll Server IO #4/DEBUG] [net.minecraftforge.network.HandshakeHandler/FMLHANDSHAKE]: Received client indexed reply 23 of type net.minecraftforge.network.HandshakeMessages$C2SAcknowledge
[30Apr2025 23:17:49.534] [Netty Epoll Server IO #4/DEBUG] [net.minecraftforge.network.HandshakeHandler/FMLHANDSHAKE]: Received acknowledgement from client
[30Apr2025 23:17:49.553] [Server thread/DEBUG] [net.minecraftforge.network.HandshakeHandler/FMLHANDSHAKE]: Sending ticking packet info 'Registry forge:entity_data_serializers' to 'fml:handshake' sequence 28
[30Apr2025 23:17:49.554] [Netty Epoll Server IO #4/DEBUG] [net.minecraftforge.network.LoginWrapper/FMLHANDSHAKE]: Recieved login wrapper packet event for channel fml:handshake with index 24
[30Apr2025 23:17:49.554] [Netty Epoll Server IO #4/DEBUG] [net.minecraftforge.network.HandshakeHandler/FMLHANDSHAKE]: Received client indexed reply 24 of type net.minecraftforge.network.HandshakeMessages$C2SAcknowledge
[30Apr2025 23:17:49.554] [Netty Epoll Server IO #4/DEBUG] [net.minecraftforge.network.HandshakeHandler/FMLHANDSHAKE]: Received acknowledgement from client
[30Apr2025 23:17:49.594] [Netty Epoll Server IO #4/DEBUG] [net.minecraftforge.network.LoginWrapper/FMLHANDSHAKE]: Recieved login wrapper packet event for channel fml:handshake with index 25
[30Apr2025 23:17:49.595] [Netty Epoll Server IO #4/DEBUG] [net.minecraftforge.network.HandshakeHandler/FMLHANDSHAKE]: Received client indexed reply 25 of type net.minecraftforge.network.HandshakeMessages$C2SAcknowledge
[30Apr2025 23:17:49.595] [Netty Epoll Server IO #4/DEBUG] [net.minecraftforge.network.HandshakeHandler/FMLHANDSHAKE]: Received acknowledgement from client
[30Apr2025 23:17:49.603] [Server thread/DEBUG] [net.minecraftforge.network.HandshakeHandler/FMLHANDSHAKE]: Sending ticking packet info 'Registry vampirism:task_reward' to 'fml:handshake' sequence 29
[30Apr2025 23:17:49.633] [Netty Epoll Server IO #4/DEBUG] [net.minecraftforge.network.LoginWrapper/FMLHANDSHAKE]: Recieved login wrapper packet event for channel fml:handshake with index 26
[30Apr2025 23:17:49.633] [Netty Epoll Server IO #4/DEBUG] [net.minecraftforge.network.HandshakeHandler/FMLHANDSHAKE]: Received client indexed reply 26 of type net.minecraftforge.network.HandshakeMessages$C2SAcknowledge
[30Apr2025 23:17:49.633] [Netty Epoll Server IO #4/DEBUG] [net.minecraftforge.network.HandshakeHandler/FMLHANDSHAKE]: Received acknowledgement from client
[30Apr2025 23:17:49.653] [Server thread/DEBUG] [net.minecraftforge.network.HandshakeHandler/FMLHANDSHAKE]: Sending ticking packet info 'Registry vampirism:oil' to 'fml:handshake' sequence 30
[30Apr2025 23:17:49.701] [Netty Epoll Server IO #4/DEBUG] [net.minecraftforge.network.LoginWrapper/FMLHANDSHAKE]: Recieved login wrapper packet event for channel fml:handshake with index 27
[30Apr2025 23:17:49.701] [Netty Epoll Server IO #4/DEBUG] [net.minecraftforge.network.HandshakeHandler/FMLHANDSHAKE]: Received client indexed reply 27 of type net.minecraftforge.network.HandshakeMessages$C2SAcknowledge
[30Apr2025 23:17:49.701] [Netty Epoll Server IO #4/DEBUG] [net.minecraftforge.network.HandshakeHandler/FMLHANDSHAKE]: Received acknowledgement from client
[30Apr2025 23:17:49.702] [Netty Epoll Server IO #4/DEBUG] [net.minecraftforge.network.LoginWrapper/FMLHANDSHAKE]: Recieved login wrapper packet event for channel fml:handshake with index 28
[30Apr2025 23:17:49.702] [Netty Epoll Server IO #4/DEBUG] [net.minecraftforge.network.HandshakeHandler/FMLHANDSHAKE]: Received client indexed reply 28 of type net.minecraftforge.network.HandshakeMessages$C2SAcknowledge
[30Apr2025 23:17:49.702] [Netty Epoll Server IO #4/DEBUG] [net.minecraftforge.network.HandshakeHandler/FMLHANDSHAKE]: Received acknowledgement from client
[30Apr2025 23:17:49.703] [Server thread/DEBUG] [net.minecraftforge.network.HandshakeHandler/FMLHANDSHAKE]: Sending ticking packet info 'Registry vampirism:converting_handler' to 'fml:handshake' sequence 31
[30Apr2025 23:17:49.753] [Server thread/DEBUG] [net.minecraftforge.network.HandshakeHandler/FMLHANDSHAKE]: Sending ticking packet info 'Registry minecraft:mob_effect' to 'fml:handshake' sequence 32
[30Apr2025 23:17:49.803] [Server thread/DEBUG] [net.minecraftforge.network.HandshakeHandler/FMLHANDSHAKE]: Sending ticking packet info 'Registry vampirism:entityactions' to 'fml:handshake' sequence 33
[30Apr2025 23:17:49.831] [Netty Epoll Server IO #4/DEBUG] [net.minecraftforge.network.LoginWrapper/FMLHANDSHAKE]: Recieved login wrapper packet event for channel fml:handshake with index 29
[30Apr2025 23:17:49.831] [Netty Epoll Server IO #4/DEBUG] [net.minecraftforge.network.HandshakeHandler/FMLHANDSHAKE]: Received client indexed reply 29 of type net.minecraftforge.network.HandshakeMessages$C2SAcknowledge
[30Apr2025 23:17:49.832] [Netty Epoll Server IO #4/DEBUG] [net.minecraftforge.network.HandshakeHandler/FMLHANDSHAKE]: Received acknowledgement from client
[30Apr2025 23:17:49.832] [Netty Epoll Server IO #4/DEBUG] [net.minecraftforge.network.LoginWrapper/FMLHANDSHAKE]: Recieved login wrapper packet event for channel fml:handshake with index 30
[30Apr2025 23:17:49.832] [Netty Epoll Server IO #4/DEBUG] [net.minecraftforge.network.HandshakeHandler/FMLHANDSHAKE]: Received client indexed reply 30 of type net.minecraftforge.network.HandshakeMessages$C2SAcknowledge
[30Apr2025 23:17:49.832] [Netty Epoll Server IO #4/DEBUG] [net.minecraftforge.network.HandshakeHandler/FMLHANDSHAKE]: Received acknowledgement from client
[30Apr2025 23:17:49.853] [Server thread/DEBUG] [net.minecraftforge.network.HandshakeHandler/FMLHANDSHAKE]: Sending ticking packet info 'Registry twilightforest:dwarf_rabbit_variant' to 'fml:handshake' sequence 34
[30Apr2025 23:17:49.883] [Netty Epoll Server IO #4/DEBUG] [net.minecraftforge.network.LoginWrapper/FMLHANDSHAKE]: Recieved login wrapper packet event for channel fml:handshake with index 31
[30Apr2025 23:17:49.883] [Netty Epoll Server IO #4/DEBUG] [net.minecraftforge.network.HandshakeHandler/FMLHANDSHAKE]: Received client indexed reply 31 of type net.minecraftforge.network.HandshakeMessages$C2SAcknowledge
[30Apr2025 23:17:49.883] [Netty Epoll Server IO #4/DEBUG] [net.minecraftforge.network.HandshakeHandler/FMLHANDSHAKE]: Received acknowledgement from client
[30Apr2025 23:17:49.903] [Server thread/DEBUG] [net.minecraftforge.network.HandshakeHandler/FMLHANDSHAKE]: Sending ticking packet info 'Registry minecraft:enchantment' to 'fml:handshake' sequence 35
[30Apr2025 23:17:49.953] [Server thread/DEBUG] [net.minecraftforge.network.HandshakeHandler/FMLHANDSHAKE]: Sending ticking packet info 'Registry vampirism:task_reward_instance' to 'fml:handshake' sequence 36
[30Apr2025 23:17:49.960] [Netty Epoll Server IO #4/DEBUG] [net.minecraftforge.network.LoginWrapper/FMLHANDSHAKE]: Recieved login wrapper packet event for channel fml:handshake with index 32
[30Apr2025 23:17:49.960] [Netty Epoll Server IO #4/DEBUG] [net.minecraftforge.network.HandshakeHandler/FMLHANDSHAKE]: Received client indexed reply 32 of type net.minecraftforge.network.HandshakeMessages$C2SAcknowledge
[30Apr2025 23:17:49.960] [Netty Epoll Server IO #4/DEBUG] [net.minecraftforge.network.HandshakeHandler/FMLHANDSHAKE]: Received acknowledgement from client
[30Apr2025 23:17:50.001] [Netty Epoll Server IO #4/DEBUG] [net.minecraftforge.network.LoginWrapper/FMLHANDSHAKE]: Recieved login wrapper packet event for channel fml:handshake with index 33
[30Apr2025 23:17:50.001] [Netty Epoll Server IO #4/DEBUG] [net.minecraftforge.network.HandshakeHandler/FMLHANDSHAKE]: Received client indexed reply 33 of type net.minecraftforge.network.HandshakeMessages$C2SAcknowledge
[30Apr2025 23:17:50.001] [Netty Epoll Server IO #4/DEBUG] [net.minecraftforge.network.HandshakeHandler/FMLHANDSHAKE]: Received acknowledgement from client
[30Apr2025 23:17:50.003] [Server thread/DEBUG] [net.minecraftforge.network.HandshakeHandler/FMLHANDSHAKE]: Sending ticking packet info 'Registry minecraft:entity_type' to 'fml:handshake' sequence 37
[30Apr2025 23:17:50.033] [Netty Epoll Server IO #4/DEBUG] [net.minecraftforge.network.LoginWrapper/FMLHANDSHAKE]: Recieved login wrapper packet event for channel fml:handshake with index 34
[30Apr2025 23:17:50.033] [Netty Epoll Server IO #4/DEBUG] [net.minecraftforge.network.HandshakeHandler/FMLHANDSHAKE]: Received client indexed reply 34 of type net.minecraftforge.network.HandshakeMessages$C2SAcknowledge
[30Apr2025 23:17:50.033] [Netty Epoll Server IO #4/DEBUG] [net.minecraftforge.network.HandshakeHandler/FMLHANDSHAKE]: Received acknowledgement from client
[30Apr2025 23:17:50.053] [Server thread/DEBUG] [net.minecraftforge.network.HandshakeHandler/FMLHANDSHAKE]: Sending ticking packet info 'Config curios-server.toml' to 'fml:handshake' sequence 38
[30Apr2025 23:17:50.090] [Netty Epoll Server IO #4/DEBUG] [net.minecraftforge.network.LoginWrapper/FMLHANDSHAKE]: Recieved login wrapper packet event for channel fml:handshake with index 35
[30Apr2025 23:17:50.090] [Netty Epoll Server IO #4/DEBUG] [net.minecraftforge.network.HandshakeHandler/FMLHANDSHAKE]: Received client indexed reply 35 of type net.minecraftforge.network.HandshakeMessages$C2SAcknowledge
[30Apr2025 23:17:50.090] [Netty Epoll Server IO #4/DEBUG] [net.minecraftforge.network.HandshakeHandler/FMLHANDSHAKE]: Received acknowledgement from client
[30Apr2025 23:17:50.091] [Netty Epoll Server IO #4/DEBUG] [net.minecraftforge.network.LoginWrapper/FMLHANDSHAKE]: Recieved login wrapper packet event for channel fml:handshake with index 36
[30Apr2025 23:17:50.091] [Netty Epoll Server IO #4/DEBUG] [net.minecraftforge.network.HandshakeHandler/FMLHANDSHAKE]: Received client indexed reply 36 of type net.minecraftforge.network.HandshakeMessages$C2SAcknowledge
[30Apr2025 23:17:50.091] [Netty Epoll Server IO #4/DEBUG] [net.minecraftforge.network.HandshakeHandler/FMLHANDSHAKE]: Received acknowledgement from client
[30Apr2025 23:17:50.104] [Server thread/DEBUG] [net.minecraftforge.network.HandshakeHandler/FMLHANDSHAKE]: Sending ticking packet info 'Config irons_spellbooks-server.toml' to 'fml:handshake' sequence 39
[30Apr2025 23:17:50.153] [Server thread/DEBUG] [net.minecraftforge.network.HandshakeHandler/FMLHANDSHAKE]: Sending ticking packet info 'Config advancednetherite-server.toml' to 'fml:handshake' sequence 40
[30Apr2025 23:17:50.203] [Server thread/DEBUG] [net.minecraftforge.network.HandshakeHandler/FMLHANDSHAKE]: Sending ticking packet info 'Config vampirism-server.toml' to 'fml:handshake' sequence 41
[30Apr2025 23:17:50.253] [Server thread/DEBUG] [net.minecraftforge.network.HandshakeHandler/FMLHANDSHAKE]: Sending ticking packet info 'Config alekiships-server.toml' to 'fml:handshake' sequence 42
[30Apr2025 23:17:50.303] [Server thread/DEBUG] [net.minecraftforge.network.HandshakeHandler/FMLHANDSHAKE]: Sending ticking packet info 'Config vampirism-balance.toml' to 'fml:handshake' sequence 43
[30Apr2025 23:17:50.353] [Server thread/DEBUG] [net.minecraftforge.network.HandshakeHandler/FMLHANDSHAKE]: Sending ticking packet info 'Config forge-server.toml' to 'fml:handshake' sequence 44
[30Apr2025 23:17:50.535] [Netty Epoll Server IO #4/DEBUG] [net.minecraftforge.network.LoginWrapper/FMLHANDSHAKE]: Recieved login wrapper packet event for channel fml:handshake with index 37
[30Apr2025 23:17:50.536] [Netty Epoll Server IO #4/DEBUG] [net.minecraftforge.network.HandshakeHandler/FMLHANDSHAKE]: Received client indexed reply 37 of type net.minecraftforge.network.HandshakeMessages$C2SAcknowledge
[30Apr2025 23:17:50.536] [Netty Epoll Server IO #4/DEBUG] [net.minecraftforge.network.HandshakeHandler/FMLHANDSHAKE]: Received acknowledgement from client
[30Apr2025 23:17:50.576] [Netty Epoll Server IO #4/DEBUG] [net.minecraftforge.network.LoginWrapper/FMLHANDSHAKE]: Recieved login wrapper packet event for channel fml:handshake with index 38
[30Apr2025 23:17:50.576] [Netty Epoll Server IO #4/DEBUG] [net.minecraftforge.network.HandshakeHandler/FMLHANDSHAKE]: Received client indexed reply 38 of type net.minecraftforge.network.HandshakeMessages$C2SAcknowledge
[30Apr2025 23:17:50.576] [Netty Epoll Server IO #4/DEBUG] [net.minecraftforge.network.HandshakeHandler/FMLHANDSHAKE]: Received acknowledgement from client
[30Apr2025 23:17:50.576] [Netty Epoll Server IO #4/DEBUG] [net.minecraftforge.network.LoginWrapper/FMLHANDSHAKE]: Recieved login wrapper packet event for channel fml:handshake with index 39
[30Apr2025 23:17:50.576] [Netty Epoll Server IO #4/DEBUG] [net.minecraftforge.network.HandshakeHandler/FMLHANDSHAKE]: Received client indexed reply 39 of type net.minecraftforge.network.HandshakeMessages$C2SAcknowledge
[30Apr2025 23:17:50.576] [Netty Epoll Server IO #4/DEBUG] [net.minecraftforge.network.HandshakeHandler/FMLHANDSHAKE]: Received acknowledgement from client
[30Apr2025 23:17:50.577] [Netty Epoll Server IO #4/DEBUG] [net.minecraftforge.network.LoginWrapper/FMLHANDSHAKE]: Recieved login wrapper packet event for channel fml:handshake with index 40
[30Apr2025 23:17:50.577] [Netty Epoll Server IO #4/DEBUG] [net.minecraftforge.network.HandshakeHandler/FMLHANDSHAKE]: Received client indexed reply 40 of type net.minecraftforge.network.HandshakeMessages$C2SAcknowledge
[30Apr2025 23:17:50.577] [Netty Epoll Server IO #4/DEBUG] [net.minecraftforge.network.HandshakeHandler/FMLHANDSHAKE]: Received acknowledgement from client
[30Apr2025 23:17:50.577] [Netty Epoll Server IO #4/DEBUG] [net.minecraftforge.network.LoginWrapper/FMLHANDSHAKE]: Recieved login wrapper packet event for channel fml:handshake with index 41
[30Apr2025 23:17:50.577] [Netty Epoll Server IO #4/DEBUG] [net.minecraftforge.network.HandshakeHandler/FMLHANDSHAKE]: Received client indexed reply 41 of type net.minecraftforge.network.HandshakeMessages$C2SAcknowledge
[30Apr2025 23:17:50.577] [Netty Epoll Server IO #4/DEBUG] [net.minecraftforge.network.HandshakeHandler/FMLHANDSHAKE]: Received acknowledgement from client
[30Apr2025 23:17:50.577] [Netty Epoll Server IO #4/DEBUG] [net.minecraftforge.network.LoginWrapper/FMLHANDSHAKE]: Recieved login wrapper packet event for channel fml:handshake with index 42
[30Apr2025 23:17:50.577] [Netty Epoll Server IO #4/DEBUG] [net.minecraftforge.network.HandshakeHandler/FMLHANDSHAKE]: Received client indexed reply 42 of type net.minecraftforge.network.HandshakeMessages$C2SAcknowledge
[30Apr2025 23:17:50.577] [Netty Epoll Server IO #4/DEBUG] [net.minecraftforge.network.HandshakeHandler/FMLHANDSHAKE]: Received acknowledgement from client
[30Apr2025 23:17:50.577] [Netty Epoll Server IO #4/DEBUG] [net.minecraftforge.network.LoginWrapper/FMLHANDSHAKE]: Recieved login wrapper packet event for channel fml:handshake with index 43
[30Apr2025 23:17:50.577] [Netty Epoll Server IO #4/DEBUG] [net.minecraftforge.network.HandshakeHandler/FMLHANDSHAKE]: Received client indexed reply 43 of type net.minecraftforge.network.HandshakeMessages$C2SAcknowledge
[30Apr2025 23:17:50.577] [Netty Epoll Server IO #4/DEBUG] [net.minecraftforge.network.HandshakeHandler/FMLHANDSHAKE]: Received acknowledgement from client
[30Apr2025 23:17:50.578] [Netty Epoll Server IO #4/DEBUG] [net.minecraftforge.network.LoginWrapper/FMLHANDSHAKE]: Recieved login wrapper packet event for channel fml:handshake with index 44
[30Apr2025 23:17:50.578] [Netty Epoll Server IO #4/DEBUG] [net.minecraftforge.network.HandshakeHandler/FMLHANDSHAKE]: Received client indexed reply 44 of type net.minecraftforge.network.HandshakeMessages$C2SAcknowledge
[30Apr2025 23:17:50.578] [Netty Epoll Server IO #4/DEBUG] [net.minecraftforge.network.HandshakeHandler/FMLHANDSHAKE]: Received acknowledgement from client
[30Apr2025 23:17:50.604] [Server thread/DEBUG] [net.minecraftforge.network.HandshakeHandler/FMLHANDSHAKE]: Handshake complete!
[30Apr2025 23:17:50.689] [Server thread/DEBUG] [mixin/]: Mixing FoodDataMixin from alexscaves.mixins.json into net.minecraft.world.food.FoodData
[30Apr2025 23:17:50.705] [Server thread/DEBUG] [mixin/]: Mixing PlayerAdvancementsAccessor from vampirism.mixins.json into net.minecraft.server.PlayerAdvancements
[30Apr2025 23:17:50.742] [Server thread/INFO] [net.minecraft.server.players.PlayerList/]: Junjo_2[/127.31.59.216:51569] logged in with entity id 349 at (-23.339958311250182, 140.0, 1.1881076529420125)
[30Apr2025 23:17:50.755] [Server thread/DEBUG] [net.minecraftforge.network.filters.NetworkFilters/]: Injected net.minecraftforge.network.filters.ForgeConnectionNetworkFilter@524a7bda into net.minecraft.network.Connection@120aba28
[30Apr2025 23:17:50.921] [Server thread/INFO] [net.minecraft.server.MinecraftServer/]: Junjo_2 joined the game
[30Apr2025 23:17:51.287] [Server thread/DEBUG] [voicechat/]: [voicechat] Setting default state of Junjo_2: {disabled=false, disconnected=true, uuid=9ff7c6fb-a2df-3fb6-a263-3a41791f1af3, name=Junjo_2, group=null}
[30Apr2025 23:17:52.082] [Server thread/INFO] [voicechat/]: [voicechat] Received secret request of Junjo_2 (18)
[30Apr2025 23:17:52.082] [Server thread/DEBUG] [voicechat/]: [voicechat] Sending initial states to Junjo_2
[30Apr2025 23:17:52.083] [Server thread/DEBUG] [voicechat/]: [voicechat] Synchronizing 0 groups with Junjo_2
[30Apr2025 23:17:52.083] [Server thread/DEBUG] [voicechat/]: [voicechat] Synchronizing 0 volume categories with Junjo_2
[30Apr2025 23:17:52.084] [Server thread/INFO] [voicechat/]: [voicechat] Sent secret to Junjo_2
[30Apr2025 23:17:52.374] [Server thread/DEBUG] [de.teamlapen.vampirism.entity.converted.BiteableEntryManager/]: Calculated size 0.58 and blood value 4 for entity alexsmobs:raccoon
[30Apr2025 23:17:56.352] [Server thread/DEBUG] [de.teamlapen.vampirism.entity.converted.BiteableEntryManager/]: Calculated size 1.04 and blood value 7 for entity alexsmobs:froststalker
[30Apr2025 23:17:58.546] [Server thread/DEBUG] [de.teamlapen.vampirism.entity.converted.BiteableEntryManager/]: Calculated size 0.39 and blood value 2 for entity alexsmobs:tasmanian_devil
[30Apr2025 23:17:59.636] [Server thread/DEBUG] [de.teamlapen.vampirism.entity.converted.BiteableEntryManager/]: Calculated size 0.39 and blood value 2 for entity alexsmobs:tasmanian_devil
[30Apr2025 23:17:59.637] [Server thread/DEBUG] [de.teamlapen.vampirism.entity.converted.BiteableEntryManager/]: Calculated size 0.39 and blood value 2 for entity alexsmobs:tasmanian_devil
[30Apr2025 23:17:59.720] [Server thread/DEBUG] [de.teamlapen.vampirism.entity.converted.BiteableEntryManager/]: Calculated size 1.04 and blood value 7 for entity alexsmobs:froststalker
[30Apr2025 23:17:59.721] [Server thread/DEBUG] [de.teamlapen.vampirism.entity.converted.BiteableEntryManager/]: Calculated size 1.04 and blood value 7 for entity alexsmobs:froststalker
[30Apr2025 23:17:59.721] [Server thread/DEBUG] [de.teamlapen.vampirism.entity.converted.BiteableEntryManager/]: Calculated size 1.04 and blood value 7 for entity alexsmobs:froststalker
[30Apr2025 23:17:59.721] [Server thread/DEBUG] [de.teamlapen.vampirism.entity.converted.BiteableEntryManager/]: Calculated size 1.04 and blood value 7 for entity alexsmobs:froststalker
[30Apr2025 23:17:59.721] [Server thread/DEBUG] [de.teamlapen.vampirism.entity.converted.BiteableEntryManager/]: Calculated size 1.04 and blood value 7 for entity alexsmobs:froststalker
[30Apr2025 23:18:00.042] [Server thread/DEBUG] [de.teamlapen.vampirism.entity.converted.BiteableEntryManager/]: Calculated size 0.39 and blood value 2 for entity alexsmobs:tasmanian_devil
[30Apr2025 23:18:01.084] [Server thread/DEBUG] [de.teamlapen.vampirism.entity.converted.BiteableEntryManager/]: Calculated size 0.39 and blood value 2 for entity alexsmobs:tasmanian_devil
[30Apr2025 23:18:01.085] [Server thread/DEBUG] [de.teamlapen.vampirism.entity.converted.BiteableEntryManager/]: Calculated size 0.39 and blood value 2 for entity alexsmobs:tasmanian_devil
[30Apr2025 23:18:18.110] [Server thread/WARN] [net.minecraft.network.syncher.SynchedEntityData/]: defineId called for: class forge.net.mca.entity.ZombieVillagerEntityMCA from class forge.net.mca.util.network.datasync.CDataParameter
[30Apr2025 23:18:18.110] [Server thread/WARN] [net.minecraft.network.syncher.SynchedEntityData/]: defineId called for: class forge.net.mca.entity.ZombieVillagerEntityMCA from class forge.net.mca.util.network.datasync.CDataParameter
[30Apr2025 23:18:18.110] [Server thread/WARN] [net.minecraft.network.syncher.SynchedEntityData/]: defineId called for: class forge.net.mca.entity.ZombieVillagerEntityMCA from class forge.net.mca.util.network.datasync.CDataParameter
[30Apr2025 23:18:18.111] [Server thread/WARN] [net.minecraft.network.syncher.SynchedEntityData/]: defineId called for: class forge.net.mca.entity.ZombieVillagerEntityMCA from class forge.net.mca.util.network.datasync.CDataParameter
[30Apr2025 23:18:18.111] [Server thread/WARN] [net.minecraft.network.syncher.SynchedEntityData/]: defineId called for: class forge.net.mca.entity.ZombieVillagerEntityMCA from class forge.net.mca.util.network.datasync.CDataParameter
[30Apr2025 23:18:18.111] [Server thread/WARN] [net.minecraft.network.syncher.SynchedEntityData/]: defineId called for: class forge.net.mca.entity.ZombieVillagerEntityMCA from class forge.net.mca.util.network.datasync.CDataParameter
[30Apr2025 23:18:18.111] [Server thread/WARN] [net.minecraft.network.syncher.SynchedEntityData/]: defineId called for: class forge.net.mca.entity.ZombieVillagerEntityMCA from class forge.net.mca.util.network.datasync.CDataParameter
[30Apr2025 23:18:18.112] [Server thread/WARN] [net.minecraft.network.syncher.SynchedEntityData/]: defineId called for: class forge.net.mca.entity.ZombieVillagerEntityMCA from class forge.net.mca.util.network.datasync.CEnumParameter
[30Apr2025 23:18:18.112] [Server thread/WARN] [net.minecraft.network.syncher.SynchedEntityData/]: defineId called for: class forge.net.mca.entity.ZombieVillagerEntityMCA from class forge.net.mca.util.network.datasync.CDataParameter
[30Apr2025 23:18:18.112] [Server thread/WARN] [net.minecraft.network.syncher.SynchedEntityData/]: defineId called for: class forge.net.mca.entity.ZombieVillagerEntityMCA from class forge.net.mca.util.network.datasync.CDataParameter
[30Apr2025 23:18:18.112] [Server thread/WARN] [net.minecraft.network.syncher.SynchedEntityData/]: defineId called for: class forge.net.mca.entity.ZombieVillagerEntityMCA from class forge.net.mca.util.network.datasync.CDataParameter
[30Apr2025 23:18:18.113] [Server thread/WARN] [net.minecraft.network.syncher.SynchedEntityData/]: defineId called for: class forge.net.mca.entity.ZombieVillagerEntityMCA from class forge.net.mca.util.network.datasync.CDataParameter
[30Apr2025 23:18:18.113] [Server thread/WARN] [net.minecraft.network.syncher.SynchedEntityData/]: defineId called for: class forge.net.mca.entity.ZombieVillagerEntityMCA from class forge.net.mca.util.network.datasync.CDataParameter
[30Apr2025 23:18:18.113] [Server thread/WARN] [net.minecraft.network.syncher.SynchedEntityData/]: defineId called for: class forge.net.mca.entity.ZombieVillagerEntityMCA from class forge.net.mca.util.network.datasync.CDataParameter
[30Apr2025 23:18:18.114] [Server thread/WARN] [net.minecraft.network.syncher.SynchedEntityData/]: defineId called for: class forge.net.mca.entity.ZombieVillagerEntityMCA from class forge.net.mca.util.network.datasync.CDataParameter
[30Apr2025 23:18:18.114] [Server thread/WARN] [net.minecraft.network.syncher.SynchedEntityData/]: defineId called for: class forge.net.mca.entity.ZombieVillagerEntityMCA from class forge.net.mca.util.network.datasync.CDataParameter
[30Apr2025 23:18:18.114] [Server thread/WARN] [net.minecraft.network.syncher.SynchedEntityData/]: defineId called for: class forge.net.mca.entity.ZombieVillagerEntityMCA from class forge.net.mca.util.network.datasync.CDataParameter
[30Apr2025 23:18:18.114] [Server thread/WARN] [net.minecraft.network.syncher.SynchedEntityData/]: defineId called for: class forge.net.mca.entity.ZombieVillagerEntityMCA from class forge.net.mca.util.network.datasync.CDataParameter
[30Apr2025 23:18:18.114] [Server thread/WARN] [net.minecraft.network.syncher.SynchedEntityData/]: defineId called for: class forge.net.mca.entity.ZombieVillagerEntityMCA from class forge.net.mca.util.network.datasync.CDataParameter
[30Apr2025 23:18:18.115] [Server thread/WARN] [net.minecraft.network.syncher.SynchedEntityData/]: defineId called for: class forge.net.mca.entity.ZombieVillagerEntityMCA from class forge.net.mca.util.network.datasync.CEnumParameter
[30Apr2025 23:18:18.115] [Server thread/WARN] [net.minecraft.network.syncher.SynchedEntityData/]: defineId called for: class forge.net.mca.entity.ZombieVillagerEntityMCA from class forge.net.mca.util.network.datasync.CDataParameter
[30Apr2025 23:18:18.115] [Server thread/WARN] [net.minecraft.network.syncher.SynchedEntityData/]: defineId called for: class forge.net.mca.entity.ZombieVillagerEntityMCA from class forge.net.mca.util.network.datasync.CDataParameter
[30Apr2025 23:18:18.116] [Server thread/WARN] [net.minecraft.network.syncher.SynchedEntityData/]: defineId called for: class forge.net.mca.entity.ZombieVillagerEntityMCA from class forge.net.mca.util.network.datasync.CEnumParameter
[30Apr2025 23:18:18.116] [Server thread/WARN] [net.minecraft.network.syncher.SynchedEntityData/]: defineId called for: class forge.net.mca.entity.ZombieVillagerEntityMCA from class forge.net.mca.util.network.datasync.CDataParameter
[30Apr2025 23:18:18.117] [Server thread/WARN] [net.minecraft.network.syncher.SynchedEntityData/]: defineId called for: class forge.net.mca.entity.ZombieVillagerEntityMCA from class forge.net.mca.util.network.datasync.CEnumParameter
[30Apr2025 23:18:18.117] [Server thread/WARN] [net.minecraft.network.syncher.SynchedEntityData/]: defineId called for: class forge.net.mca.entity.ZombieVillagerEntityMCA from class forge.net.mca.util.network.datasync.CEnumParameter
[30Apr2025 23:18:18.117] [Server thread/WARN] [net.minecraft.network.syncher.SynchedEntityData/]: defineId called for: class forge.net.mca.entity.ZombieVillagerEntityMCA from class forge.net.mca.util.network.datasync.CDataParameter
[30Apr2025 23:18:18.119] [Server thread/WARN] [net.minecraft.network.syncher.SynchedEntityData/]: defineId called for: class forge.net.mca.entity.ZombieVillagerEntityMCA from class forge.net.mca.util.network.datasync.CDataParameter
[30Apr2025 23:18:18.120] [Server thread/WARN] [net.minecraft.network.syncher.SynchedEntityData/]: defineId called for: class forge.net.mca.entity.ZombieVillagerEntityMCA from class forge.net.mca.util.network.datasync.CDataParameter
[30Apr2025 23:18:18.120] [Server thread/WARN] [net.minecraft.network.syncher.SynchedEntityData/]: defineId called for: class forge.net.mca.entity.ZombieVillagerEntityMCA from class forge.net.mca.util.network.datasync.CDataParameter
[30Apr2025 23:18:18.121] [Server thread/WARN] [net.minecraft.network.syncher.SynchedEntityData/]: defineId called for: class forge.net.mca.entity.ZombieVillagerEntityMCA from class forge.net.mca.util.network.datasync.CDataParameter
[30Apr2025 23:18:18.121] [Server thread/WARN] [net.minecraft.network.syncher.SynchedEntityData/]: defineId called for: class forge.net.mca.entity.ZombieVillagerEntityMCA from class forge.net.mca.util.network.datasync.CDataParameter
[30Apr2025 23:18:18.121] [Server thread/WARN] [net.minecraft.network.syncher.SynchedEntityData/]: defineId called for: class forge.net.mca.entity.ZombieVillagerEntityMCA from class forge.net.mca.util.network.datasync.CDataParameter
[30Apr2025 23:18:18.122] [Server thread/WARN] [net.minecraft.network.syncher.SynchedEntityData/]: defineId called for: class forge.net.mca.entity.ZombieVillagerEntityMCA from class forge.net.mca.util.network.datasync.CDataParameter
[30Apr2025 23:18:18.122] [Server thread/WARN] [net.minecraft.network.syncher.SynchedEntityData/]: defineId called for: class forge.net.mca.entity.ZombieVillagerEntityMCA from class forge.net.mca.util.network.datasync.CDataParameter
[30Apr2025 23:18:18.122] [Server thread/WARN] [net.minecraft.network.syncher.SynchedEntityData/]: defineId called for: class forge.net.mca.entity.ZombieVillagerEntityMCA from class forge.net.mca.util.network.datasync.CDataParameter
[30Apr2025 23:18:18.122] [Server thread/WARN] [net.minecraft.network.syncher.SynchedEntityData/]: defineId called for: class forge.net.mca.entity.ZombieVillagerEntityMCA from class forge.net.mca.util.network.datasync.CDataParameter
[30Apr2025 23:18:22.101] [Server thread/DEBUG] [de.teamlapen.vampirism.entity.converted.BiteableEntryManager/]: Calculated size 1.73 and blood value 12 for entity alexsmobs:gelada_monkey
[30Apr2025 23:18:23.816] [Server thread/DEBUG] [de.teamlapen.vampirism.entity.converted.BiteableEntryManager/]: Calculated size 0.29 and blood value 0 for entity alexsmobs:sugar_glider
[30Apr2025 23:18:24.297] [Server thread/DEBUG] [de.teamlapen.vampirism.entity.converted.BiteableEntryManager/]: Calculated size 1.73 and blood value 12 for entity alexsmobs:gelada_monkey
[30Apr2025 23:18:24.298] [Server thread/DEBUG] [de.teamlapen.vampirism.entity.converted.BiteableEntryManager/]: Calculated size 1.73 and blood value 12 for entity alexsmobs:gelada_monkey
[30Apr2025 23:18:24.298] [Server thread/DEBUG] [de.teamlapen.vampirism.entity.converted.BiteableEntryManager/]: Calculated size 1.73 and blood value 12 for entity alexsmobs:gelada_monkey
[30Apr2025 23:18:28.136] [Server thread/DEBUG] [de.teamlapen.vampirism.entity.converted.BiteableEntryManager/]: Calculated size 11.34 and blood value 15 for entity alexsmobs:sunbird
[30Apr2025 23:18:36.920] [Server thread/INFO] [net.minecraft.server.MinecraftServer/]: [Junjo_2: Set own game mode to Creative Mode]
[30Apr2025 23:18:43.161] [Server thread/INFO] [net.minecraft.server.MinecraftServer/]: Junjo_2 has made the advancement [Fruits of the Field]
[30Apr2025 23:18:56.600] [Server thread/DEBUG] [de.teamlapen.vampirism.entity.converted.BiteableEntryManager/]: Calculated size 0.81 and blood value 5 for entity born_in_chaos_v1:thornshell_crab
[30Apr2025 23:18:57.156] [Server thread/DEBUG] [de.teamlapen.vampirism.entity.converted.BiteableEntryManager/]: Calculated size 0.29 and blood value 0 for entity alexsmobs:potoo
[30Apr2025 23:19:39.886] [Server thread/DEBUG] [net.minecraftforge.common.ForgeHooks/WP]: Gathering id map for writing to world save world
[30Apr2025 23:19:39.920] [Server thread/DEBUG] [net.minecraftforge.common.ForgeHooks/WP]: ID Map collection complete world
[30Apr2025 23:20:08.706] [Server thread/INFO] [net.minecraft.server.MinecraftServer/]: Junjo_2 has reached the goal [Sky's the Limit]
[30Apr2025 23:20:18.507] [Server thread/DEBUG] [de.teamlapen.vampirism.entity.converted.BiteableEntryManager/]: Calculated size 0.15 and blood value 0 for entity goblins_tyranny:glitteron
[30Apr2025 23:22:35.107] [Server thread/INFO] [net.minecraft.server.MinecraftServer/]: Unknown or incomplete command, see below for error
[30Apr2025 23:22:35.108] [Server thread/INFO] [net.minecraft.server.MinecraftServer/]: unop Junjo_2<--[HERE]
