[30Apr2025 15:10:39.993] [main/INFO] [cpw.mods.modlauncher.Launcher/MODLAUNCHER]: ModLauncher running: args [--launchTarget, forgeserver, --fml.forgeVersion, 47.3.7, --fml.mcVersion, 1.20.1, --fml.forgeGroup, net.minecraftforge, --fml.mcpVersion, 20230612.114412, nogui]
[30Apr2025 15:10:39.996] [main/INFO] [cpw.mods.modlauncher.Launcher/MODLAUNCHER]: ModLauncher 10.0.9+10.0.9+main.dcd20f30 starting: java version 17.0.14 by Ubuntu; OS Linux arch amd64 version 6.8.0-1026-azure
[30Apr2025 15:10:41.421] [main/INFO] [net.minecraftforge.fml.loading.ImmediateWindowHandler/]: ImmediateWindowProvider not loading because launch target is forgeserver
[30Apr2025 15:10:41.476] [main/INFO] [mixin/]: SpongePowered MIXIN Subsystem Version=0.8.5 Source=union:/workspaces/MSX/servidor_minecraft/libraries/org/spongepowered/mixin/0.8.5/mixin-0.8.5.jar%2365!/ Service=ModLauncher Env=SERVER
[30Apr2025 15:10:41.956] [main/WARN] [net.minecraftforge.fml.loading.moddiscovery.ModFileParser/LOADING]: Mod file /workspaces/MSX/servidor_minecraft/libraries/net/minecraftforge/fmlcore/1.20.1-47.3.7/fmlcore-1.20.1-47.3.7.jar is missing mods.toml file
[30Apr2025 15:10:41.958] [main/WARN] [net.minecraftforge.fml.loading.moddiscovery.ModFileParser/LOADING]: Mod file /workspaces/MSX/servidor_minecraft/libraries/net/minecraftforge/javafmllanguage/1.20.1-47.3.7/javafmllanguage-1.20.1-47.3.7.jar is missing mods.toml file
[30Apr2025 15:10:41.959] [main/WARN] [net.minecraftforge.fml.loading.moddiscovery.ModFileParser/LOADING]: Mod file /workspaces/MSX/servidor_minecraft/libraries/net/minecraftforge/lowcodelanguage/1.20.1-47.3.7/lowcodelanguage-1.20.1-47.3.7.jar is missing mods.toml file
[30Apr2025 15:10:41.960] [main/WARN] [net.minecraftforge.fml.loading.moddiscovery.ModFileParser/LOADING]: Mod file /workspaces/MSX/servidor_minecraft/libraries/net/minecraftforge/mclanguage/1.20.1-47.3.7/mclanguage-1.20.1-47.3.7.jar is missing mods.toml file
[30Apr2025 15:10:42.181] [main/INFO] [net.minecraftforge.fml.loading.moddiscovery.JarInJarDependencyLocator/]: Found 7 dependencies adding them to mods collection
[30Apr2025 15:10:44.858] [main/INFO] [mixin/]: Compatibility level set to JAVA_17
[30Apr2025 15:10:44.996] [main/INFO] [cpw.mods.modlauncher.LaunchServiceHandler/MODLAUNCHER]: Launching target 'forgeserver' with arguments [nogui]
[30Apr2025 15:10:47.230] [main/INFO] [MixinExtras|Service/]: Initializing MixinExtras via com.llamalad7.mixinextras.service.MixinExtrasServiceImpl(version=0.4.1).
[30Apr2025 15:10:54.523] [main/WARN] [mixin/]: Mixin alexscaves.mixins.json:SwampHutPieceMixin has multiple constructors, (Lnet/minecraft/world/level/levelgen/structure/pieces/StructurePieceType;IIIIIILnet/minecraft/core/Direction;)V was selected

[30Apr2025 15:10:55.545] [modloading-worker-0/INFO] [net.minecraftforge.common.ForgeMod/FORGEMOD]: Forge mod loading, version 47.3.7, for MC 1.20.1 with MCP 20230612.114412
[30Apr2025 15:10:55.546] [modloading-worker-0/INFO] [net.minecraftforge.common.MinecraftForge/FORGE]: MinecraftForge v47.3.7 Initialized
[30Apr2025 15:10:57.178] [modloading-worker-0/INFO] [com.autovw.advancednetherite.AdvancedNetherite/]: Initializing platform helper for Advanced Netherite!
[30Apr2025 15:10:57.401] [modloading-worker-0/INFO] [dev.architectury.networking.forge.NetworkManagerImpl/]: Registering C2S receiver with id architectury:sync_ids
[30Apr2025 15:10:57.725] [modloading-worker-0/INFO] [dev.architectury.networking.forge.NetworkManagerImpl/]: Registering C2S receiver with id brewery:alcohol_sync_request
[30Apr2025 15:10:57.728] [modloading-worker-0/INFO] [dev.architectury.networking.forge.NetworkManagerImpl/]: Registering C2S receiver with id brewery:drink_alcohol
[30Apr2025 15:10:57.875] [modloading-worker-0/INFO] [wan_ancient_beasts/]: Welcome to Wan Ancient Beasts Mod [1.1.5 for 1.20.1]
[30Apr2025 15:11:07.907] [main/WARN] [dev.architectury.registry.registries.forge.RegistrarManagerImpl/]: Registry entry listened Registry Entry [minecraft:entity_type / vinery:wandering_winemaker] was not realized!
[30Apr2025 15:11:07.907] [main/WARN] [dev.architectury.registry.registries.forge.RegistrarManagerImpl/]: Registry entry listened Registry Entry [minecraft:entity_type / vinery:mule] was not realized!
[30Apr2025 15:11:07.907] [main/WARN] [dev.architectury.registry.registries.forge.RegistrarManagerImpl/]: Registry entry listened Registry Entry [minecraft:entity_type / brewery:beer_elemental] was not realized!
[30Apr2025 15:11:07.908] [main/WARN] [dev.architectury.registry.registries.forge.RegistrarManagerImpl/]: Registry entry listened Registry Entry [minecraft:entity_type / vinery:wandering_winemaker] was not realized!
[30Apr2025 15:11:07.908] [main/WARN] [dev.architectury.registry.registries.forge.RegistrarManagerImpl/]: Registry entry listened Registry Entry [minecraft:entity_type / vinery:mule] was not realized!
[30Apr2025 15:11:07.908] [main/WARN] [dev.architectury.registry.registries.forge.RegistrarManagerImpl/]: Registry entry listened Registry Entry [minecraft:entity_type / brewery:beer_elemental] was not realized!
[30Apr2025 15:11:07.911] [main/WARN] [dev.architectury.registry.registries.forge.RegistrarManagerImpl/]: Registry entry listened Registry Entry [minecraft:entity_type / vinery:wandering_winemaker] was not realized!
[30Apr2025 15:11:07.911] [main/WARN] [dev.architectury.registry.registries.forge.RegistrarManagerImpl/]: Registry entry listened Registry Entry [minecraft:entity_type / vinery:mule] was not realized!
[30Apr2025 15:11:07.911] [main/WARN] [dev.architectury.registry.registries.forge.RegistrarManagerImpl/]: Registry entry listened Registry Entry [minecraft:entity_type / brewery:beer_elemental] was not realized!
[30Apr2025 15:11:07.915] [main/WARN] [dev.architectury.registry.registries.forge.RegistrarManagerImpl/]: Registry entry listened Registry Entry [minecraft:entity_type / brewery:beer_elemental] was not realized!
[30Apr2025 15:11:08.552] [main/WARN] [net.minecraft.network.syncher.SynchedEntityData/]: defineId called for: class com.github.alexmodguy.alexscaves.server.entity.living.TremorzillaEntity from class com.github.alexmodguy.alexscaves.server.entity.living.LicowitchEntity
[30Apr2025 15:11:08.566] [main/WARN] [net.minecraft.network.syncher.SynchedEntityData/]: defineId called for: class net.mcreator.borninchaosv.entity.BabySpiderEntity from class net.mcreator.borninchaosv.entity.MotherSpiderEntity
[30Apr2025 15:11:08.602] [main/WARN] [net.minecraft.network.syncher.SynchedEntityData/]: defineId called for: class forge.net.mca.entity.VillagerEntityMCA from class forge.net.mca.util.network.datasync.CDataParameter
[30Apr2025 15:11:08.603] [main/WARN] [net.minecraft.network.syncher.SynchedEntityData/]: defineId called for: class forge.net.mca.entity.VillagerEntityMCA from class forge.net.mca.util.network.datasync.CDataParameter
[30Apr2025 15:11:08.603] [main/WARN] [net.minecraft.network.syncher.SynchedEntityData/]: defineId called for: class forge.net.mca.entity.VillagerEntityMCA from class forge.net.mca.util.network.datasync.CDataParameter
[30Apr2025 15:11:08.604] [main/WARN] [net.minecraft.network.syncher.SynchedEntityData/]: defineId called for: class forge.net.mca.entity.VillagerEntityMCA from class forge.net.mca.util.network.datasync.CDataParameter
[30Apr2025 15:11:08.604] [main/WARN] [net.minecraft.network.syncher.SynchedEntityData/]: defineId called for: class forge.net.mca.entity.VillagerEntityMCA from class forge.net.mca.util.network.datasync.CDataParameter
[30Apr2025 15:11:08.605] [main/WARN] [net.minecraft.network.syncher.SynchedEntityData/]: defineId called for: class forge.net.mca.entity.VillagerEntityMCA from class forge.net.mca.util.network.datasync.CDataParameter
[30Apr2025 15:11:08.605] [main/WARN] [net.minecraft.network.syncher.SynchedEntityData/]: defineId called for: class forge.net.mca.entity.VillagerEntityMCA from class forge.net.mca.util.network.datasync.CDataParameter
[30Apr2025 15:11:08.605] [main/WARN] [net.minecraft.network.syncher.SynchedEntityData/]: defineId called for: class forge.net.mca.entity.VillagerEntityMCA from class forge.net.mca.util.network.datasync.CEnumParameter
[30Apr2025 15:11:08.607] [main/WARN] [net.minecraft.network.syncher.SynchedEntityData/]: defineId called for: class forge.net.mca.entity.VillagerEntityMCA from class forge.net.mca.util.network.datasync.CDataParameter
[30Apr2025 15:11:08.608] [main/WARN] [net.minecraft.network.syncher.SynchedEntityData/]: defineId called for: class forge.net.mca.entity.VillagerEntityMCA from class forge.net.mca.util.network.datasync.CDataParameter
[30Apr2025 15:11:08.608] [main/WARN] [net.minecraft.network.syncher.SynchedEntityData/]: defineId called for: class forge.net.mca.entity.VillagerEntityMCA from class forge.net.mca.util.network.datasync.CDataParameter
[30Apr2025 15:11:08.609] [main/WARN] [net.minecraft.network.syncher.SynchedEntityData/]: defineId called for: class forge.net.mca.entity.VillagerEntityMCA from class forge.net.mca.util.network.datasync.CDataParameter
[30Apr2025 15:11:08.610] [main/WARN] [net.minecraft.network.syncher.SynchedEntityData/]: defineId called for: class forge.net.mca.entity.VillagerEntityMCA from class forge.net.mca.util.network.datasync.CDataParameter
[30Apr2025 15:11:08.610] [main/WARN] [net.minecraft.network.syncher.SynchedEntityData/]: defineId called for: class forge.net.mca.entity.VillagerEntityMCA from class forge.net.mca.util.network.datasync.CDataParameter
[30Apr2025 15:11:08.611] [main/WARN] [net.minecraft.network.syncher.SynchedEntityData/]: defineId called for: class forge.net.mca.entity.VillagerEntityMCA from class forge.net.mca.util.network.datasync.CDataParameter
[30Apr2025 15:11:08.611] [main/WARN] [net.minecraft.network.syncher.SynchedEntityData/]: defineId called for: class forge.net.mca.entity.VillagerEntityMCA from class forge.net.mca.util.network.datasync.CDataParameter
[30Apr2025 15:11:08.612] [main/WARN] [net.minecraft.network.syncher.SynchedEntityData/]: defineId called for: class forge.net.mca.entity.VillagerEntityMCA from class forge.net.mca.util.network.datasync.CDataParameter
[30Apr2025 15:11:08.612] [main/WARN] [net.minecraft.network.syncher.SynchedEntityData/]: defineId called for: class forge.net.mca.entity.VillagerEntityMCA from class forge.net.mca.util.network.datasync.CDataParameter
[30Apr2025 15:11:08.612] [main/WARN] [net.minecraft.network.syncher.SynchedEntityData/]: defineId called for: class forge.net.mca.entity.VillagerEntityMCA from class forge.net.mca.util.network.datasync.CDataParameter
[30Apr2025 15:11:08.612] [main/WARN] [net.minecraft.network.syncher.SynchedEntityData/]: defineId called for: class forge.net.mca.entity.VillagerEntityMCA from class forge.net.mca.util.network.datasync.CEnumParameter
[30Apr2025 15:11:08.613] [main/WARN] [net.minecraft.network.syncher.SynchedEntityData/]: defineId called for: class forge.net.mca.entity.VillagerEntityMCA from class forge.net.mca.util.network.datasync.CDataParameter
[30Apr2025 15:11:08.617] [main/WARN] [net.minecraft.network.syncher.SynchedEntityData/]: defineId called for: class forge.net.mca.entity.VillagerEntityMCA from class forge.net.mca.util.network.datasync.CDataParameter
[30Apr2025 15:11:08.618] [main/WARN] [net.minecraft.network.syncher.SynchedEntityData/]: defineId called for: class forge.net.mca.entity.VillagerEntityMCA from class forge.net.mca.util.network.datasync.CEnumParameter
[30Apr2025 15:11:08.618] [main/WARN] [net.minecraft.network.syncher.SynchedEntityData/]: defineId called for: class forge.net.mca.entity.VillagerEntityMCA from class forge.net.mca.util.network.datasync.CDataParameter
[30Apr2025 15:11:08.618] [main/WARN] [net.minecraft.network.syncher.SynchedEntityData/]: defineId called for: class forge.net.mca.entity.VillagerEntityMCA from class forge.net.mca.util.network.datasync.CEnumParameter
[30Apr2025 15:11:08.618] [main/WARN] [net.minecraft.network.syncher.SynchedEntityData/]: defineId called for: class forge.net.mca.entity.VillagerEntityMCA from class forge.net.mca.util.network.datasync.CEnumParameter
[30Apr2025 15:11:08.619] [main/WARN] [net.minecraft.network.syncher.SynchedEntityData/]: defineId called for: class forge.net.mca.entity.VillagerEntityMCA from class forge.net.mca.util.network.datasync.CDataParameter
[30Apr2025 15:11:08.620] [main/WARN] [net.minecraft.network.syncher.SynchedEntityData/]: defineId called for: class forge.net.mca.entity.VillagerEntityMCA from class forge.net.mca.util.network.datasync.CDataParameter
[30Apr2025 15:11:08.620] [main/WARN] [net.minecraft.network.syncher.SynchedEntityData/]: defineId called for: class forge.net.mca.entity.VillagerEntityMCA from class forge.net.mca.util.network.datasync.CDataParameter
[30Apr2025 15:11:08.621] [main/WARN] [net.minecraft.network.syncher.SynchedEntityData/]: defineId called for: class forge.net.mca.entity.VillagerEntityMCA from class forge.net.mca.util.network.datasync.CDataParameter
[30Apr2025 15:11:08.621] [main/WARN] [net.minecraft.network.syncher.SynchedEntityData/]: defineId called for: class forge.net.mca.entity.VillagerEntityMCA from class forge.net.mca.util.network.datasync.CDataParameter
[30Apr2025 15:11:08.623] [main/WARN] [net.minecraft.network.syncher.SynchedEntityData/]: defineId called for: class forge.net.mca.entity.VillagerEntityMCA from class forge.net.mca.util.network.datasync.CDataParameter
[30Apr2025 15:11:08.628] [main/WARN] [net.minecraft.network.syncher.SynchedEntityData/]: defineId called for: class forge.net.mca.entity.VillagerEntityMCA from class forge.net.mca.util.network.datasync.CDataParameter
[30Apr2025 15:11:08.628] [main/WARN] [net.minecraft.network.syncher.SynchedEntityData/]: defineId called for: class forge.net.mca.entity.VillagerEntityMCA from class forge.net.mca.util.network.datasync.CDataParameter
[30Apr2025 15:11:08.630] [main/WARN] [net.minecraft.network.syncher.SynchedEntityData/]: defineId called for: class forge.net.mca.entity.VillagerEntityMCA from class forge.net.mca.util.network.datasync.CDataParameter
[30Apr2025 15:11:08.630] [main/WARN] [net.minecraft.network.syncher.SynchedEntityData/]: defineId called for: class forge.net.mca.entity.VillagerEntityMCA from class forge.net.mca.util.network.datasync.CDataParameter
[30Apr2025 15:11:08.631] [main/WARN] [net.minecraft.network.syncher.SynchedEntityData/]: defineId called for: class forge.net.mca.entity.VillagerEntityMCA from class forge.net.mca.util.network.datasync.CDataParameter
[30Apr2025 15:11:08.632] [main/WARN] [net.minecraft.network.syncher.SynchedEntityData/]: defineId called for: class forge.net.mca.entity.GrimReaperEntity from class forge.net.mca.util.network.datasync.CEnumParameter
[30Apr2025 15:11:08.846] [Forge Version Check/INFO] [net.minecraftforge.fml.VersionChecker/]: [forge] Starting version check at https://files.minecraftforge.net/net/minecraftforge/forge/promotions_slim.json
[30Apr2025 15:11:08.865] [modloading-worker-0/INFO] [voicechat/]: [voicechat] Compatibility version 18
[30Apr2025 15:11:09.023] [modloading-worker-0/INFO] [voicechat/]: [voicechat] Loading plugins
[30Apr2025 15:11:09.055] [modloading-worker-0/INFO] [voicechat/]: [voicechat] Loaded 0 plugin(s)
[30Apr2025 15:11:09.057] [modloading-worker-0/INFO] [voicechat/]: [voicechat] Initializing plugins
[30Apr2025 15:11:09.057] [modloading-worker-0/INFO] [voicechat/]: [voicechat] Initialized 0 plugin(s)
[30Apr2025 15:11:09.117] [Forge Version Check/INFO] [net.minecraftforge.fml.VersionChecker/]: [forge] Found status: OUTDATED Current: 47.3.7 Target: 47.4.0
[30Apr2025 15:11:09.117] [Forge Version Check/INFO] [net.minecraftforge.fml.VersionChecker/]: [twilightforest] Starting version check at https://gh.tamaized.com/TeamTwilight/twilightforest/update.json
[30Apr2025 15:11:09.331] [Forge Version Check/INFO] [net.minecraftforge.fml.VersionChecker/]: [twilightforest] Found status: UP_TO_DATE Current: 4.3.1893 Target: null
[30Apr2025 15:11:09.332] [Forge Version Check/INFO] [net.minecraftforge.fml.VersionChecker/]: [voicechat] Starting version check at https://update.maxhenkel.de/forge/voicechat
[30Apr2025 15:11:09.332] [main/INFO] [wan_ancient_beasts/]: Hello World from Wan's Ancient Beasts Server Side
[30Apr2025 15:11:09.342] [main/INFO] [de.teamlapen.vampirism.core.ModEffects/]: Fixing vanilla night vision potion types
[30Apr2025 15:11:09.388] [modloading-worker-0/INFO] [io.redspace.ironsspellbooks.IronsSpellbooks/]: Got IMC []
[30Apr2025 15:11:09.411] [main/INFO] [de.teamlapen.vampirism.core.ModEffects/]: Fixing vanilla night vision potion types
[30Apr2025 15:11:09.843] [Forge Version Check/INFO] [net.minecraftforge.fml.VersionChecker/]: [voicechat] Found status: AHEAD Current: 1.20.1-2.5.30 Target: null
[30Apr2025 15:11:09.845] [Forge Version Check/INFO] [net.minecraftforge.fml.VersionChecker/]: [advancednetherite] Starting version check at https://raw.githubusercontent.com/Autovw/ModUpdates/master/advancednetherite/update.json
[30Apr2025 15:11:09.864] [Forge Version Check/INFO] [net.minecraftforge.fml.VersionChecker/]: [advancednetherite] Found status: BETA Current: 2.1.3 Target: 2.1.3
[30Apr2025 15:11:09.866] [Forge Version Check/INFO] [net.minecraftforge.fml.VersionChecker/]: [vampirism] Starting version check at https://api.modrinth.com/updates/vampirism/forge_updates.json
[30Apr2025 15:11:10.007] [Forge Version Check/INFO] [net.minecraftforge.fml.VersionChecker/]: [vampirism] Found status: UP_TO_DATE Current: 1.10.13 Target: null
[30Apr2025 15:11:10.007] [Forge Version Check/INFO] [net.minecraftforge.fml.VersionChecker/]: [ad_astra] Starting version check at https://api.modrinth.com/updates/3ufwT9JF/forge_updates.json
[30Apr2025 15:11:10.066] [Forge Version Check/INFO] [net.minecraftforge.fml.VersionChecker/]: [ad_astra] Found status: UP_TO_DATE Current: 1.15.20 Target: null
[30Apr2025 15:11:16.224] [main/INFO] [com.mojang.authlib.yggdrasil.YggdrasilAuthenticationService/]: Environment: authHost='https://authserver.mojang.com', accountsHost='https://api.mojang.com', sessionHost='https://sessionserver.mojang.com', servicesHost='https://api.minecraftservices.com', name='PROD'
[30Apr2025 15:11:16.308] [main/WARN] [io.redspace.ironsspellbooks.IronsSpellbooks/]: DataFixLevelStorageSourceMixin failed to load ./world/level.dat, ./world/level.dat (No such file or directory)
[30Apr2025 15:11:16.309] [main/WARN] [io.redspace.ironsspellbooks.IronsSpellbooks/]: DataFixLevelStorageSourceMixin failed to load ./world/level.dat, ./world/level.dat (No such file or directory)
[30Apr2025 15:11:16.322] [main/WARN] [net.minecraft.server.packs.VanillaPackResourcesBuilder/]: Assets URL 'union:/workspaces/MSX/servidor_minecraft/libraries/net/minecraft/server/1.20.1-20230612.114412/server-1.20.1-20230612.114412-srg.jar%23183!/assets/.mcassetsroot' uses unexpected schema
[30Apr2025 15:11:16.322] [main/WARN] [net.minecraft.server.packs.VanillaPackResourcesBuilder/]: Assets URL 'union:/workspaces/MSX/servidor_minecraft/libraries/net/minecraft/server/1.20.1-20230612.114412/server-1.20.1-20230612.114412-srg.jar%23183!/data/.mcassetsroot' uses unexpected schema
[30Apr2025 15:11:16.329] [main/WARN] [io.redspace.ironsspellbooks.IronsSpellbooks/]: DataFixLevelStorageSourceMixin failed to load ./world/level.dat, ./world/level.dat (No such file or directory)
[30Apr2025 15:11:16.385] [main/INFO] [net.minecraft.server.MinecraftServer/]: Found new data pack alexscaves_compat, loading it automatically
[30Apr2025 15:11:16.386] [main/INFO] [net.minecraft.server.MinecraftServer/]: Found new data pack alexsmobs_compat, loading it automatically
[30Apr2025 15:11:16.434] [main/INFO] [com.teamabnormals.blueprint.core.Blueprint/]: Successfully loaded 0 data remolders!
[30Apr2025 15:11:17.747] [main/INFO] [de.teamlapen.vampirism.world.biome.OverworldModifications/]: Adding biome vampirism:vampire_forest to ParameterPoints [ParameterPoint[temperature=[-4000--1900], humidity=[1000-3000], continentalness=[-1100-5500], erosion=[-3750--2225], depth=0, weirdness=[-5666--500], offset=0], ParameterPoint[temperature=[-4000--1900], humidity=[1000-3000], continentalness=[-1100-5500], erosion=[-3750--2225], depth=0, weirdness=[500-4000], offset=0]] in Preset.OVERWORLD
[30Apr2025 15:11:18.106] [main/WARN] [io.redspace.ironsspellbooks.IronsSpellbooks/]: DataFixLevelStorageSourceMixin failed to load ./world/level.dat, ./world/level.dat (No such file or directory)
[30Apr2025 15:11:18.513] [main/INFO] [com.github.alexthe666.alexsmobs.AlexsMobs/]: Adding datapack listener capsid_recipes
[30Apr2025 15:11:18.616] [Worker-Main-4/ERROR] [net.minecraft.tags.TagLoader/]: Couldn't load tag blueprint:generates_overrides as it is missing following references: unusualend:prismalite_gem (from unusualend-2.3.0-forge-1.20.1.jar), 
	unusualend:shiny_crystal (from unusualend-2.3.0-forge-1.20.1.jar), 
	unusualend:citrine_chunk (from unusualend-2.3.0-forge-1.20.1.jar), 
	unusualend:pearlescent_ingot (from unusualend-2.3.0-forge-1.20.1.jar)
[30Apr2025 15:11:18.762] [Worker-Main-4/ERROR] [net.minecraft.tags.TagLoader/]: Couldn't load tag unusualend:void_tracker_located as it is missing following references: unusualend:gloopy_citadel (from unusualend-2.3.0-forge-1.20.1.jar)
[30Apr2025 15:11:18.762] [Worker-Main-4/ERROR] [net.minecraft.tags.TagLoader/]: Couldn't load tag minecraft:void_tracker_located as it is missing following references: minecraft: (from unusualend-2.3.0-forge-1.20.1.jar)
[30Apr2025 15:11:20.043] [main/INFO] [com.teamabnormals.blueprint.core.Blueprint/]: Loot Modification Manager has loaded 0 modifier groups
[30Apr2025 15:11:20.158] [main/INFO] [net.minecraft.world.item.crafting.RecipeManager/]: Skipping loading recipe twilightforest:jeed/poison as it's serializer returned null
[30Apr2025 15:11:20.199] [main/INFO] [net.minecraft.world.item.crafting.RecipeManager/]: Skipping loading recipe vampirism:general/umbrella as it's serializer returned null
[30Apr2025 15:11:20.210] [main/ERROR] [net.minecraft.world.item.crafting.RecipeManager/]: Parsing error loading recipe irons_spellbooks:curios/concentration_amulet
com.google.gson.JsonSyntaxException: Unknown item 'irons_spellbooks:mithril_ingot'
	at net.minecraft.world.item.crafting.ShapedRecipe.m_151280_(ShapedRecipe.java:292) ~[server-1.20.1-20230612.114412-srg.jar%23183!/:?]
	at java.util.Optional.orElseThrow(Optional.java:403) ~[?:?]
	at net.minecraft.world.item.crafting.ShapedRecipe.m_151278_(ShapedRecipe.java:291) ~[server-1.20.1-20230612.114412-srg.jar%23183!/:?]
	at net.minecraft.world.item.crafting.Ingredient.m_43919_(Ingredient.java:219) ~[server-1.20.1-20230612.114412-srg.jar%23183!/:?]
	at net.minecraftforge.common.crafting.VanillaIngredientSerializer.parse(VanillaIngredientSerializer.java:27) ~[forge-1.20.1-47.3.7-universal.jar%23188!/:?]
	at net.minecraftforge.common.crafting.CraftingHelper.getIngredient(CraftingHelper.java:148) ~[forge-1.20.1-47.3.7-universal.jar%23188!/:?]
	at net.minecraft.world.item.crafting.Ingredient.m_288218_(Ingredient.java:194) ~[server-1.20.1-20230612.114412-srg.jar%23183!/:?]
	at net.minecraft.world.item.crafting.ShapedRecipe.m_44210_(ShapedRecipe.java:278) ~[server-1.20.1-20230612.114412-srg.jar%23183!/:?]
	at net.minecraft.world.item.crafting.ShapedRecipe$Serializer.m_6729_(ShapedRecipe.java:306) ~[server-1.20.1-20230612.114412-srg.jar%23183!/:?]
	at net.minecraft.world.item.crafting.ShapedRecipe$Serializer.m_6729_(ShapedRecipe.java:301) ~[server-1.20.1-20230612.114412-srg.jar%23183!/:?]
	at net.minecraftforge.common.extensions.IForgeRecipeSerializer.fromJson(IForgeRecipeSerializer.java:23) ~[forge-1.20.1-47.3.7-universal.jar%23188!/:?]
	at net.minecraft.world.item.crafting.RecipeManager.fromJson(RecipeManager.java:171) ~[server-1.20.1-20230612.114412-srg.jar%23183!/:?]
	at net.minecraft.world.item.crafting.RecipeManager.m_5787_(RecipeManager.java:67) ~[server-1.20.1-20230612.114412-srg.jar%23183!/:?]
	at net.minecraft.world.item.crafting.RecipeManager.m_5787_(RecipeManager.java:34) ~[server-1.20.1-20230612.114412-srg.jar%23183!/:?]
	at net.minecraft.server.packs.resources.SimplePreparableReloadListener.m_10789_(SimplePreparableReloadListener.java:13) ~[server-1.20.1-20230612.114412-srg.jar%23183!/:?]
	at java.util.concurrent.CompletableFuture$UniAccept.tryFire(CompletableFuture.java:718) ~[?:?]
	at java.util.concurrent.CompletableFuture$Completion.run(CompletableFuture.java:482) ~[?:?]
	at net.minecraft.server.packs.resources.SimpleReloadInstance.m_143940_(SimpleReloadInstance.java:69) ~[server-1.20.1-20230612.114412-srg.jar%23183!/:?]
	at net.minecraft.Util.m_214652_(Util.java:783) ~[server-1.20.1-20230612.114412-srg.jar%23183!/:?]
	at net.minecraft.Util.m_214679_(Util.java:772) ~[server-1.20.1-20230612.114412-srg.jar%23183!/:?]
	at net.minecraft.server.Main.main(Main.java:166) ~[server-1.20.1-20230612.114412-srg.jar%23183!/:?]
	at jdk.internal.reflect.NativeMethodAccessorImpl.invoke0(Native Method) ~[?:?]
	at jdk.internal.reflect.NativeMethodAccessorImpl.invoke(NativeMethodAccessorImpl.java:77) ~[?:?]
	at jdk.internal.reflect.DelegatingMethodAccessorImpl.invoke(DelegatingMethodAccessorImpl.java:43) ~[?:?]
	at java.lang.reflect.Method.invoke(Method.java:569) ~[?:?]
	at net.minecraftforge.fml.loading.targets.CommonLaunchHandler.runTarget(CommonLaunchHandler.java:111) ~[fmlloader-1.20.1-47.3.7.jar%2369!/:?]
	at net.minecraftforge.fml.loading.targets.CommonLaunchHandler.serverService(CommonLaunchHandler.java:103) ~[fmlloader-1.20.1-47.3.7.jar%2369!/:?]
	at net.minecraftforge.fml.loading.targets.CommonServerLaunchHandler.lambda$makeService$0(CommonServerLaunchHandler.java:27) ~[fmlloader-1.20.1-47.3.7.jar%2369!/:?]
	at cpw.mods.modlauncher.LaunchServiceHandlerDecorator.launch(LaunchServiceHandlerDecorator.java:30) ~[modlauncher-10.0.9.jar%2355!/:?]
	at cpw.mods.modlauncher.LaunchServiceHandler.launch(LaunchServiceHandler.java:53) ~[modlauncher-10.0.9.jar%2355!/:?]
	at cpw.mods.modlauncher.LaunchServiceHandler.launch(LaunchServiceHandler.java:71) ~[modlauncher-10.0.9.jar%2355!/:?]
	at cpw.mods.modlauncher.Launcher.run(Launcher.java:108) ~[modlauncher-10.0.9.jar%2355!/:?]
	at cpw.mods.modlauncher.Launcher.main(Launcher.java:78) ~[modlauncher-10.0.9.jar%2355!/:?]
	at cpw.mods.modlauncher.BootstrapLaunchConsumer.accept(BootstrapLaunchConsumer.java:26) ~[modlauncher-10.0.9.jar%2355!/:?]
	at cpw.mods.modlauncher.BootstrapLaunchConsumer.accept(BootstrapLaunchConsumer.java:23) ~[modlauncher-10.0.9.jar%2355!/:?]
	at cpw.mods.bootstraplauncher.BootstrapLauncher.main(BootstrapLauncher.java:141) ~[bootstraplauncher-1.1.2.jar:?]
[30Apr2025 15:11:20.255] [main/INFO] [net.minecraft.world.item.crafting.RecipeManager/]: Skipping loading recipe twilightforest:jeed/frosted as it's serializer returned null
[30Apr2025 15:11:20.269] [main/INFO] [net.minecraft.world.item.crafting.RecipeManager/]: Skipping loading recipe twilightforest:jeed/hunger as it's serializer returned null
[30Apr2025 15:11:20.283] [main/ERROR] [net.minecraft.world.item.crafting.RecipeManager/]: Parsing error loading recipe alexsdelight:barbecue_on_a_stick
com.google.gson.JsonSyntaxException: Unknown item 'amfd:singular_cooked_moose_rib'
	at net.minecraft.world.item.crafting.ShapedRecipe.m_151280_(ShapedRecipe.java:292) ~[server-1.20.1-20230612.114412-srg.jar%23183!/:?]
	at java.util.Optional.orElseThrow(Optional.java:403) ~[?:?]
	at net.minecraft.world.item.crafting.ShapedRecipe.m_151278_(ShapedRecipe.java:291) ~[server-1.20.1-20230612.114412-srg.jar%23183!/:?]
	at net.minecraft.world.item.crafting.Ingredient.m_43919_(Ingredient.java:219) ~[server-1.20.1-20230612.114412-srg.jar%23183!/:?]
	at net.minecraftforge.common.crafting.VanillaIngredientSerializer.parse(VanillaIngredientSerializer.java:27) ~[forge-1.20.1-47.3.7-universal.jar%23188!/:?]
	at net.minecraftforge.common.crafting.CraftingHelper.getIngredient(CraftingHelper.java:148) ~[forge-1.20.1-47.3.7-universal.jar%23188!/:?]
	at net.minecraft.world.item.crafting.Ingredient.m_288218_(Ingredient.java:194) ~[server-1.20.1-20230612.114412-srg.jar%23183!/:?]
	at net.minecraft.world.item.crafting.ShapelessRecipe$Serializer.m_44275_(ShapelessRecipe.java:104) ~[server-1.20.1-20230612.114412-srg.jar%23183!/:?]
	at net.minecraft.world.item.crafting.ShapelessRecipe$Serializer.m_6729_(ShapelessRecipe.java:89) ~[server-1.20.1-20230612.114412-srg.jar%23183!/:?]
	at net.minecraft.world.item.crafting.ShapelessRecipe$Serializer.m_6729_(ShapelessRecipe.java:84) ~[server-1.20.1-20230612.114412-srg.jar%23183!/:?]
	at net.minecraftforge.common.extensions.IForgeRecipeSerializer.fromJson(IForgeRecipeSerializer.java:23) ~[forge-1.20.1-47.3.7-universal.jar%23188!/:?]
	at net.minecraft.world.item.crafting.RecipeManager.fromJson(RecipeManager.java:171) ~[server-1.20.1-20230612.114412-srg.jar%23183!/:?]
	at net.minecraft.world.item.crafting.RecipeManager.m_5787_(RecipeManager.java:67) ~[server-1.20.1-20230612.114412-srg.jar%23183!/:?]
	at net.minecraft.world.item.crafting.RecipeManager.m_5787_(RecipeManager.java:34) ~[server-1.20.1-20230612.114412-srg.jar%23183!/:?]
	at net.minecraft.server.packs.resources.SimplePreparableReloadListener.m_10789_(SimplePreparableReloadListener.java:13) ~[server-1.20.1-20230612.114412-srg.jar%23183!/:?]
	at java.util.concurrent.CompletableFuture$UniAccept.tryFire(CompletableFuture.java:718) ~[?:?]
	at java.util.concurrent.CompletableFuture$Completion.run(CompletableFuture.java:482) ~[?:?]
	at net.minecraft.server.packs.resources.SimpleReloadInstance.m_143940_(SimpleReloadInstance.java:69) ~[server-1.20.1-20230612.114412-srg.jar%23183!/:?]
	at net.minecraft.Util.m_214652_(Util.java:783) ~[server-1.20.1-20230612.114412-srg.jar%23183!/:?]
	at net.minecraft.Util.m_214679_(Util.java:772) ~[server-1.20.1-20230612.114412-srg.jar%23183!/:?]
	at net.minecraft.server.Main.main(Main.java:166) ~[server-1.20.1-20230612.114412-srg.jar%23183!/:?]
	at jdk.internal.reflect.NativeMethodAccessorImpl.invoke0(Native Method) ~[?:?]
	at jdk.internal.reflect.NativeMethodAccessorImpl.invoke(NativeMethodAccessorImpl.java:77) ~[?:?]
	at jdk.internal.reflect.DelegatingMethodAccessorImpl.invoke(DelegatingMethodAccessorImpl.java:43) ~[?:?]
	at java.lang.reflect.Method.invoke(Method.java:569) ~[?:?]
	at net.minecraftforge.fml.loading.targets.CommonLaunchHandler.runTarget(CommonLaunchHandler.java:111) ~[fmlloader-1.20.1-47.3.7.jar%2369!/:?]
	at net.minecraftforge.fml.loading.targets.CommonLaunchHandler.serverService(CommonLaunchHandler.java:103) ~[fmlloader-1.20.1-47.3.7.jar%2369!/:?]
	at net.minecraftforge.fml.loading.targets.CommonServerLaunchHandler.lambda$makeService$0(CommonServerLaunchHandler.java:27) ~[fmlloader-1.20.1-47.3.7.jar%2369!/:?]
	at cpw.mods.modlauncher.LaunchServiceHandlerDecorator.launch(LaunchServiceHandlerDecorator.java:30) ~[modlauncher-10.0.9.jar%2355!/:?]
	at cpw.mods.modlauncher.LaunchServiceHandler.launch(LaunchServiceHandler.java:53) ~[modlauncher-10.0.9.jar%2355!/:?]
	at cpw.mods.modlauncher.LaunchServiceHandler.launch(LaunchServiceHandler.java:71) ~[modlauncher-10.0.9.jar%2355!/:?]
	at cpw.mods.modlauncher.Launcher.run(Launcher.java:108) ~[modlauncher-10.0.9.jar%2355!/:?]
	at cpw.mods.modlauncher.Launcher.main(Launcher.java:78) ~[modlauncher-10.0.9.jar%2355!/:?]
	at cpw.mods.modlauncher.BootstrapLaunchConsumer.accept(BootstrapLaunchConsumer.java:26) ~[modlauncher-10.0.9.jar%2355!/:?]
	at cpw.mods.modlauncher.BootstrapLaunchConsumer.accept(BootstrapLaunchConsumer.java:23) ~[modlauncher-10.0.9.jar%2355!/:?]
	at cpw.mods.bootstraplauncher.BootstrapLauncher.main(BootstrapLauncher.java:141) ~[bootstraplauncher-1.1.2.jar:?]
[30Apr2025 15:11:20.290] [main/INFO] [net.minecraft.world.item.crafting.RecipeManager/]: Skipping loading recipe vampirism:vampire/blood_bottle as it's serializer returned null
[30Apr2025 15:11:20.311] [main/INFO] [net.minecraft.world.item.crafting.RecipeManager/]: Skipping loading recipe twilightforest:jeed/resistance as it's serializer returned null
[30Apr2025 15:11:20.395] [main/INFO] [net.minecraft.world.item.crafting.RecipeManager/]: Skipping loading recipe twilightforest:jeed/blindness as it's serializer returned null
[30Apr2025 15:11:20.398] [main/INFO] [net.minecraft.world.item.crafting.RecipeManager/]: Skipping loading recipe vampirism:general/guidebook as it's serializer returned null
[30Apr2025 15:11:20.399] [main/INFO] [net.minecraft.world.item.crafting.RecipeManager/]: Skipping loading recipe twilightforest:jeed/regeneration as it's serializer returned null
[30Apr2025 15:11:20.402] [main/INFO] [net.minecraft.world.item.crafting.RecipeManager/]: Skipping loading recipe twilightforest:jeed/slowness as it's serializer returned null
[30Apr2025 15:11:20.421] [main/INFO] [net.minecraft.world.item.crafting.RecipeManager/]: Skipping loading recipe twilightforest:jeed/fire_resistance as it's serializer returned null
[30Apr2025 15:11:20.428] [main/INFO] [net.minecraft.world.item.crafting.RecipeManager/]: Loaded 31 recipes
[30Apr2025 15:11:20.429] [main/INFO] [com.teamabnormals.blueprint.core.Blueprint/]: Advancement Modification Manager has loaded 0 modifier groups
[30Apr2025 15:11:20.656] [main/INFO] [net.minecraft.advancements.AdvancementList/]: Loaded 3960 advancements
[30Apr2025 15:11:20.664] [main/INFO] [twilightforest/]: Loaded 9 Stalactite configs!
[30Apr2025 15:11:20.673] [main/INFO] [com.teamabnormals.blueprint.core.Blueprint/]: Chunk Generator Modification Manager has loaded 1 modifier groups
[30Apr2025 15:11:20.688] [main/INFO] [top.theillusivec4.curios.Curios/]: Loaded 12 curio slots
[30Apr2025 15:11:20.695] [main/INFO] [top.theillusivec4.curios.Curios/]: Loaded 1 curio entities
[30Apr2025 15:11:20.773] [main/INFO] [de.teamlapen.vampirism.entity.player.skills.SkillTree/]: Loaded 53 skill nodes
[30Apr2025 15:11:20.779] [main/INFO] [de.teamlapen.vampirism.entity.converted.VampirismEntityRegistry/]: Registered 14 convertibles
[30Apr2025 15:11:20.802] [main/WARN] [net.minecraft.core.MappedRegistry/]: Not all defined tags for registry ResourceKey[minecraft:root / minecraft:worldgen/biome] are present in data pack: minecraft:is_plains
[30Apr2025 15:11:26.134] [Server thread/INFO] [net.minecraft.server.dedicated.DedicatedServer/]: Starting minecraft server version 1.20.1
[30Apr2025 15:11:26.135] [Server thread/INFO] [net.minecraft.server.dedicated.DedicatedServer/]: Loading properties
[30Apr2025 15:11:26.135] [Server thread/INFO] [net.minecraft.server.dedicated.DedicatedServer/]: Default game type: SURVIVAL
[30Apr2025 15:11:26.135] [Server thread/INFO] [net.minecraft.server.MinecraftServer/]: Generating keypair
[30Apr2025 15:11:26.234] [Server thread/INFO] [net.minecraft.server.dedicated.DedicatedServer/]: Starting Minecraft server on *:25565
[30Apr2025 15:11:26.259] [Server thread/INFO] [net.minecraft.server.network.ServerConnectionListener/]: Using epoll channel type
[30Apr2025 15:11:26.336] [Server thread/WARN] [net.minecraft.server.dedicated.DedicatedServer/]: **** SERVER IS RUNNING IN OFFLINE/INSECURE MODE!
[30Apr2025 15:11:26.337] [Server thread/WARN] [net.minecraft.server.dedicated.DedicatedServer/]: The server will make no attempt to authenticate usernames. Beware.
[30Apr2025 15:11:26.337] [Server thread/WARN] [net.minecraft.server.dedicated.DedicatedServer/]: While this makes the game possible to play without internet access, it also opens up the ability for hackers to connect with any username they choose.
[30Apr2025 15:11:26.337] [Server thread/WARN] [net.minecraft.server.dedicated.DedicatedServer/]: To change this, set "online-mode" to "true" in the server.properties file.
[30Apr2025 15:11:26.351] [Server thread/WARN] [net.minecraftforge.common.ForgeConfigSpec/CORE]: Configuration file ./world/serverconfig/forge-server.toml is not correct. Correcting
[30Apr2025 15:11:26.358] [Server thread/WARN] [net.minecraftforge.common.ForgeConfigSpec/CORE]: Incorrect key server was corrected from null to its default, SimpleCommentedConfig:{}. 
[30Apr2025 15:11:26.359] [Server thread/WARN] [net.minecraftforge.common.ForgeConfigSpec/CORE]: Incorrect key server.removeErroringBlockEntities was corrected from null to its default, false. 
[30Apr2025 15:11:26.359] [Server thread/WARN] [net.minecraftforge.common.ForgeConfigSpec/CORE]: Incorrect key server.removeErroringEntities was corrected from null to its default, false. 
[30Apr2025 15:11:26.359] [Server thread/WARN] [net.minecraftforge.common.ForgeConfigSpec/CORE]: Incorrect key server.fullBoundingBoxLadders was corrected from null to its default, false. 
[30Apr2025 15:11:26.360] [Server thread/WARN] [net.minecraftforge.common.ForgeConfigSpec/CORE]: Incorrect key server.zombieBaseSummonChance was corrected from null to its default, 0.1. 
[30Apr2025 15:11:26.360] [Server thread/WARN] [net.minecraftforge.common.ForgeConfigSpec/CORE]: Incorrect key server.zombieBabyChance was corrected from null to its default, 0.05. 
[30Apr2025 15:11:26.361] [Server thread/WARN] [net.minecraftforge.common.ForgeConfigSpec/CORE]: Incorrect key server.permissionHandler was corrected from null to its default, forge:default_handler. 
[30Apr2025 15:11:26.361] [Server thread/WARN] [net.minecraftforge.common.ForgeConfigSpec/CORE]: Incorrect key server.advertiseDedicatedServerToLan was corrected from null to its default, true. 
[30Apr2025 15:11:26.364] [Server thread/WARN] [net.minecraftforge.common.ForgeConfigSpec/CORE]: Configuration file ./world/serverconfig/alekiships-server.toml is not correct. Correcting
[30Apr2025 15:11:26.365] [Server thread/WARN] [net.minecraftforge.common.ForgeConfigSpec/CORE]: Incorrect key windAffectsBoatsWithNoAnchor was corrected from null to its default, false. 
[30Apr2025 15:11:26.368] [Server thread/WARN] [net.minecraftforge.common.ForgeConfigSpec/CORE]: Configuration file ./world/serverconfig/curios-server.toml is not correct. Correcting
[30Apr2025 15:11:26.368] [Server thread/WARN] [net.minecraftforge.common.ForgeConfigSpec/CORE]: Incorrect key keepCurios was corrected from null to its default, DEFAULT. 
[30Apr2025 15:11:26.369] [Server thread/WARN] [net.minecraftforge.common.ForgeConfigSpec/CORE]: Incorrect key menu was corrected from null to its default, SimpleCommentedConfig:{}. 
[30Apr2025 15:11:26.370] [Server thread/WARN] [net.minecraftforge.common.ForgeConfigSpec/CORE]: Incorrect key menu.enableLegacyMenu was corrected from null to its default, false. 
[30Apr2025 15:11:26.370] [Server thread/WARN] [net.minecraftforge.common.ForgeConfigSpec/CORE]: Incorrect key menu.experimental was corrected from null to its default, SimpleCommentedConfig:{}. 
[30Apr2025 15:11:26.371] [Server thread/WARN] [net.minecraftforge.common.ForgeConfigSpec/CORE]: Incorrect key menu.experimental.minimumColumns was corrected from null to its default, 1. 
[30Apr2025 15:11:26.372] [Server thread/WARN] [net.minecraftforge.common.ForgeConfigSpec/CORE]: Incorrect key menu.experimental.maxSlotsPerPage was corrected from null to its default, 48. 
[30Apr2025 15:11:26.375] [Server thread/WARN] [net.minecraftforge.common.ForgeConfigSpec/CORE]: Configuration file ./world/serverconfig/advancednetherite-server.toml is not correct. Correcting
[30Apr2025 15:11:26.376] [Server thread/WARN] [net.minecraftforge.common.ForgeConfigSpec/CORE]: Incorrect key server was corrected from null to its default, SimpleCommentedConfig:{}. 
[30Apr2025 15:11:26.376] [Server thread/WARN] [net.minecraftforge.common.ForgeConfigSpec/CORE]: Incorrect key server.tool_properties was corrected from null to its default, SimpleCommentedConfig:{}. 
[30Apr2025 15:11:26.376] [Server thread/WARN] [net.minecraftforge.common.ForgeConfigSpec/CORE]: Incorrect key server.tool_properties.breaking_speed_multipliers was corrected from null to its default, SimpleCommentedConfig:{}. 
[30Apr2025 15:11:26.376] [Server thread/WARN] [net.minecraftforge.common.ForgeConfigSpec/CORE]: Incorrect key server.tool_properties.breaking_speed_multipliers.ironBreakingSpeedMultiplier was corrected from null to its default, 12. 
[30Apr2025 15:11:26.377] [Server thread/WARN] [net.minecraftforge.common.ForgeConfigSpec/CORE]: Incorrect key server.tool_properties.breaking_speed_multipliers.goldBreakingSpeedMultiplier was corrected from null to its default, 20. 
[30Apr2025 15:11:26.377] [Server thread/WARN] [net.minecraftforge.common.ForgeConfigSpec/CORE]: Incorrect key server.tool_properties.breaking_speed_multipliers.emeraldBreakingSpeedMultiplier was corrected from null to its default, 29. 
[30Apr2025 15:11:26.378] [Server thread/WARN] [net.minecraftforge.common.ForgeConfigSpec/CORE]: Incorrect key server.tool_properties.breaking_speed_multipliers.diamondBreakingSpeedMultiplier was corrected from null to its default, 39. 
[30Apr2025 15:11:26.378] [Server thread/WARN] [net.minecraftforge.common.ForgeConfigSpec/CORE]: Incorrect key server.additional_drop_properties was corrected from null to its default, SimpleCommentedConfig:{}. 
[30Apr2025 15:11:26.379] [Server thread/WARN] [net.minecraftforge.common.ForgeConfigSpec/CORE]: Incorrect key server.additional_drop_properties.crop_drop_chances was corrected from null to its default, SimpleCommentedConfig:{}. 
[30Apr2025 15:11:26.379] [Server thread/WARN] [net.minecraftforge.common.ForgeConfigSpec/CORE]: Incorrect key server.additional_drop_properties.crop_drop_chances.additionalWheatDropChance was corrected from null to its default, 0.3. 
[30Apr2025 15:11:26.379] [Server thread/WARN] [net.minecraftforge.common.ForgeConfigSpec/CORE]: Incorrect key server.additional_drop_properties.crop_drop_chances.additionalCarrotsDropChance was corrected from null to its default, 0.3. 
[30Apr2025 15:11:26.379] [Server thread/WARN] [net.minecraftforge.common.ForgeConfigSpec/CORE]: Incorrect key server.additional_drop_properties.crop_drop_chances.additionalPotatoesDropChance was corrected from null to its default, 0.3. 
[30Apr2025 15:11:26.380] [Server thread/WARN] [net.minecraftforge.common.ForgeConfigSpec/CORE]: Incorrect key server.additional_drop_properties.crop_drop_chances.additionalBeetrootsDropChance was corrected from null to its default, 0.2. 
[30Apr2025 15:11:26.380] [Server thread/WARN] [net.minecraftforge.common.ForgeConfigSpec/CORE]: Incorrect key server.additional_drop_properties.mob_drop_chances was corrected from null to its default, SimpleCommentedConfig:{}. 
[30Apr2025 15:11:26.380] [Server thread/WARN] [net.minecraftforge.common.ForgeConfigSpec/CORE]: Incorrect key server.additional_drop_properties.mob_drop_chances.additionalPhantomDropChance was corrected from null to its default, 0.5. 
[30Apr2025 15:11:26.381] [Server thread/WARN] [net.minecraftforge.common.ForgeConfigSpec/CORE]: Incorrect key server.additional_drop_properties.mob_drop_chances.additionalZombifiedPiglinDropChance was corrected from null to its default, 0.5. 
[30Apr2025 15:11:26.381] [Server thread/WARN] [net.minecraftforge.common.ForgeConfigSpec/CORE]: Incorrect key server.additional_drop_properties.mob_drop_chances.additionalPiglinDropChance was corrected from null to its default, 0.15. 
[30Apr2025 15:11:26.381] [Server thread/WARN] [net.minecraftforge.common.ForgeConfigSpec/CORE]: Incorrect key server.additional_drop_properties.mob_drop_chances.additionalEndermanDropChance was corrected from null to its default, 0.3. 
[30Apr2025 15:11:26.382] [Server thread/WARN] [net.minecraftforge.common.ForgeConfigSpec/CORE]: Incorrect key server.additional_drop_properties.ore_drop_chances was corrected from null to its default, SimpleCommentedConfig:{}. 
[30Apr2025 15:11:26.382] [Server thread/WARN] [net.minecraftforge.common.ForgeConfigSpec/CORE]: Incorrect key server.additional_drop_properties.ore_drop_chances.additionalRawIronDropChance was corrected from null to its default, 0.2. 
[30Apr2025 15:11:26.383] [Server thread/WARN] [net.minecraftforge.common.ForgeConfigSpec/CORE]: Incorrect key server.additional_drop_properties.ore_drop_chances.additionalRawGoldChance was corrected from null to its default, 0.3. 
[30Apr2025 15:11:26.383] [Server thread/WARN] [net.minecraftforge.common.ForgeConfigSpec/CORE]: Incorrect key server.additional_drop_properties.ore_drop_chances.additionalEmeraldDropChance was corrected from null to its default, 0.4. 
[30Apr2025 15:11:26.383] [Server thread/WARN] [net.minecraftforge.common.ForgeConfigSpec/CORE]: Incorrect key server.additional_drop_properties.ore_drop_chances.additionalDiamondDropChance was corrected from null to its default, 0.25. 
[30Apr2025 15:11:26.383] [Server thread/WARN] [net.minecraftforge.common.ForgeConfigSpec/CORE]: Incorrect key server.additional_drop_properties.ore_drop_chances.additionalGoldNuggetDropChance was corrected from null to its default, 0.6. 
[30Apr2025 15:11:26.388] [Server thread/WARN] [net.minecraftforge.common.ForgeConfigSpec/CORE]: Configuration file ./world/serverconfig/irons_spellbooks-server.toml is not correct. Correcting
[30Apr2025 15:11:26.389] [Server thread/WARN] [net.minecraftforge.common.ForgeConfigSpec/CORE]: Incorrect key Misc was corrected from null to its default, SimpleCommentedConfig:{}. 
[30Apr2025 15:11:26.389] [Server thread/WARN] [net.minecraftforge.common.ForgeConfigSpec/CORE]: Incorrect key Misc.rarityConfig was corrected from null to its default, [0.3, 0.25, 0.2, 0.15, 0.1]. 
[30Apr2025 15:11:26.390] [Server thread/WARN] [net.minecraftforge.common.ForgeConfigSpec/CORE]: Incorrect key Misc.swordsConsumeMana was corrected from null to its default, true. 
[30Apr2025 15:11:26.390] [Server thread/WARN] [net.minecraftforge.common.ForgeConfigSpec/CORE]: Incorrect key Misc.swordsCooldownMultiplier was corrected from null to its default, 0.5. 
[30Apr2025 15:11:26.391] [Server thread/WARN] [net.minecraftforge.common.ForgeConfigSpec/CORE]: Incorrect key Misc.canAttackOwnSummons was corrected from null to its default, false. 
[30Apr2025 15:11:26.391] [Server thread/WARN] [net.minecraftforge.common.ForgeConfigSpec/CORE]: Incorrect key Misc.maxUpgrades was corrected from null to its default, 3. 
[30Apr2025 15:11:26.391] [Server thread/WARN] [net.minecraftforge.common.ForgeConfigSpec/CORE]: Incorrect key Misc.manaSpawnPercent was corrected from null to its default, 0.0. 
[30Apr2025 15:11:26.392] [Server thread/WARN] [net.minecraftforge.common.ForgeConfigSpec/CORE]: Incorrect key Misc.scrollRecycleChance was corrected from null to its default, 0.5. 
[30Apr2025 15:11:26.392] [Server thread/WARN] [net.minecraftforge.common.ForgeConfigSpec/CORE]: Incorrect key Misc.allowCauldronBrewing was corrected from null to its default, true. 
[30Apr2025 15:11:26.393] [Server thread/WARN] [net.minecraftforge.common.ForgeConfigSpec/CORE]: Incorrect key Misc.furledMapSkipsExistingChunks was corrected from null to its default, true. 
[30Apr2025 15:11:26.393] [Server thread/WARN] [net.minecraftforge.common.ForgeConfigSpec/CORE]: Incorrect key Misc.applyAllMultihandAttributes was corrected from null to its default, true. 
[30Apr2025 15:11:26.394] [Server thread/WARN] [net.minecraftforge.common.ForgeConfigSpec/CORE]: Incorrect key Misc.betterCreeperThunderHit was corrected from null to its default, true. 
[30Apr2025 15:11:26.394] [Server thread/WARN] [net.minecraftforge.common.ForgeConfigSpec/CORE]: Incorrect key Misc.spellGriefing was corrected from null to its default, false. 
[30Apr2025 15:11:26.395] [Server thread/WARN] [net.minecraftforge.common.ForgeConfigSpec/CORE]: Incorrect key Misc.additionalWanderingTraderTrades was corrected from null to its default, true. 
[30Apr2025 15:11:26.395] [Server thread/WARN] [net.minecraftforge.common.ForgeConfigSpec/CORE]: Incorrect key Misc.disableAdventureModeCasting was corrected from null to its default, false. 
[30Apr2025 15:11:26.397] [Server thread/WARN] [net.minecraftforge.common.ForgeConfigSpec/CORE]: Incorrect key Upgrade Overrides was corrected from null to its default, SimpleCommentedConfig:{}. 
[30Apr2025 15:11:26.397] [Server thread/WARN] [net.minecraftforge.common.ForgeConfigSpec/CORE]: Incorrect key Upgrade Overrides.scrollMerging was corrected from null to its default, true. 
[30Apr2025 15:11:26.398] [Server thread/WARN] [net.minecraftforge.common.ForgeConfigSpec/CORE]: Incorrect key Upgrade Overrides.upgradeWhitelist was corrected from null to its default, []. 
[30Apr2025 15:11:26.398] [Server thread/WARN] [net.minecraftforge.common.ForgeConfigSpec/CORE]: Incorrect key Upgrade Overrides.upgradeBlacklist was corrected from null to its default, []. 
[30Apr2025 15:11:26.399] [Server thread/WARN] [net.minecraftforge.common.ForgeConfigSpec/CORE]: Incorrect key Imbue Overrides was corrected from null to its default, SimpleCommentedConfig:{}. 
[30Apr2025 15:11:26.400] [Server thread/WARN] [net.minecraftforge.common.ForgeConfigSpec/CORE]: Incorrect key Imbue Overrides.imbueWhitelist was corrected from null to its default, []. 
[30Apr2025 15:11:26.400] [Server thread/WARN] [net.minecraftforge.common.ForgeConfigSpec/CORE]: Incorrect key Imbue Overrides.imbueBlacklist was corrected from null to its default, []. 
[30Apr2025 15:11:26.401] [Server thread/WARN] [net.minecraftforge.common.ForgeConfigSpec/CORE]: Incorrect key Worldgen was corrected from null to its default, SimpleCommentedConfig:{}. 
[30Apr2025 15:11:26.401] [Server thread/WARN] [net.minecraftforge.common.ForgeConfigSpec/CORE]: Incorrect key Worldgen.priestHouseWeight was corrected from null to its default, 4. 
[30Apr2025 15:11:26.402] [Server thread/WARN] [net.minecraftforge.common.ForgeConfigSpec/CORE]: Incorrect key Spells was corrected from null to its default, SimpleCommentedConfig:{}. 
[30Apr2025 15:11:26.402] [Server thread/WARN] [net.minecraftforge.common.ForgeConfigSpec/CORE]: Incorrect key Spells.irons_spellbooks:fire_breath was corrected from null to its default, SimpleCommentedConfig:{}. 
[30Apr2025 15:11:26.402] [Server thread/WARN] [net.minecraftforge.common.ForgeConfigSpec/CORE]: Incorrect key Spells.irons_spellbooks:fire_breath.Enabled was corrected from null to its default, true. 
[30Apr2025 15:11:26.402] [Server thread/WARN] [net.minecraftforge.common.ForgeConfigSpec/CORE]: Incorrect key Spells.irons_spellbooks:fire_breath.School was corrected from null to its default, irons_spellbooks:fire. 
[30Apr2025 15:11:26.403] [Server thread/WARN] [net.minecraftforge.common.ForgeConfigSpec/CORE]: Incorrect key Spells.irons_spellbooks:fire_breath.MaxLevel was corrected from null to its default, 10. 
[30Apr2025 15:11:26.403] [Server thread/WARN] [net.minecraftforge.common.ForgeConfigSpec/CORE]: Incorrect key Spells.irons_spellbooks:fire_breath.MinRarity was corrected from null to its default, COMMON. 
[30Apr2025 15:11:26.404] [Server thread/WARN] [net.minecraftforge.common.ForgeConfigSpec/CORE]: Incorrect key Spells.irons_spellbooks:fire_breath.ManaCostMultiplier was corrected from null to its default, 1.0. 
[30Apr2025 15:11:26.404] [Server thread/WARN] [net.minecraftforge.common.ForgeConfigSpec/CORE]: Incorrect key Spells.irons_spellbooks:fire_breath.SpellPowerMultiplier was corrected from null to its default, 1.0. 
[30Apr2025 15:11:26.404] [Server thread/WARN] [net.minecraftforge.common.ForgeConfigSpec/CORE]: Incorrect key Spells.irons_spellbooks:fire_breath.CooldownInSeconds was corrected from null to its default, 12.0. 
[30Apr2025 15:11:26.405] [Server thread/WARN] [net.minecraftforge.common.ForgeConfigSpec/CORE]: Incorrect key Spells.irons_spellbooks:fire_breath.AllowCrafting was corrected from null to its default, true. 
[30Apr2025 15:11:26.405] [Server thread/WARN] [net.minecraftforge.common.ForgeConfigSpec/CORE]: Incorrect key Spells.irons_spellbooks:magma_bomb was corrected from null to its default, SimpleCommentedConfig:{}. 
[30Apr2025 15:11:26.406] [Server thread/WARN] [net.minecraftforge.common.ForgeConfigSpec/CORE]: Incorrect key Spells.irons_spellbooks:magma_bomb.Enabled was corrected from null to its default, true. 
[30Apr2025 15:11:26.406] [Server thread/WARN] [net.minecraftforge.common.ForgeConfigSpec/CORE]: Incorrect key Spells.irons_spellbooks:magma_bomb.School was corrected from null to its default, irons_spellbooks:fire. 
[30Apr2025 15:11:26.406] [Server thread/WARN] [net.minecraftforge.common.ForgeConfigSpec/CORE]: Incorrect key Spells.irons_spellbooks:magma_bomb.MaxLevel was corrected from null to its default, 8. 
[30Apr2025 15:11:26.407] [Server thread/WARN] [net.minecraftforge.common.ForgeConfigSpec/CORE]: Incorrect key Spells.irons_spellbooks:magma_bomb.MinRarity was corrected from null to its default, UNCOMMON. 
[30Apr2025 15:11:26.407] [Server thread/WARN] [net.minecraftforge.common.ForgeConfigSpec/CORE]: Incorrect key Spells.irons_spellbooks:magma_bomb.ManaCostMultiplier was corrected from null to its default, 1.0. 
[30Apr2025 15:11:26.408] [Server thread/WARN] [net.minecraftforge.common.ForgeConfigSpec/CORE]: Incorrect key Spells.irons_spellbooks:magma_bomb.SpellPowerMultiplier was corrected from null to its default, 1.0. 
[30Apr2025 15:11:26.408] [Server thread/WARN] [net.minecraftforge.common.ForgeConfigSpec/CORE]: Incorrect key Spells.irons_spellbooks:magma_bomb.CooldownInSeconds was corrected from null to its default, 12.0. 
[30Apr2025 15:11:26.408] [Server thread/WARN] [net.minecraftforge.common.ForgeConfigSpec/CORE]: Incorrect key Spells.irons_spellbooks:magma_bomb.AllowCrafting was corrected from null to its default, true. 
[30Apr2025 15:11:26.409] [Server thread/WARN] [net.minecraftforge.common.ForgeConfigSpec/CORE]: Incorrect key Spells.irons_spellbooks:blaze_storm was corrected from null to its default, SimpleCommentedConfig:{}. 
[30Apr2025 15:11:26.409] [Server thread/WARN] [net.minecraftforge.common.ForgeConfigSpec/CORE]: Incorrect key Spells.irons_spellbooks:blaze_storm.Enabled was corrected from null to its default, true. 
[30Apr2025 15:11:26.410] [Server thread/WARN] [net.minecraftforge.common.ForgeConfigSpec/CORE]: Incorrect key Spells.irons_spellbooks:blaze_storm.School was corrected from null to its default, irons_spellbooks:fire. 
[30Apr2025 15:11:26.410] [Server thread/WARN] [net.minecraftforge.common.ForgeConfigSpec/CORE]: Incorrect key Spells.irons_spellbooks:blaze_storm.MaxLevel was corrected from null to its default, 10. 
[30Apr2025 15:11:26.410] [Server thread/WARN] [net.minecraftforge.common.ForgeConfigSpec/CORE]: Incorrect key Spells.irons_spellbooks:blaze_storm.MinRarity was corrected from null to its default, COMMON. 
[30Apr2025 15:11:26.411] [Server thread/WARN] [net.minecraftforge.common.ForgeConfigSpec/CORE]: Incorrect key Spells.irons_spellbooks:blaze_storm.ManaCostMultiplier was corrected from null to its default, 1.0. 
[30Apr2025 15:11:26.411] [Server thread/WARN] [net.minecraftforge.common.ForgeConfigSpec/CORE]: Incorrect key Spells.irons_spellbooks:blaze_storm.SpellPowerMultiplier was corrected from null to its default, 1.0. 
[30Apr2025 15:11:26.411] [Server thread/WARN] [net.minecraftforge.common.ForgeConfigSpec/CORE]: Incorrect key Spells.irons_spellbooks:blaze_storm.CooldownInSeconds was corrected from null to its default, 20.0. 
[30Apr2025 15:11:26.412] [Server thread/WARN] [net.minecraftforge.common.ForgeConfigSpec/CORE]: Incorrect key Spells.irons_spellbooks:blaze_storm.AllowCrafting was corrected from null to its default, true. 
[30Apr2025 15:11:26.412] [Server thread/WARN] [net.minecraftforge.common.ForgeConfigSpec/CORE]: Incorrect key Spells.irons_spellbooks:firebolt was corrected from null to its default, SimpleCommentedConfig:{}. 
[30Apr2025 15:11:26.413] [Server thread/WARN] [net.minecraftforge.common.ForgeConfigSpec/CORE]: Incorrect key Spells.irons_spellbooks:firebolt.Enabled was corrected from null to its default, true. 
[30Apr2025 15:11:26.413] [Server thread/WARN] [net.minecraftforge.common.ForgeConfigSpec/CORE]: Incorrect key Spells.irons_spellbooks:firebolt.School was corrected from null to its default, irons_spellbooks:fire. 
[30Apr2025 15:11:26.413] [Server thread/WARN] [net.minecraftforge.common.ForgeConfigSpec/CORE]: Incorrect key Spells.irons_spellbooks:firebolt.MaxLevel was corrected from null to its default, 10. 
[30Apr2025 15:11:26.414] [Server thread/WARN] [net.minecraftforge.common.ForgeConfigSpec/CORE]: Incorrect key Spells.irons_spellbooks:firebolt.MinRarity was corrected from null to its default, COMMON. 
[30Apr2025 15:11:26.414] [Server thread/WARN] [net.minecraftforge.common.ForgeConfigSpec/CORE]: Incorrect key Spells.irons_spellbooks:firebolt.ManaCostMultiplier was corrected from null to its default, 1.0. 
[30Apr2025 15:11:26.414] [Server thread/WARN] [net.minecraftforge.common.ForgeConfigSpec/CORE]: Incorrect key Spells.irons_spellbooks:firebolt.SpellPowerMultiplier was corrected from null to its default, 1.0. 
[30Apr2025 15:11:26.415] [Server thread/WARN] [net.minecraftforge.common.ForgeConfigSpec/CORE]: Incorrect key Spells.irons_spellbooks:firebolt.CooldownInSeconds was corrected from null to its default, 1.0. 
[30Apr2025 15:11:26.415] [Server thread/WARN] [net.minecraftforge.common.ForgeConfigSpec/CORE]: Incorrect key Spells.irons_spellbooks:firebolt.AllowCrafting was corrected from null to its default, true. 
[30Apr2025 15:11:26.416] [Server thread/WARN] [net.minecraftforge.common.ForgeConfigSpec/CORE]: Incorrect key Spells.irons_spellbooks:flaming_barrage was corrected from null to its default, SimpleCommentedConfig:{}. 
[30Apr2025 15:11:26.416] [Server thread/WARN] [net.minecraftforge.common.ForgeConfigSpec/CORE]: Incorrect key Spells.irons_spellbooks:flaming_barrage.Enabled was corrected from null to its default, true. 
[30Apr2025 15:11:26.416] [Server thread/WARN] [net.minecraftforge.common.ForgeConfigSpec/CORE]: Incorrect key Spells.irons_spellbooks:flaming_barrage.School was corrected from null to its default, irons_spellbooks:fire. 
[30Apr2025 15:11:26.417] [Server thread/WARN] [net.minecraftforge.common.ForgeConfigSpec/CORE]: Incorrect key Spells.irons_spellbooks:flaming_barrage.MaxLevel was corrected from null to its default, 5. 
[30Apr2025 15:11:26.417] [Server thread/WARN] [net.minecraftforge.common.ForgeConfigSpec/CORE]: Incorrect key Spells.irons_spellbooks:flaming_barrage.MinRarity was corrected from null to its default, RARE. 
[30Apr2025 15:11:26.417] [Server thread/WARN] [net.minecraftforge.common.ForgeConfigSpec/CORE]: Incorrect key Spells.irons_spellbooks:flaming_barrage.ManaCostMultiplier was corrected from null to its default, 1.0. 
[30Apr2025 15:11:26.418] [Server thread/WARN] [net.minecraftforge.common.ForgeConfigSpec/CORE]: Incorrect key Spells.irons_spellbooks:flaming_barrage.SpellPowerMultiplier was corrected from null to its default, 1.0. 
[30Apr2025 15:11:26.418] [Server thread/WARN] [net.minecraftforge.common.ForgeConfigSpec/CORE]: Incorrect key Spells.irons_spellbooks:flaming_barrage.CooldownInSeconds was corrected from null to its default, 15.0. 
[30Apr2025 15:11:26.418] [Server thread/WARN] [net.minecraftforge.common.ForgeConfigSpec/CORE]: Incorrect key Spells.irons_spellbooks:flaming_barrage.AllowCrafting was corrected from null to its default, true. 
[30Apr2025 15:11:26.418] [Server thread/WARN] [net.minecraftforge.common.ForgeConfigSpec/CORE]: Incorrect key Spells.irons_spellbooks:flaming_strike was corrected from null to its default, SimpleCommentedConfig:{}. 
[30Apr2025 15:11:26.419] [Server thread/WARN] [net.minecraftforge.common.ForgeConfigSpec/CORE]: Incorrect key Spells.irons_spellbooks:flaming_strike.Enabled was corrected from null to its default, true. 
[30Apr2025 15:11:26.419] [Server thread/WARN] [net.minecraftforge.common.ForgeConfigSpec/CORE]: Incorrect key Spells.irons_spellbooks:flaming_strike.School was corrected from null to its default, irons_spellbooks:fire. 
[30Apr2025 15:11:26.419] [Server thread/WARN] [net.minecraftforge.common.ForgeConfigSpec/CORE]: Incorrect key Spells.irons_spellbooks:flaming_strike.MaxLevel was corrected from null to its default, 5. 
[30Apr2025 15:11:26.419] [Server thread/WARN] [net.minecraftforge.common.ForgeConfigSpec/CORE]: Incorrect key Spells.irons_spellbooks:flaming_strike.MinRarity was corrected from null to its default, COMMON. 
[30Apr2025 15:11:26.419] [Server thread/WARN] [net.minecraftforge.common.ForgeConfigSpec/CORE]: Incorrect key Spells.irons_spellbooks:flaming_strike.ManaCostMultiplier was corrected from null to its default, 1.0. 
[30Apr2025 15:11:26.420] [Server thread/WARN] [net.minecraftforge.common.ForgeConfigSpec/CORE]: Incorrect key Spells.irons_spellbooks:flaming_strike.SpellPowerMultiplier was corrected from null to its default, 1.0. 
[30Apr2025 15:11:26.420] [Server thread/WARN] [net.minecraftforge.common.ForgeConfigSpec/CORE]: Incorrect key Spells.irons_spellbooks:flaming_strike.CooldownInSeconds was corrected from null to its default, 15.0. 
[30Apr2025 15:11:26.420] [Server thread/WARN] [net.minecraftforge.common.ForgeConfigSpec/CORE]: Incorrect key Spells.irons_spellbooks:flaming_strike.AllowCrafting was corrected from null to its default, true. 
[30Apr2025 15:11:26.420] [Server thread/WARN] [net.minecraftforge.common.ForgeConfigSpec/CORE]: Incorrect key Spells.irons_spellbooks:fireball was corrected from null to its default, SimpleCommentedConfig:{}. 
[30Apr2025 15:11:26.420] [Server thread/WARN] [net.minecraftforge.common.ForgeConfigSpec/CORE]: Incorrect key Spells.irons_spellbooks:fireball.Enabled was corrected from null to its default, true. 
[30Apr2025 15:11:26.421] [Server thread/WARN] [net.minecraftforge.common.ForgeConfigSpec/CORE]: Incorrect key Spells.irons_spellbooks:fireball.School was corrected from null to its default, irons_spellbooks:fire. 
[30Apr2025 15:11:26.421] [Server thread/WARN] [net.minecraftforge.common.ForgeConfigSpec/CORE]: Incorrect key Spells.irons_spellbooks:fireball.MaxLevel was corrected from null to its default, 5. 
[30Apr2025 15:11:26.421] [Server thread/WARN] [net.minecraftforge.common.ForgeConfigSpec/CORE]: Incorrect key Spells.irons_spellbooks:fireball.MinRarity was corrected from null to its default, RARE. 
[30Apr2025 15:11:26.421] [Server thread/WARN] [net.minecraftforge.common.ForgeConfigSpec/CORE]: Incorrect key Spells.irons_spellbooks:fireball.ManaCostMultiplier was corrected from null to its default, 1.0. 
[30Apr2025 15:11:26.422] [Server thread/WARN] [net.minecraftforge.common.ForgeConfigSpec/CORE]: Incorrect key Spells.irons_spellbooks:fireball.SpellPowerMultiplier was corrected from null to its default, 1.0. 
[30Apr2025 15:11:26.422] [Server thread/WARN] [net.minecraftforge.common.ForgeConfigSpec/CORE]: Incorrect key Spells.irons_spellbooks:fireball.CooldownInSeconds was corrected from null to its default, 25.0. 
[30Apr2025 15:11:26.422] [Server thread/WARN] [net.minecraftforge.common.ForgeConfigSpec/CORE]: Incorrect key Spells.irons_spellbooks:fireball.AllowCrafting was corrected from null to its default, true. 
[30Apr2025 15:11:26.422] [Server thread/WARN] [net.minecraftforge.common.ForgeConfigSpec/CORE]: Incorrect key Spells.irons_spellbooks:heat_surge was corrected from null to its default, SimpleCommentedConfig:{}. 
[30Apr2025 15:11:26.423] [Server thread/WARN] [net.minecraftforge.common.ForgeConfigSpec/CORE]: Incorrect key Spells.irons_spellbooks:heat_surge.Enabled was corrected from null to its default, true. 
[30Apr2025 15:11:26.424] [Server thread/WARN] [net.minecraftforge.common.ForgeConfigSpec/CORE]: Incorrect key Spells.irons_spellbooks:heat_surge.School was corrected from null to its default, irons_spellbooks:fire. 
[30Apr2025 15:11:26.424] [Server thread/WARN] [net.minecraftforge.common.ForgeConfigSpec/CORE]: Incorrect key Spells.irons_spellbooks:heat_surge.MaxLevel was corrected from null to its default, 8. 
[30Apr2025 15:11:26.425] [Server thread/WARN] [net.minecraftforge.common.ForgeConfigSpec/CORE]: Incorrect key Spells.irons_spellbooks:heat_surge.MinRarity was corrected from null to its default, COMMON. 
[30Apr2025 15:11:26.425] [Server thread/WARN] [net.minecraftforge.common.ForgeConfigSpec/CORE]: Incorrect key Spells.irons_spellbooks:heat_surge.ManaCostMultiplier was corrected from null to its default, 1.0. 
[30Apr2025 15:11:26.425] [Server thread/WARN] [net.minecraftforge.common.ForgeConfigSpec/CORE]: Incorrect key Spells.irons_spellbooks:heat_surge.SpellPowerMultiplier was corrected from null to its default, 1.0. 
[30Apr2025 15:11:26.425] [Server thread/WARN] [net.minecraftforge.common.ForgeConfigSpec/CORE]: Incorrect key Spells.irons_spellbooks:heat_surge.CooldownInSeconds was corrected from null to its default, 45.0. 
[30Apr2025 15:11:26.426] [Server thread/WARN] [net.minecraftforge.common.ForgeConfigSpec/CORE]: Incorrect key Spells.irons_spellbooks:heat_surge.AllowCrafting was corrected from null to its default, true. 
[30Apr2025 15:11:26.426] [Server thread/WARN] [net.minecraftforge.common.ForgeConfigSpec/CORE]: Incorrect key Spells.irons_spellbooks:wall_of_fire was corrected from null to its default, SimpleCommentedConfig:{}. 
[30Apr2025 15:11:26.426] [Server thread/WARN] [net.minecraftforge.common.ForgeConfigSpec/CORE]: Incorrect key Spells.irons_spellbooks:wall_of_fire.Enabled was corrected from null to its default, true. 
[30Apr2025 15:11:26.426] [Server thread/WARN] [net.minecraftforge.common.ForgeConfigSpec/CORE]: Incorrect key Spells.irons_spellbooks:wall_of_fire.School was corrected from null to its default, irons_spellbooks:fire. 
[30Apr2025 15:11:26.427] [Server thread/WARN] [net.minecraftforge.common.ForgeConfigSpec/CORE]: Incorrect key Spells.irons_spellbooks:wall_of_fire.MaxLevel was corrected from null to its default, 5. 
[30Apr2025 15:11:26.427] [Server thread/WARN] [net.minecraftforge.common.ForgeConfigSpec/CORE]: Incorrect key Spells.irons_spellbooks:wall_of_fire.MinRarity was corrected from null to its default, COMMON. 
[30Apr2025 15:11:26.427] [Server thread/WARN] [net.minecraftforge.common.ForgeConfigSpec/CORE]: Incorrect key Spells.irons_spellbooks:wall_of_fire.ManaCostMultiplier was corrected from null to its default, 1.0. 
[30Apr2025 15:11:26.427] [Server thread/WARN] [net.minecraftforge.common.ForgeConfigSpec/CORE]: Incorrect key Spells.irons_spellbooks:wall_of_fire.SpellPowerMultiplier was corrected from null to its default, 1.0. 
[30Apr2025 15:11:26.428] [Server thread/WARN] [net.minecraftforge.common.ForgeConfigSpec/CORE]: Incorrect key Spells.irons_spellbooks:wall_of_fire.CooldownInSeconds was corrected from null to its default, 30.0. 
[30Apr2025 15:11:26.428] [Server thread/WARN] [net.minecraftforge.common.ForgeConfigSpec/CORE]: Incorrect key Spells.irons_spellbooks:wall_of_fire.AllowCrafting was corrected from null to its default, true. 
[30Apr2025 15:11:26.428] [Server thread/WARN] [net.minecraftforge.common.ForgeConfigSpec/CORE]: Incorrect key Spells.irons_spellbooks:scorch was corrected from null to its default, SimpleCommentedConfig:{}. 
[30Apr2025 15:11:26.431] [Server thread/WARN] [net.minecraftforge.common.ForgeConfigSpec/CORE]: Incorrect key Spells.irons_spellbooks:scorch.Enabled was corrected from null to its default, true. 
[30Apr2025 15:11:26.431] [Server thread/WARN] [net.minecraftforge.common.ForgeConfigSpec/CORE]: Incorrect key Spells.irons_spellbooks:scorch.School was corrected from null to its default, irons_spellbooks:fire. 
[30Apr2025 15:11:26.431] [Server thread/WARN] [net.minecraftforge.common.ForgeConfigSpec/CORE]: Incorrect key Spells.irons_spellbooks:scorch.MaxLevel was corrected from null to its default, 10. 
[30Apr2025 15:11:26.432] [Server thread/WARN] [net.minecraftforge.common.ForgeConfigSpec/CORE]: Incorrect key Spells.irons_spellbooks:scorch.MinRarity was corrected from null to its default, UNCOMMON. 
[30Apr2025 15:11:26.432] [Server thread/WARN] [net.minecraftforge.common.ForgeConfigSpec/CORE]: Incorrect key Spells.irons_spellbooks:scorch.ManaCostMultiplier was corrected from null to its default, 1.0. 
[30Apr2025 15:11:26.432] [Server thread/WARN] [net.minecraftforge.common.ForgeConfigSpec/CORE]: Incorrect key Spells.irons_spellbooks:scorch.SpellPowerMultiplier was corrected from null to its default, 1.0. 
[30Apr2025 15:11:26.432] [Server thread/WARN] [net.minecraftforge.common.ForgeConfigSpec/CORE]: Incorrect key Spells.irons_spellbooks:scorch.CooldownInSeconds was corrected from null to its default, 12.0. 
[30Apr2025 15:11:26.433] [Server thread/WARN] [net.minecraftforge.common.ForgeConfigSpec/CORE]: Incorrect key Spells.irons_spellbooks:scorch.AllowCrafting was corrected from null to its default, true. 
[30Apr2025 15:11:26.433] [Server thread/WARN] [net.minecraftforge.common.ForgeConfigSpec/CORE]: Incorrect key Spells.irons_spellbooks:burning_dash was corrected from null to its default, SimpleCommentedConfig:{}. 
[30Apr2025 15:11:26.433] [Server thread/WARN] [net.minecraftforge.common.ForgeConfigSpec/CORE]: Incorrect key Spells.irons_spellbooks:burning_dash.Enabled was corrected from null to its default, true. 
[30Apr2025 15:11:26.433] [Server thread/WARN] [net.minecraftforge.common.ForgeConfigSpec/CORE]: Incorrect key Spells.irons_spellbooks:burning_dash.School was corrected from null to its default, irons_spellbooks:fire. 
[30Apr2025 15:11:26.436] [Server thread/WARN] [net.minecraftforge.common.ForgeConfigSpec/CORE]: Incorrect key Spells.irons_spellbooks:burning_dash.MaxLevel was corrected from null to its default, 10. 
[30Apr2025 15:11:26.436] [Server thread/WARN] [net.minecraftforge.common.ForgeConfigSpec/CORE]: Incorrect key Spells.irons_spellbooks:burning_dash.MinRarity was corrected from null to its default, COMMON. 
[30Apr2025 15:11:26.437] [Server thread/WARN] [net.minecraftforge.common.ForgeConfigSpec/CORE]: Incorrect key Spells.irons_spellbooks:burning_dash.ManaCostMultiplier was corrected from null to its default, 1.0. 
[30Apr2025 15:11:26.437] [Server thread/WARN] [net.minecraftforge.common.ForgeConfigSpec/CORE]: Incorrect key Spells.irons_spellbooks:burning_dash.SpellPowerMultiplier was corrected from null to its default, 1.0. 
[30Apr2025 15:11:26.437] [Server thread/WARN] [net.minecraftforge.common.ForgeConfigSpec/CORE]: Incorrect key Spells.irons_spellbooks:burning_dash.CooldownInSeconds was corrected from null to its default, 10.0. 
[30Apr2025 15:11:26.437] [Server thread/WARN] [net.minecraftforge.common.ForgeConfigSpec/CORE]: Incorrect key Spells.irons_spellbooks:burning_dash.AllowCrafting was corrected from null to its default, true. 
[30Apr2025 15:11:26.438] [Server thread/WARN] [net.minecraftforge.common.ForgeConfigSpec/CORE]: Incorrect key Spells.irons_spellbooks:poison_arrow was corrected from null to its default, SimpleCommentedConfig:{}. 
[30Apr2025 15:11:26.439] [Server thread/WARN] [net.minecraftforge.common.ForgeConfigSpec/CORE]: Incorrect key Spells.irons_spellbooks:poison_arrow.Enabled was corrected from null to its default, true. 
[30Apr2025 15:11:26.439] [Server thread/WARN] [net.minecraftforge.common.ForgeConfigSpec/CORE]: Incorrect key Spells.irons_spellbooks:poison_arrow.School was corrected from null to its default, irons_spellbooks:nature. 
[30Apr2025 15:11:26.440] [Server thread/WARN] [net.minecraftforge.common.ForgeConfigSpec/CORE]: Incorrect key Spells.irons_spellbooks:poison_arrow.MaxLevel was corrected from null to its default, 10. 
[30Apr2025 15:11:26.440] [Server thread/WARN] [net.minecraftforge.common.ForgeConfigSpec/CORE]: Incorrect key Spells.irons_spellbooks:poison_arrow.MinRarity was corrected from null to its default, COMMON. 
[30Apr2025 15:11:26.440] [Server thread/WARN] [net.minecraftforge.common.ForgeConfigSpec/CORE]: Incorrect key Spells.irons_spellbooks:poison_arrow.ManaCostMultiplier was corrected from null to its default, 1.0. 
[30Apr2025 15:11:26.440] [Server thread/WARN] [net.minecraftforge.common.ForgeConfigSpec/CORE]: Incorrect key Spells.irons_spellbooks:poison_arrow.SpellPowerMultiplier was corrected from null to its default, 1.0. 
[30Apr2025 15:11:26.440] [Server thread/WARN] [net.minecraftforge.common.ForgeConfigSpec/CORE]: Incorrect key Spells.irons_spellbooks:poison_arrow.CooldownInSeconds was corrected from null to its default, 15.0. 
[30Apr2025 15:11:26.441] [Server thread/WARN] [net.minecraftforge.common.ForgeConfigSpec/CORE]: Incorrect key Spells.irons_spellbooks:poison_arrow.AllowCrafting was corrected from null to its default, true. 
[30Apr2025 15:11:26.441] [Server thread/WARN] [net.minecraftforge.common.ForgeConfigSpec/CORE]: Incorrect key Spells.irons_spellbooks:root was corrected from null to its default, SimpleCommentedConfig:{}. 
[30Apr2025 15:11:26.441] [Server thread/WARN] [net.minecraftforge.common.ForgeConfigSpec/CORE]: Incorrect key Spells.irons_spellbooks:root.Enabled was corrected from null to its default, true. 
[30Apr2025 15:11:26.441] [Server thread/WARN] [net.minecraftforge.common.ForgeConfigSpec/CORE]: Incorrect key Spells.irons_spellbooks:root.School was corrected from null to its default, irons_spellbooks:nature. 
[30Apr2025 15:11:26.441] [Server thread/WARN] [net.minecraftforge.common.ForgeConfigSpec/CORE]: Incorrect key Spells.irons_spellbooks:root.MaxLevel was corrected from null to its default, 10. 
[30Apr2025 15:11:26.441] [Server thread/WARN] [net.minecraftforge.common.ForgeConfigSpec/CORE]: Incorrect key Spells.irons_spellbooks:root.MinRarity was corrected from null to its default, UNCOMMON. 
[30Apr2025 15:11:26.442] [Server thread/WARN] [net.minecraftforge.common.ForgeConfigSpec/CORE]: Incorrect key Spells.irons_spellbooks:root.ManaCostMultiplier was corrected from null to its default, 1.0. 
[30Apr2025 15:11:26.442] [Server thread/WARN] [net.minecraftforge.common.ForgeConfigSpec/CORE]: Incorrect key Spells.irons_spellbooks:root.SpellPowerMultiplier was corrected from null to its default, 1.0. 
[30Apr2025 15:11:26.443] [Server thread/WARN] [net.minecraftforge.common.ForgeConfigSpec/CORE]: Incorrect key Spells.irons_spellbooks:root.CooldownInSeconds was corrected from null to its default, 35.0. 
[30Apr2025 15:11:26.443] [Server thread/WARN] [net.minecraftforge.common.ForgeConfigSpec/CORE]: Incorrect key Spells.irons_spellbooks:root.AllowCrafting was corrected from null to its default, true. 
[30Apr2025 15:11:26.443] [Server thread/WARN] [net.minecraftforge.common.ForgeConfigSpec/CORE]: Incorrect key Spells.irons_spellbooks:blight was corrected from null to its default, SimpleCommentedConfig:{}. 
[30Apr2025 15:11:26.443] [Server thread/WARN] [net.minecraftforge.common.ForgeConfigSpec/CORE]: Incorrect key Spells.irons_spellbooks:blight.Enabled was corrected from null to its default, true. 
[30Apr2025 15:11:26.444] [Server thread/WARN] [net.minecraftforge.common.ForgeConfigSpec/CORE]: Incorrect key Spells.irons_spellbooks:blight.School was corrected from null to its default, irons_spellbooks:nature. 
[30Apr2025 15:11:26.444] [Server thread/WARN] [net.minecraftforge.common.ForgeConfigSpec/CORE]: Incorrect key Spells.irons_spellbooks:blight.MaxLevel was corrected from null to its default, 8. 
[30Apr2025 15:11:26.444] [Server thread/WARN] [net.minecraftforge.common.ForgeConfigSpec/CORE]: Incorrect key Spells.irons_spellbooks:blight.MinRarity was corrected from null to its default, RARE. 
[30Apr2025 15:11:26.444] [Server thread/WARN] [net.minecraftforge.common.ForgeConfigSpec/CORE]: Incorrect key Spells.irons_spellbooks:blight.ManaCostMultiplier was corrected from null to its default, 1.0. 
[30Apr2025 15:11:26.444] [Server thread/WARN] [net.minecraftforge.common.ForgeConfigSpec/CORE]: Incorrect key Spells.irons_spellbooks:blight.SpellPowerMultiplier was corrected from null to its default, 1.0. 
[30Apr2025 15:11:26.444] [Server thread/WARN] [net.minecraftforge.common.ForgeConfigSpec/CORE]: Incorrect key Spells.irons_spellbooks:blight.CooldownInSeconds was corrected from null to its default, 35.0. 
[30Apr2025 15:11:26.445] [Server thread/WARN] [net.minecraftforge.common.ForgeConfigSpec/CORE]: Incorrect key Spells.irons_spellbooks:blight.AllowCrafting was corrected from null to its default, true. 
[30Apr2025 15:11:26.445] [Server thread/WARN] [net.minecraftforge.common.ForgeConfigSpec/CORE]: Incorrect key Spells.irons_spellbooks:acid_orb was corrected from null to its default, SimpleCommentedConfig:{}. 
[30Apr2025 15:11:26.445] [Server thread/WARN] [net.minecraftforge.common.ForgeConfigSpec/CORE]: Incorrect key Spells.irons_spellbooks:acid_orb.Enabled was corrected from null to its default, true. 
[30Apr2025 15:11:26.445] [Server thread/WARN] [net.minecraftforge.common.ForgeConfigSpec/CORE]: Incorrect key Spells.irons_spellbooks:acid_orb.School was corrected from null to its default, irons_spellbooks:nature. 
[30Apr2025 15:11:26.447] [Server thread/WARN] [net.minecraftforge.common.ForgeConfigSpec/CORE]: Incorrect key Spells.irons_spellbooks:acid_orb.MaxLevel was corrected from null to its default, 10. 
[30Apr2025 15:11:26.447] [Server thread/WARN] [net.minecraftforge.common.ForgeConfigSpec/CORE]: Incorrect key Spells.irons_spellbooks:acid_orb.MinRarity was corrected from null to its default, COMMON. 
[30Apr2025 15:11:26.448] [Server thread/WARN] [net.minecraftforge.common.ForgeConfigSpec/CORE]: Incorrect key Spells.irons_spellbooks:acid_orb.ManaCostMultiplier was corrected from null to its default, 1.0. 
[30Apr2025 15:11:26.448] [Server thread/WARN] [net.minecraftforge.common.ForgeConfigSpec/CORE]: Incorrect key Spells.irons_spellbooks:acid_orb.SpellPowerMultiplier was corrected from null to its default, 1.0. 
[30Apr2025 15:11:26.448] [Server thread/WARN] [net.minecraftforge.common.ForgeConfigSpec/CORE]: Incorrect key Spells.irons_spellbooks:acid_orb.CooldownInSeconds was corrected from null to its default, 15.0. 
[30Apr2025 15:11:26.449] [Server thread/WARN] [net.minecraftforge.common.ForgeConfigSpec/CORE]: Incorrect key Spells.irons_spellbooks:acid_orb.AllowCrafting was corrected from null to its default, true. 
[30Apr2025 15:11:26.449] [Server thread/WARN] [net.minecraftforge.common.ForgeConfigSpec/CORE]: Incorrect key Spells.irons_spellbooks:poison_breath was corrected from null to its default, SimpleCommentedConfig:{}. 
[30Apr2025 15:11:26.449] [Server thread/WARN] [net.minecraftforge.common.ForgeConfigSpec/CORE]: Incorrect key Spells.irons_spellbooks:poison_breath.Enabled was corrected from null to its default, true. 
[30Apr2025 15:11:26.449] [Server thread/WARN] [net.minecraftforge.common.ForgeConfigSpec/CORE]: Incorrect key Spells.irons_spellbooks:poison_breath.School was corrected from null to its default, irons_spellbooks:nature. 
[30Apr2025 15:11:26.449] [Server thread/WARN] [net.minecraftforge.common.ForgeConfigSpec/CORE]: Incorrect key Spells.irons_spellbooks:poison_breath.MaxLevel was corrected from null to its default, 10. 
[30Apr2025 15:11:26.449] [Server thread/WARN] [net.minecraftforge.common.ForgeConfigSpec/CORE]: Incorrect key Spells.irons_spellbooks:poison_breath.MinRarity was corrected from null to its default, COMMON. 
[30Apr2025 15:11:26.450] [Server thread/WARN] [net.minecraftforge.common.ForgeConfigSpec/CORE]: Incorrect key Spells.irons_spellbooks:poison_breath.ManaCostMultiplier was corrected from null to its default, 1.0. 
[30Apr2025 15:11:26.450] [Server thread/WARN] [net.minecraftforge.common.ForgeConfigSpec/CORE]: Incorrect key Spells.irons_spellbooks:poison_breath.SpellPowerMultiplier was corrected from null to its default, 1.0. 
[30Apr2025 15:11:26.451] [Server thread/WARN] [net.minecraftforge.common.ForgeConfigSpec/CORE]: Incorrect key Spells.irons_spellbooks:poison_breath.CooldownInSeconds was corrected from null to its default, 12.0. 
[30Apr2025 15:11:26.451] [Server thread/WARN] [net.minecraftforge.common.ForgeConfigSpec/CORE]: Incorrect key Spells.irons_spellbooks:poison_breath.AllowCrafting was corrected from null to its default, true. 
[30Apr2025 15:11:26.451] [Server thread/WARN] [net.minecraftforge.common.ForgeConfigSpec/CORE]: Incorrect key Spells.irons_spellbooks:earthquake was corrected from null to its default, SimpleCommentedConfig:{}. 
[30Apr2025 15:11:26.452] [Server thread/WARN] [net.minecraftforge.common.ForgeConfigSpec/CORE]: Incorrect key Spells.irons_spellbooks:earthquake.Enabled was corrected from null to its default, true. 
[30Apr2025 15:11:26.452] [Server thread/WARN] [net.minecraftforge.common.ForgeConfigSpec/CORE]: Incorrect key Spells.irons_spellbooks:earthquake.School was corrected from null to its default, irons_spellbooks:nature. 
[30Apr2025 15:11:26.452] [Server thread/WARN] [net.minecraftforge.common.ForgeConfigSpec/CORE]: Incorrect key Spells.irons_spellbooks:earthquake.MaxLevel was corrected from null to its default, 10. 
[30Apr2025 15:11:26.453] [Server thread/WARN] [net.minecraftforge.common.ForgeConfigSpec/CORE]: Incorrect key Spells.irons_spellbooks:earthquake.MinRarity was corrected from null to its default, UNCOMMON. 
[30Apr2025 15:11:26.453] [Server thread/WARN] [net.minecraftforge.common.ForgeConfigSpec/CORE]: Incorrect key Spells.irons_spellbooks:earthquake.ManaCostMultiplier was corrected from null to its default, 1.0. 
[30Apr2025 15:11:26.453] [Server thread/WARN] [net.minecraftforge.common.ForgeConfigSpec/CORE]: Incorrect key Spells.irons_spellbooks:earthquake.SpellPowerMultiplier was corrected from null to its default, 1.0. 
[30Apr2025 15:11:26.453] [Server thread/WARN] [net.minecraftforge.common.ForgeConfigSpec/CORE]: Incorrect key Spells.irons_spellbooks:earthquake.CooldownInSeconds was corrected from null to its default, 16.0. 
[30Apr2025 15:11:26.453] [Server thread/WARN] [net.minecraftforge.common.ForgeConfigSpec/CORE]: Incorrect key Spells.irons_spellbooks:earthquake.AllowCrafting was corrected from null to its default, true. 
[30Apr2025 15:11:26.453] [Server thread/WARN] [net.minecraftforge.common.ForgeConfigSpec/CORE]: Incorrect key Spells.irons_spellbooks:poison_splash was corrected from null to its default, SimpleCommentedConfig:{}. 
[30Apr2025 15:11:26.454] [Server thread/WARN] [net.minecraftforge.common.ForgeConfigSpec/CORE]: Incorrect key Spells.irons_spellbooks:poison_splash.Enabled was corrected from null to its default, true. 
[30Apr2025 15:11:26.454] [Server thread/WARN] [net.minecraftforge.common.ForgeConfigSpec/CORE]: Incorrect key Spells.irons_spellbooks:poison_splash.School was corrected from null to its default, irons_spellbooks:nature. 
[30Apr2025 15:11:26.455] [Server thread/WARN] [net.minecraftforge.common.ForgeConfigSpec/CORE]: Incorrect key Spells.irons_spellbooks:poison_splash.MaxLevel was corrected from null to its default, 10. 
[30Apr2025 15:11:26.455] [Server thread/WARN] [net.minecraftforge.common.ForgeConfigSpec/CORE]: Incorrect key Spells.irons_spellbooks:poison_splash.MinRarity was corrected from null to its default, UNCOMMON. 
[30Apr2025 15:11:26.455] [Server thread/WARN] [net.minecraftforge.common.ForgeConfigSpec/CORE]: Incorrect key Spells.irons_spellbooks:poison_splash.ManaCostMultiplier was corrected from null to its default, 1.0. 
[30Apr2025 15:11:26.455] [Server thread/WARN] [net.minecraftforge.common.ForgeConfigSpec/CORE]: Incorrect key Spells.irons_spellbooks:poison_splash.SpellPowerMultiplier was corrected from null to its default, 1.0. 
[30Apr2025 15:11:26.455] [Server thread/WARN] [net.minecraftforge.common.ForgeConfigSpec/CORE]: Incorrect key Spells.irons_spellbooks:poison_splash.CooldownInSeconds was corrected from null to its default, 20.0. 
[30Apr2025 15:11:26.455] [Server thread/WARN] [net.minecraftforge.common.ForgeConfigSpec/CORE]: Incorrect key Spells.irons_spellbooks:poison_splash.AllowCrafting was corrected from null to its default, true. 
[30Apr2025 15:11:26.456] [Server thread/WARN] [net.minecraftforge.common.ForgeConfigSpec/CORE]: Incorrect key Spells.irons_spellbooks:oakskin was corrected from null to its default, SimpleCommentedConfig:{}. 
[30Apr2025 15:11:26.456] [Server thread/WARN] [net.minecraftforge.common.ForgeConfigSpec/CORE]: Incorrect key Spells.irons_spellbooks:oakskin.Enabled was corrected from null to its default, true. 
[30Apr2025 15:11:26.456] [Server thread/WARN] [net.minecraftforge.common.ForgeConfigSpec/CORE]: Incorrect key Spells.irons_spellbooks:oakskin.School was corrected from null to its default, irons_spellbooks:nature. 
[30Apr2025 15:11:26.456] [Server thread/WARN] [net.minecraftforge.common.ForgeConfigSpec/CORE]: Incorrect key Spells.irons_spellbooks:oakskin.MaxLevel was corrected from null to its default, 8. 
[30Apr2025 15:11:26.456] [Server thread/WARN] [net.minecraftforge.common.ForgeConfigSpec/CORE]: Incorrect key Spells.irons_spellbooks:oakskin.MinRarity was corrected from null to its default, COMMON. 
[30Apr2025 15:11:26.456] [Server thread/WARN] [net.minecraftforge.common.ForgeConfigSpec/CORE]: Incorrect key Spells.irons_spellbooks:oakskin.ManaCostMultiplier was corrected from null to its default, 1.0. 
[30Apr2025 15:11:26.457] [Server thread/WARN] [net.minecraftforge.common.ForgeConfigSpec/CORE]: Incorrect key Spells.irons_spellbooks:oakskin.SpellPowerMultiplier was corrected from null to its default, 1.0. 
[30Apr2025 15:11:26.457] [Server thread/WARN] [net.minecraftforge.common.ForgeConfigSpec/CORE]: Incorrect key Spells.irons_spellbooks:oakskin.CooldownInSeconds was corrected from null to its default, 35.0. 
[30Apr2025 15:11:26.458] [Server thread/WARN] [net.minecraftforge.common.ForgeConfigSpec/CORE]: Incorrect key Spells.irons_spellbooks:oakskin.AllowCrafting was corrected from null to its default, true. 
[30Apr2025 15:11:26.459] [Server thread/WARN] [net.minecraftforge.common.ForgeConfigSpec/CORE]: Incorrect key Spells.irons_spellbooks:spider_aspect was corrected from null to its default, SimpleCommentedConfig:{}. 
[30Apr2025 15:11:26.459] [Server thread/WARN] [net.minecraftforge.common.ForgeConfigSpec/CORE]: Incorrect key Spells.irons_spellbooks:spider_aspect.Enabled was corrected from null to its default, true. 
[30Apr2025 15:11:26.459] [Server thread/WARN] [net.minecraftforge.common.ForgeConfigSpec/CORE]: Incorrect key Spells.irons_spellbooks:spider_aspect.School was corrected from null to its default, irons_spellbooks:nature. 
[30Apr2025 15:11:26.459] [Server thread/WARN] [net.minecraftforge.common.ForgeConfigSpec/CORE]: Incorrect key Spells.irons_spellbooks:spider_aspect.MaxLevel was corrected from null to its default, 8. 
[30Apr2025 15:11:26.459] [Server thread/WARN] [net.minecraftforge.common.ForgeConfigSpec/CORE]: Incorrect key Spells.irons_spellbooks:spider_aspect.MinRarity was corrected from null to its default, RARE. 
[30Apr2025 15:11:26.460] [Server thread/WARN] [net.minecraftforge.common.ForgeConfigSpec/CORE]: Incorrect key Spells.irons_spellbooks:spider_aspect.ManaCostMultiplier was corrected from null to its default, 1.0. 
[30Apr2025 15:11:26.460] [Server thread/WARN] [net.minecraftforge.common.ForgeConfigSpec/CORE]: Incorrect key Spells.irons_spellbooks:spider_aspect.SpellPowerMultiplier was corrected from null to its default, 1.0. 
[30Apr2025 15:11:26.460] [Server thread/WARN] [net.minecraftforge.common.ForgeConfigSpec/CORE]: Incorrect key Spells.irons_spellbooks:spider_aspect.CooldownInSeconds was corrected from null to its default, 90.0. 
[30Apr2025 15:11:26.460] [Server thread/WARN] [net.minecraftforge.common.ForgeConfigSpec/CORE]: Incorrect key Spells.irons_spellbooks:spider_aspect.AllowCrafting was corrected from null to its default, true. 
[30Apr2025 15:11:26.460] [Server thread/WARN] [net.minecraftforge.common.ForgeConfigSpec/CORE]: Incorrect key Spells.irons_spellbooks:firefly_swarm was corrected from null to its default, SimpleCommentedConfig:{}. 
[30Apr2025 15:11:26.461] [Server thread/WARN] [net.minecraftforge.common.ForgeConfigSpec/CORE]: Incorrect key Spells.irons_spellbooks:firefly_swarm.Enabled was corrected from null to its default, true. 
[30Apr2025 15:11:26.461] [Server thread/WARN] [net.minecraftforge.common.ForgeConfigSpec/CORE]: Incorrect key Spells.irons_spellbooks:firefly_swarm.School was corrected from null to its default, irons_spellbooks:nature. 
[30Apr2025 15:11:26.462] [Server thread/WARN] [net.minecraftforge.common.ForgeConfigSpec/CORE]: Incorrect key Spells.irons_spellbooks:firefly_swarm.MaxLevel was corrected from null to its default, 10. 
[30Apr2025 15:11:26.462] [Server thread/WARN] [net.minecraftforge.common.ForgeConfigSpec/CORE]: Incorrect key Spells.irons_spellbooks:firefly_swarm.MinRarity was corrected from null to its default, UNCOMMON. 
[30Apr2025 15:11:26.462] [Server thread/WARN] [net.minecraftforge.common.ForgeConfigSpec/CORE]: Incorrect key Spells.irons_spellbooks:firefly_swarm.ManaCostMultiplier was corrected from null to its default, 1.0. 
[30Apr2025 15:11:26.462] [Server thread/WARN] [net.minecraftforge.common.ForgeConfigSpec/CORE]: Incorrect key Spells.irons_spellbooks:firefly_swarm.SpellPowerMultiplier was corrected from null to its default, 1.0. 
[30Apr2025 15:11:26.462] [Server thread/WARN] [net.minecraftforge.common.ForgeConfigSpec/CORE]: Incorrect key Spells.irons_spellbooks:firefly_swarm.CooldownInSeconds was corrected from null to its default, 20.0. 
[30Apr2025 15:11:26.463] [Server thread/WARN] [net.minecraftforge.common.ForgeConfigSpec/CORE]: Incorrect key Spells.irons_spellbooks:firefly_swarm.AllowCrafting was corrected from null to its default, true. 
[30Apr2025 15:11:26.463] [Server thread/WARN] [net.minecraftforge.common.ForgeConfigSpec/CORE]: Incorrect key Spells.irons_spellbooks:stomp was corrected from null to its default, SimpleCommentedConfig:{}. 
[30Apr2025 15:11:26.463] [Server thread/WARN] [net.minecraftforge.common.ForgeConfigSpec/CORE]: Incorrect key Spells.irons_spellbooks:stomp.Enabled was corrected from null to its default, true. 
[30Apr2025 15:11:26.463] [Server thread/WARN] [net.minecraftforge.common.ForgeConfigSpec/CORE]: Incorrect key Spells.irons_spellbooks:stomp.School was corrected from null to its default, irons_spellbooks:nature. 
[30Apr2025 15:11:26.463] [Server thread/WARN] [net.minecraftforge.common.ForgeConfigSpec/CORE]: Incorrect key Spells.irons_spellbooks:stomp.MaxLevel was corrected from null to its default, 5. 
[30Apr2025 15:11:26.463] [Server thread/WARN] [net.minecraftforge.common.ForgeConfigSpec/CORE]: Incorrect key Spells.irons_spellbooks:stomp.MinRarity was corrected from null to its default, UNCOMMON. 
[30Apr2025 15:11:26.464] [Server thread/WARN] [net.minecraftforge.common.ForgeConfigSpec/CORE]: Incorrect key Spells.irons_spellbooks:stomp.ManaCostMultiplier was corrected from null to its default, 1.0. 
[30Apr2025 15:11:26.464] [Server thread/WARN] [net.minecraftforge.common.ForgeConfigSpec/CORE]: Incorrect key Spells.irons_spellbooks:stomp.SpellPowerMultiplier was corrected from null to its default, 1.0. 
[30Apr2025 15:11:26.465] [Server thread/WARN] [net.minecraftforge.common.ForgeConfigSpec/CORE]: Incorrect key Spells.irons_spellbooks:stomp.CooldownInSeconds was corrected from null to its default, 16.0. 
[30Apr2025 15:11:26.466] [Server thread/WARN] [net.minecraftforge.common.ForgeConfigSpec/CORE]: Incorrect key Spells.irons_spellbooks:stomp.AllowCrafting was corrected from null to its default, true. 
[30Apr2025 15:11:26.466] [Server thread/WARN] [net.minecraftforge.common.ForgeConfigSpec/CORE]: Incorrect key Spells.irons_spellbooks:gluttony was corrected from null to its default, SimpleCommentedConfig:{}. 
[30Apr2025 15:11:26.467] [Server thread/WARN] [net.minecraftforge.common.ForgeConfigSpec/CORE]: Incorrect key Spells.irons_spellbooks:gluttony.Enabled was corrected from null to its default, true. 
[30Apr2025 15:11:26.467] [Server thread/WARN] [net.minecraftforge.common.ForgeConfigSpec/CORE]: Incorrect key Spells.irons_spellbooks:gluttony.School was corrected from null to its default, irons_spellbooks:nature. 
[30Apr2025 15:11:26.468] [Server thread/WARN] [net.minecraftforge.common.ForgeConfigSpec/CORE]: Incorrect key Spells.irons_spellbooks:gluttony.MaxLevel was corrected from null to its default, 5. 
[30Apr2025 15:11:26.468] [Server thread/WARN] [net.minecraftforge.common.ForgeConfigSpec/CORE]: Incorrect key Spells.irons_spellbooks:gluttony.MinRarity was corrected from null to its default, COMMON. 
[30Apr2025 15:11:26.468] [Server thread/WARN] [net.minecraftforge.common.ForgeConfigSpec/CORE]: Incorrect key Spells.irons_spellbooks:gluttony.ManaCostMultiplier was corrected from null to its default, 1.0. 
[30Apr2025 15:11:26.468] [Server thread/WARN] [net.minecraftforge.common.ForgeConfigSpec/CORE]: Incorrect key Spells.irons_spellbooks:gluttony.SpellPowerMultiplier was corrected from null to its default, 1.0. 
[30Apr2025 15:11:26.468] [Server thread/WARN] [net.minecraftforge.common.ForgeConfigSpec/CORE]: Incorrect key Spells.irons_spellbooks:gluttony.CooldownInSeconds was corrected from null to its default, 90.0. 
[30Apr2025 15:11:26.468] [Server thread/WARN] [net.minecraftforge.common.ForgeConfigSpec/CORE]: Incorrect key Spells.irons_spellbooks:gluttony.AllowCrafting was corrected from null to its default, true. 
[30Apr2025 15:11:26.469] [Server thread/WARN] [net.minecraftforge.common.ForgeConfigSpec/CORE]: Incorrect key Spells.irons_spellbooks:gust was corrected from null to its default, SimpleCommentedConfig:{}. 
[30Apr2025 15:11:26.469] [Server thread/WARN] [net.minecraftforge.common.ForgeConfigSpec/CORE]: Incorrect key Spells.irons_spellbooks:gust.Enabled was corrected from null to its default, true. 
[30Apr2025 15:11:26.470] [Server thread/WARN] [net.minecraftforge.common.ForgeConfigSpec/CORE]: Incorrect key Spells.irons_spellbooks:gust.School was corrected from null to its default, irons_spellbooks:evocation. 
[30Apr2025 15:11:26.470] [Server thread/WARN] [net.minecraftforge.common.ForgeConfigSpec/CORE]: Incorrect key Spells.irons_spellbooks:gust.MaxLevel was corrected from null to its default, 10. 
[30Apr2025 15:11:26.470] [Server thread/WARN] [net.minecraftforge.common.ForgeConfigSpec/CORE]: Incorrect key Spells.irons_spellbooks:gust.MinRarity was corrected from null to its default, UNCOMMON. 
[30Apr2025 15:11:26.471] [Server thread/WARN] [net.minecraftforge.common.ForgeConfigSpec/CORE]: Incorrect key Spells.irons_spellbooks:gust.ManaCostMultiplier was corrected from null to its default, 1.0. 
[30Apr2025 15:11:26.471] [Server thread/WARN] [net.minecraftforge.common.ForgeConfigSpec/CORE]: Incorrect key Spells.irons_spellbooks:gust.SpellPowerMultiplier was corrected from null to its default, 1.0. 
[30Apr2025 15:11:26.471] [Server thread/WARN] [net.minecraftforge.common.ForgeConfigSpec/CORE]: Incorrect key Spells.irons_spellbooks:gust.CooldownInSeconds was corrected from null to its default, 12.0. 
[30Apr2025 15:11:26.472] [Server thread/WARN] [net.minecraftforge.common.ForgeConfigSpec/CORE]: Incorrect key Spells.irons_spellbooks:gust.AllowCrafting was corrected from null to its default, true. 
[30Apr2025 15:11:26.472] [Server thread/WARN] [net.minecraftforge.common.ForgeConfigSpec/CORE]: Incorrect key Spells.irons_spellbooks:invisibility was corrected from null to its default, SimpleCommentedConfig:{}. 
[30Apr2025 15:11:26.473] [Server thread/WARN] [net.minecraftforge.common.ForgeConfigSpec/CORE]: Incorrect key Spells.irons_spellbooks:invisibility.Enabled was corrected from null to its default, true. 
[30Apr2025 15:11:26.473] [Server thread/WARN] [net.minecraftforge.common.ForgeConfigSpec/CORE]: Incorrect key Spells.irons_spellbooks:invisibility.School was corrected from null to its default, irons_spellbooks:evocation. 
[30Apr2025 15:11:26.473] [Server thread/WARN] [net.minecraftforge.common.ForgeConfigSpec/CORE]: Incorrect key Spells.irons_spellbooks:invisibility.MaxLevel was corrected from null to its default, 6. 
[30Apr2025 15:11:26.473] [Server thread/WARN] [net.minecraftforge.common.ForgeConfigSpec/CORE]: Incorrect key Spells.irons_spellbooks:invisibility.MinRarity was corrected from null to its default, RARE. 
[30Apr2025 15:11:26.473] [Server thread/WARN] [net.minecraftforge.common.ForgeConfigSpec/CORE]: Incorrect key Spells.irons_spellbooks:invisibility.ManaCostMultiplier was corrected from null to its default, 1.0. 
[30Apr2025 15:11:26.474] [Server thread/WARN] [net.minecraftforge.common.ForgeConfigSpec/CORE]: Incorrect key Spells.irons_spellbooks:invisibility.SpellPowerMultiplier was corrected from null to its default, 1.0. 
[30Apr2025 15:11:26.474] [Server thread/WARN] [net.minecraftforge.common.ForgeConfigSpec/CORE]: Incorrect key Spells.irons_spellbooks:invisibility.CooldownInSeconds was corrected from null to its default, 45.0. 
[30Apr2025 15:11:26.475] [Server thread/WARN] [net.minecraftforge.common.ForgeConfigSpec/CORE]: Incorrect key Spells.irons_spellbooks:invisibility.AllowCrafting was corrected from null to its default, true. 
[30Apr2025 15:11:26.475] [Server thread/WARN] [net.minecraftforge.common.ForgeConfigSpec/CORE]: Incorrect key Spells.irons_spellbooks:summon_vex was corrected from null to its default, SimpleCommentedConfig:{}. 
[30Apr2025 15:11:26.475] [Server thread/WARN] [net.minecraftforge.common.ForgeConfigSpec/CORE]: Incorrect key Spells.irons_spellbooks:summon_vex.Enabled was corrected from null to its default, true. 
[30Apr2025 15:11:26.475] [Server thread/WARN] [net.minecraftforge.common.ForgeConfigSpec/CORE]: Incorrect key Spells.irons_spellbooks:summon_vex.School was corrected from null to its default, irons_spellbooks:evocation. 
[30Apr2025 15:11:26.476] [Server thread/WARN] [net.minecraftforge.common.ForgeConfigSpec/CORE]: Incorrect key Spells.irons_spellbooks:summon_vex.MaxLevel was corrected from null to its default, 5. 
[30Apr2025 15:11:26.476] [Server thread/WARN] [net.minecraftforge.common.ForgeConfigSpec/CORE]: Incorrect key Spells.irons_spellbooks:summon_vex.MinRarity was corrected from null to its default, RARE. 
[30Apr2025 15:11:26.477] [Server thread/WARN] [net.minecraftforge.common.ForgeConfigSpec/CORE]: Incorrect key Spells.irons_spellbooks:summon_vex.ManaCostMultiplier was corrected from null to its default, 1.0. 
[30Apr2025 15:11:26.477] [Server thread/WARN] [net.minecraftforge.common.ForgeConfigSpec/CORE]: Incorrect key Spells.irons_spellbooks:summon_vex.SpellPowerMultiplier was corrected from null to its default, 1.0. 
[30Apr2025 15:11:26.477] [Server thread/WARN] [net.minecraftforge.common.ForgeConfigSpec/CORE]: Incorrect key Spells.irons_spellbooks:summon_vex.CooldownInSeconds was corrected from null to its default, 150.0. 
[30Apr2025 15:11:26.477] [Server thread/WARN] [net.minecraftforge.common.ForgeConfigSpec/CORE]: Incorrect key Spells.irons_spellbooks:summon_vex.AllowCrafting was corrected from null to its default, true. 
[30Apr2025 15:11:26.478] [Server thread/WARN] [net.minecraftforge.common.ForgeConfigSpec/CORE]: Incorrect key Spells.irons_spellbooks:wololo was corrected from null to its default, SimpleCommentedConfig:{}. 
[30Apr2025 15:11:26.478] [Server thread/WARN] [net.minecraftforge.common.ForgeConfigSpec/CORE]: Incorrect key Spells.irons_spellbooks:wololo.Enabled was corrected from null to its default, true. 
[30Apr2025 15:11:26.478] [Server thread/WARN] [net.minecraftforge.common.ForgeConfigSpec/CORE]: Incorrect key Spells.irons_spellbooks:wololo.School was corrected from null to its default, irons_spellbooks:evocation. 
[30Apr2025 15:11:26.479] [Server thread/WARN] [net.minecraftforge.common.ForgeConfigSpec/CORE]: Incorrect key Spells.irons_spellbooks:wololo.MaxLevel was corrected from null to its default, 1. 
[30Apr2025 15:11:26.479] [Server thread/WARN] [net.minecraftforge.common.ForgeConfigSpec/CORE]: Incorrect key Spells.irons_spellbooks:wololo.MinRarity was corrected from null to its default, LEGENDARY. 
[30Apr2025 15:11:26.479] [Server thread/WARN] [net.minecraftforge.common.ForgeConfigSpec/CORE]: Incorrect key Spells.irons_spellbooks:wololo.ManaCostMultiplier was corrected from null to its default, 1.0. 
[30Apr2025 15:11:26.479] [Server thread/WARN] [net.minecraftforge.common.ForgeConfigSpec/CORE]: Incorrect key Spells.irons_spellbooks:wololo.SpellPowerMultiplier was corrected from null to its default, 1.0. 
[30Apr2025 15:11:26.480] [Server thread/WARN] [net.minecraftforge.common.ForgeConfigSpec/CORE]: Incorrect key Spells.irons_spellbooks:wololo.CooldownInSeconds was corrected from null to its default, 10.0. 
[30Apr2025 15:11:26.480] [Server thread/WARN] [net.minecraftforge.common.ForgeConfigSpec/CORE]: Incorrect key Spells.irons_spellbooks:wololo.AllowCrafting was corrected from null to its default, true. 
[30Apr2025 15:11:26.480] [Server thread/WARN] [net.minecraftforge.common.ForgeConfigSpec/CORE]: Incorrect key Spells.irons_spellbooks:spectral_hammer was corrected from null to its default, SimpleCommentedConfig:{}. 
[30Apr2025 15:11:26.480] [Server thread/WARN] [net.minecraftforge.common.ForgeConfigSpec/CORE]: Incorrect key Spells.irons_spellbooks:spectral_hammer.Enabled was corrected from null to its default, true. 
[30Apr2025 15:11:26.480] [Server thread/WARN] [net.minecraftforge.common.ForgeConfigSpec/CORE]: Incorrect key Spells.irons_spellbooks:spectral_hammer.School was corrected from null to its default, irons_spellbooks:evocation. 
[30Apr2025 15:11:26.482] [Server thread/WARN] [net.minecraftforge.common.ForgeConfigSpec/CORE]: Incorrect key Spells.irons_spellbooks:spectral_hammer.MaxLevel was corrected from null to its default, 5. 
[30Apr2025 15:11:26.482] [Server thread/WARN] [net.minecraftforge.common.ForgeConfigSpec/CORE]: Incorrect key Spells.irons_spellbooks:spectral_hammer.MinRarity was corrected from null to its default, UNCOMMON. 
[30Apr2025 15:11:26.482] [Server thread/WARN] [net.minecraftforge.common.ForgeConfigSpec/CORE]: Incorrect key Spells.irons_spellbooks:spectral_hammer.ManaCostMultiplier was corrected from null to its default, 1.0. 
[30Apr2025 15:11:26.483] [Server thread/WARN] [net.minecraftforge.common.ForgeConfigSpec/CORE]: Incorrect key Spells.irons_spellbooks:spectral_hammer.SpellPowerMultiplier was corrected from null to its default, 1.0. 
[30Apr2025 15:11:26.483] [Server thread/WARN] [net.minecraftforge.common.ForgeConfigSpec/CORE]: Incorrect key Spells.irons_spellbooks:spectral_hammer.CooldownInSeconds was corrected from null to its default, 2.0. 
[30Apr2025 15:11:26.483] [Server thread/WARN] [net.minecraftforge.common.ForgeConfigSpec/CORE]: Incorrect key Spells.irons_spellbooks:spectral_hammer.AllowCrafting was corrected from null to its default, true. 
[30Apr2025 15:11:26.483] [Server thread/WARN] [net.minecraftforge.common.ForgeConfigSpec/CORE]: Incorrect key Spells.irons_spellbooks:arrow_volley was corrected from null to its default, SimpleCommentedConfig:{}. 
[30Apr2025 15:11:26.483] [Server thread/WARN] [net.minecraftforge.common.ForgeConfigSpec/CORE]: Incorrect key Spells.irons_spellbooks:arrow_volley.Enabled was corrected from null to its default, true. 
[30Apr2025 15:11:26.483] [Server thread/WARN] [net.minecraftforge.common.ForgeConfigSpec/CORE]: Incorrect key Spells.irons_spellbooks:arrow_volley.School was corrected from null to its default, irons_spellbooks:evocation. 
[30Apr2025 15:11:26.484] [Server thread/WARN] [net.minecraftforge.common.ForgeConfigSpec/CORE]: Incorrect key Spells.irons_spellbooks:arrow_volley.MaxLevel was corrected from null to its default, 6. 
[30Apr2025 15:11:26.484] [Server thread/WARN] [net.minecraftforge.common.ForgeConfigSpec/CORE]: Incorrect key Spells.irons_spellbooks:arrow_volley.MinRarity was corrected from null to its default, UNCOMMON. 
[30Apr2025 15:11:26.484] [Server thread/WARN] [net.minecraftforge.common.ForgeConfigSpec/CORE]: Incorrect key Spells.irons_spellbooks:arrow_volley.ManaCostMultiplier was corrected from null to its default, 1.0. 
[30Apr2025 15:11:26.484] [Server thread/WARN] [net.minecraftforge.common.ForgeConfigSpec/CORE]: Incorrect key Spells.irons_spellbooks:arrow_volley.SpellPowerMultiplier was corrected from null to its default, 1.0. 
[30Apr2025 15:11:26.484] [Server thread/WARN] [net.minecraftforge.common.ForgeConfigSpec/CORE]: Incorrect key Spells.irons_spellbooks:arrow_volley.CooldownInSeconds was corrected from null to its default, 15.0. 
[30Apr2025 15:11:26.484] [Server thread/WARN] [net.minecraftforge.common.ForgeConfigSpec/CORE]: Incorrect key Spells.irons_spellbooks:arrow_volley.AllowCrafting was corrected from null to its default, true. 
[30Apr2025 15:11:26.485] [Server thread/WARN] [net.minecraftforge.common.ForgeConfigSpec/CORE]: Incorrect key Spells.irons_spellbooks:fang_ward was corrected from null to its default, SimpleCommentedConfig:{}. 
[30Apr2025 15:11:26.485] [Server thread/WARN] [net.minecraftforge.common.ForgeConfigSpec/CORE]: Incorrect key Spells.irons_spellbooks:fang_ward.Enabled was corrected from null to its default, true. 
[30Apr2025 15:11:26.486] [Server thread/WARN] [net.minecraftforge.common.ForgeConfigSpec/CORE]: Incorrect key Spells.irons_spellbooks:fang_ward.School was corrected from null to its default, irons_spellbooks:evocation. 
[30Apr2025 15:11:26.486] [Server thread/WARN] [net.minecraftforge.common.ForgeConfigSpec/CORE]: Incorrect key Spells.irons_spellbooks:fang_ward.MaxLevel was corrected from null to its default, 8. 
[30Apr2025 15:11:26.487] [Server thread/WARN] [net.minecraftforge.common.ForgeConfigSpec/CORE]: Incorrect key Spells.irons_spellbooks:fang_ward.MinRarity was corrected from null to its default, COMMON. 
[30Apr2025 15:11:26.487] [Server thread/WARN] [net.minecraftforge.common.ForgeConfigSpec/CORE]: Incorrect key Spells.irons_spellbooks:fang_ward.ManaCostMultiplier was corrected from null to its default, 1.0. 
[30Apr2025 15:11:26.487] [Server thread/WARN] [net.minecraftforge.common.ForgeConfigSpec/CORE]: Incorrect key Spells.irons_spellbooks:fang_ward.SpellPowerMultiplier was corrected from null to its default, 1.0. 
[30Apr2025 15:11:26.487] [Server thread/WARN] [net.minecraftforge.common.ForgeConfigSpec/CORE]: Incorrect key Spells.irons_spellbooks:fang_ward.CooldownInSeconds was corrected from null to its default, 15.0. 
[30Apr2025 15:11:26.487] [Server thread/WARN] [net.minecraftforge.common.ForgeConfigSpec/CORE]: Incorrect key Spells.irons_spellbooks:fang_ward.AllowCrafting was corrected from null to its default, true. 
[30Apr2025 15:11:26.487] [Server thread/WARN] [net.minecraftforge.common.ForgeConfigSpec/CORE]: Incorrect key Spells.irons_spellbooks:fang_strike was corrected from null to its default, SimpleCommentedConfig:{}. 
[30Apr2025 15:11:26.487] [Server thread/WARN] [net.minecraftforge.common.ForgeConfigSpec/CORE]: Incorrect key Spells.irons_spellbooks:fang_strike.Enabled was corrected from null to its default, true. 
[30Apr2025 15:11:26.488] [Server thread/WARN] [net.minecraftforge.common.ForgeConfigSpec/CORE]: Incorrect key Spells.irons_spellbooks:fang_strike.School was corrected from null to its default, irons_spellbooks:evocation. 
[30Apr2025 15:11:26.488] [Server thread/WARN] [net.minecraftforge.common.ForgeConfigSpec/CORE]: Incorrect key Spells.irons_spellbooks:fang_strike.MaxLevel was corrected from null to its default, 10. 
[30Apr2025 15:11:26.488] [Server thread/WARN] [net.minecraftforge.common.ForgeConfigSpec/CORE]: Incorrect key Spells.irons_spellbooks:fang_strike.MinRarity was corrected from null to its default, COMMON. 
[30Apr2025 15:11:26.490] [Server thread/WARN] [net.minecraftforge.common.ForgeConfigSpec/CORE]: Incorrect key Spells.irons_spellbooks:fang_strike.ManaCostMultiplier was corrected from null to its default, 1.0. 
[30Apr2025 15:11:26.490] [Server thread/WARN] [net.minecraftforge.common.ForgeConfigSpec/CORE]: Incorrect key Spells.irons_spellbooks:fang_strike.SpellPowerMultiplier was corrected from null to its default, 1.0. 
[30Apr2025 15:11:26.490] [Server thread/WARN] [net.minecraftforge.common.ForgeConfigSpec/CORE]: Incorrect key Spells.irons_spellbooks:fang_strike.CooldownInSeconds was corrected from null to its default, 5.0. 
[30Apr2025 15:11:26.491] [Server thread/WARN] [net.minecraftforge.common.ForgeConfigSpec/CORE]: Incorrect key Spells.irons_spellbooks:fang_strike.AllowCrafting was corrected from null to its default, true. 
[30Apr2025 15:11:26.491] [Server thread/WARN] [net.minecraftforge.common.ForgeConfigSpec/CORE]: Incorrect key Spells.irons_spellbooks:chain_creeper was corrected from null to its default, SimpleCommentedConfig:{}. 
[30Apr2025 15:11:26.491] [Server thread/WARN] [net.minecraftforge.common.ForgeConfigSpec/CORE]: Incorrect key Spells.irons_spellbooks:chain_creeper.Enabled was corrected from null to its default, true. 
[30Apr2025 15:11:26.492] [Server thread/WARN] [net.minecraftforge.common.ForgeConfigSpec/CORE]: Incorrect key Spells.irons_spellbooks:chain_creeper.School was corrected from null to its default, irons_spellbooks:evocation. 
[30Apr2025 15:11:26.492] [Server thread/WARN] [net.minecraftforge.common.ForgeConfigSpec/CORE]: Incorrect key Spells.irons_spellbooks:chain_creeper.MaxLevel was corrected from null to its default, 6. 
[30Apr2025 15:11:26.492] [Server thread/WARN] [net.minecraftforge.common.ForgeConfigSpec/CORE]: Incorrect key Spells.irons_spellbooks:chain_creeper.MinRarity was corrected from null to its default, UNCOMMON. 
[30Apr2025 15:11:26.492] [Server thread/WARN] [net.minecraftforge.common.ForgeConfigSpec/CORE]: Incorrect key Spells.irons_spellbooks:chain_creeper.ManaCostMultiplier was corrected from null to its default, 1.0. 
[30Apr2025 15:11:26.493] [Server thread/WARN] [net.minecraftforge.common.ForgeConfigSpec/CORE]: Incorrect key Spells.irons_spellbooks:chain_creeper.SpellPowerMultiplier was corrected from null to its default, 1.0. 
[30Apr2025 15:11:26.494] [Server thread/WARN] [net.minecraftforge.common.ForgeConfigSpec/CORE]: Incorrect key Spells.irons_spellbooks:chain_creeper.CooldownInSeconds was corrected from null to its default, 15.0. 
[30Apr2025 15:11:26.494] [Server thread/WARN] [net.minecraftforge.common.ForgeConfigSpec/CORE]: Incorrect key Spells.irons_spellbooks:chain_creeper.AllowCrafting was corrected from null to its default, true. 
[30Apr2025 15:11:26.495] [Server thread/WARN] [net.minecraftforge.common.ForgeConfigSpec/CORE]: Incorrect key Spells.irons_spellbooks:lob_creeper was corrected from null to its default, SimpleCommentedConfig:{}. 
[30Apr2025 15:11:26.495] [Server thread/WARN] [net.minecraftforge.common.ForgeConfigSpec/CORE]: Incorrect key Spells.irons_spellbooks:lob_creeper.Enabled was corrected from null to its default, true. 
[30Apr2025 15:11:26.496] [Server thread/WARN] [net.minecraftforge.common.ForgeConfigSpec/CORE]: Incorrect key Spells.irons_spellbooks:lob_creeper.School was corrected from null to its default, irons_spellbooks:evocation. 
[30Apr2025 15:11:26.496] [Server thread/WARN] [net.minecraftforge.common.ForgeConfigSpec/CORE]: Incorrect key Spells.irons_spellbooks:lob_creeper.MaxLevel was corrected from null to its default, 10. 
[30Apr2025 15:11:26.497] [Server thread/WARN] [net.minecraftforge.common.ForgeConfigSpec/CORE]: Incorrect key Spells.irons_spellbooks:lob_creeper.MinRarity was corrected from null to its default, UNCOMMON. 
[30Apr2025 15:11:26.497] [Server thread/WARN] [net.minecraftforge.common.ForgeConfigSpec/CORE]: Incorrect key Spells.irons_spellbooks:lob_creeper.ManaCostMultiplier was corrected from null to its default, 1.0. 
[30Apr2025 15:11:26.497] [Server thread/WARN] [net.minecraftforge.common.ForgeConfigSpec/CORE]: Incorrect key Spells.irons_spellbooks:lob_creeper.SpellPowerMultiplier was corrected from null to its default, 1.0. 
[30Apr2025 15:11:26.497] [Server thread/WARN] [net.minecraftforge.common.ForgeConfigSpec/CORE]: Incorrect key Spells.irons_spellbooks:lob_creeper.CooldownInSeconds was corrected from null to its default, 2.0. 
[30Apr2025 15:11:26.498] [Server thread/WARN] [net.minecraftforge.common.ForgeConfigSpec/CORE]: Incorrect key Spells.irons_spellbooks:lob_creeper.AllowCrafting was corrected from null to its default, true. 
[30Apr2025 15:11:26.498] [Server thread/WARN] [net.minecraftforge.common.ForgeConfigSpec/CORE]: Incorrect key Spells.irons_spellbooks:shield was corrected from null to its default, SimpleCommentedConfig:{}. 
[30Apr2025 15:11:26.498] [Server thread/WARN] [net.minecraftforge.common.ForgeConfigSpec/CORE]: Incorrect key Spells.irons_spellbooks:shield.Enabled was corrected from null to its default, true. 
[30Apr2025 15:11:26.498] [Server thread/WARN] [net.minecraftforge.common.ForgeConfigSpec/CORE]: Incorrect key Spells.irons_spellbooks:shield.School was corrected from null to its default, irons_spellbooks:evocation. 
[30Apr2025 15:11:26.499] [Server thread/WARN] [net.minecraftforge.common.ForgeConfigSpec/CORE]: Incorrect key Spells.irons_spellbooks:shield.MaxLevel was corrected from null to its default, 10. 
[30Apr2025 15:11:26.499] [Server thread/WARN] [net.minecraftforge.common.ForgeConfigSpec/CORE]: Incorrect key Spells.irons_spellbooks:shield.MinRarity was corrected from null to its default, COMMON. 
[30Apr2025 15:11:26.500] [Server thread/WARN] [net.minecraftforge.common.ForgeConfigSpec/CORE]: Incorrect key Spells.irons_spellbooks:shield.ManaCostMultiplier was corrected from null to its default, 1.0. 
[30Apr2025 15:11:26.500] [Server thread/WARN] [net.minecraftforge.common.ForgeConfigSpec/CORE]: Incorrect key Spells.irons_spellbooks:shield.SpellPowerMultiplier was corrected from null to its default, 1.0. 
[30Apr2025 15:11:26.500] [Server thread/WARN] [net.minecraftforge.common.ForgeConfigSpec/CORE]: Incorrect key Spells.irons_spellbooks:shield.CooldownInSeconds was corrected from null to its default, 8.0. 
[30Apr2025 15:11:26.500] [Server thread/WARN] [net.minecraftforge.common.ForgeConfigSpec/CORE]: Incorrect key Spells.irons_spellbooks:shield.AllowCrafting was corrected from null to its default, true. 
[30Apr2025 15:11:26.500] [Server thread/WARN] [net.minecraftforge.common.ForgeConfigSpec/CORE]: Incorrect key Spells.irons_spellbooks:summon_horse was corrected from null to its default, SimpleCommentedConfig:{}. 
[30Apr2025 15:11:26.501] [Server thread/WARN] [net.minecraftforge.common.ForgeConfigSpec/CORE]: Incorrect key Spells.irons_spellbooks:summon_horse.Enabled was corrected from null to its default, true. 
[30Apr2025 15:11:26.501] [Server thread/WARN] [net.minecraftforge.common.ForgeConfigSpec/CORE]: Incorrect key Spells.irons_spellbooks:summon_horse.School was corrected from null to its default, irons_spellbooks:evocation. 
[30Apr2025 15:11:26.501] [Server thread/WARN] [net.minecraftforge.common.ForgeConfigSpec/CORE]: Incorrect key Spells.irons_spellbooks:summon_horse.MaxLevel was corrected from null to its default, 5. 
[30Apr2025 15:11:26.501] [Server thread/WARN] [net.minecraftforge.common.ForgeConfigSpec/CORE]: Incorrect key Spells.irons_spellbooks:summon_horse.MinRarity was corrected from null to its default, COMMON. 
[30Apr2025 15:11:26.501] [Server thread/WARN] [net.minecraftforge.common.ForgeConfigSpec/CORE]: Incorrect key Spells.irons_spellbooks:summon_horse.ManaCostMultiplier was corrected from null to its default, 1.0. 
[30Apr2025 15:11:26.503] [Server thread/WARN] [net.minecraftforge.common.ForgeConfigSpec/CORE]: Incorrect key Spells.irons_spellbooks:summon_horse.SpellPowerMultiplier was corrected from null to its default, 1.0. 
[30Apr2025 15:11:26.504] [Server thread/WARN] [net.minecraftforge.common.ForgeConfigSpec/CORE]: Incorrect key Spells.irons_spellbooks:summon_horse.CooldownInSeconds was corrected from null to its default, 20.0. 
[30Apr2025 15:11:26.504] [Server thread/WARN] [net.minecraftforge.common.ForgeConfigSpec/CORE]: Incorrect key Spells.irons_spellbooks:summon_horse.AllowCrafting was corrected from null to its default, true. 
[30Apr2025 15:11:26.505] [Server thread/WARN] [net.minecraftforge.common.ForgeConfigSpec/CORE]: Incorrect key Spells.irons_spellbooks:slow was corrected from null to its default, SimpleCommentedConfig:{}. 
[30Apr2025 15:11:26.505] [Server thread/WARN] [net.minecraftforge.common.ForgeConfigSpec/CORE]: Incorrect key Spells.irons_spellbooks:slow.Enabled was corrected from null to its default, true. 
[30Apr2025 15:11:26.505] [Server thread/WARN] [net.minecraftforge.common.ForgeConfigSpec/CORE]: Incorrect key Spells.irons_spellbooks:slow.School was corrected from null to its default, irons_spellbooks:evocation. 
[30Apr2025 15:11:26.506] [Server thread/WARN] [net.minecraftforge.common.ForgeConfigSpec/CORE]: Incorrect key Spells.irons_spellbooks:slow.MaxLevel was corrected from null to its default, 4. 
[30Apr2025 15:11:26.506] [Server thread/WARN] [net.minecraftforge.common.ForgeConfigSpec/CORE]: Incorrect key Spells.irons_spellbooks:slow.MinRarity was corrected from null to its default, EPIC. 
[30Apr2025 15:11:26.506] [Server thread/WARN] [net.minecraftforge.common.ForgeConfigSpec/CORE]: Incorrect key Spells.irons_spellbooks:slow.ManaCostMultiplier was corrected from null to its default, 1.0. 
[30Apr2025 15:11:26.506] [Server thread/WARN] [net.minecraftforge.common.ForgeConfigSpec/CORE]: Incorrect key Spells.irons_spellbooks:slow.SpellPowerMultiplier was corrected from null to its default, 1.0. 
[30Apr2025 15:11:26.506] [Server thread/WARN] [net.minecraftforge.common.ForgeConfigSpec/CORE]: Incorrect key Spells.irons_spellbooks:slow.CooldownInSeconds was corrected from null to its default, 80.0. 
[30Apr2025 15:11:26.506] [Server thread/WARN] [net.minecraftforge.common.ForgeConfigSpec/CORE]: Incorrect key Spells.irons_spellbooks:slow.AllowCrafting was corrected from null to its default, true. 
[30Apr2025 15:11:26.506] [Server thread/WARN] [net.minecraftforge.common.ForgeConfigSpec/CORE]: Incorrect key Spells.irons_spellbooks:firecracker was corrected from null to its default, SimpleCommentedConfig:{}. 
[30Apr2025 15:11:26.507] [Server thread/WARN] [net.minecraftforge.common.ForgeConfigSpec/CORE]: Incorrect key Spells.irons_spellbooks:firecracker.Enabled was corrected from null to its default, true. 
[30Apr2025 15:11:26.507] [Server thread/WARN] [net.minecraftforge.common.ForgeConfigSpec/CORE]: Incorrect key Spells.irons_spellbooks:firecracker.School was corrected from null to its default, irons_spellbooks:evocation. 
[30Apr2025 15:11:26.507] [Server thread/WARN] [net.minecraftforge.common.ForgeConfigSpec/CORE]: Incorrect key Spells.irons_spellbooks:firecracker.MaxLevel was corrected from null to its default, 10. 
[30Apr2025 15:11:26.507] [Server thread/WARN] [net.minecraftforge.common.ForgeConfigSpec/CORE]: Incorrect key Spells.irons_spellbooks:firecracker.MinRarity was corrected from null to its default, COMMON. 
[30Apr2025 15:11:26.509] [Server thread/WARN] [net.minecraftforge.common.ForgeConfigSpec/CORE]: Incorrect key Spells.irons_spellbooks:firecracker.ManaCostMultiplier was corrected from null to its default, 1.0. 
[30Apr2025 15:11:26.511] [Server thread/WARN] [net.minecraftforge.common.ForgeConfigSpec/CORE]: Incorrect key Spells.irons_spellbooks:firecracker.SpellPowerMultiplier was corrected from null to its default, 1.0. 
[30Apr2025 15:11:26.511] [Server thread/WARN] [net.minecraftforge.common.ForgeConfigSpec/CORE]: Incorrect key Spells.irons_spellbooks:firecracker.CooldownInSeconds was corrected from null to its default, 1.5. 
[30Apr2025 15:11:26.511] [Server thread/WARN] [net.minecraftforge.common.ForgeConfigSpec/CORE]: Incorrect key Spells.irons_spellbooks:firecracker.AllowCrafting was corrected from null to its default, true. 
[30Apr2025 15:11:26.512] [Server thread/WARN] [net.minecraftforge.common.ForgeConfigSpec/CORE]: Incorrect key Spells.irons_spellbooks:evasion was corrected from null to its default, SimpleCommentedConfig:{}. 
[30Apr2025 15:11:26.512] [Server thread/WARN] [net.minecraftforge.common.ForgeConfigSpec/CORE]: Incorrect key Spells.irons_spellbooks:evasion.Enabled was corrected from null to its default, true. 
[30Apr2025 15:11:26.513] [Server thread/WARN] [net.minecraftforge.common.ForgeConfigSpec/CORE]: Incorrect key Spells.irons_spellbooks:evasion.School was corrected from null to its default, irons_spellbooks:ender. 
[30Apr2025 15:11:26.513] [Server thread/WARN] [net.minecraftforge.common.ForgeConfigSpec/CORE]: Incorrect key Spells.irons_spellbooks:evasion.MaxLevel was corrected from null to its default, 5. 
[30Apr2025 15:11:26.514] [Server thread/WARN] [net.minecraftforge.common.ForgeConfigSpec/CORE]: Incorrect key Spells.irons_spellbooks:evasion.MinRarity was corrected from null to its default, EPIC. 
[30Apr2025 15:11:26.515] [Server thread/WARN] [net.minecraftforge.common.ForgeConfigSpec/CORE]: Incorrect key Spells.irons_spellbooks:evasion.ManaCostMultiplier was corrected from null to its default, 1.0. 
[30Apr2025 15:11:26.515] [Server thread/WARN] [net.minecraftforge.common.ForgeConfigSpec/CORE]: Incorrect key Spells.irons_spellbooks:evasion.SpellPowerMultiplier was corrected from null to its default, 1.0. 
[30Apr2025 15:11:26.516] [Server thread/WARN] [net.minecraftforge.common.ForgeConfigSpec/CORE]: Incorrect key Spells.irons_spellbooks:evasion.CooldownInSeconds was corrected from null to its default, 180.0. 
[30Apr2025 15:11:26.516] [Server thread/WARN] [net.minecraftforge.common.ForgeConfigSpec/CORE]: Incorrect key Spells.irons_spellbooks:evasion.AllowCrafting was corrected from null to its default, true. 
[30Apr2025 15:11:26.517] [Server thread/WARN] [net.minecraftforge.common.ForgeConfigSpec/CORE]: Incorrect key Spells.irons_spellbooks:recall was corrected from null to its default, SimpleCommentedConfig:{}. 
[30Apr2025 15:11:26.517] [Server thread/WARN] [net.minecraftforge.common.ForgeConfigSpec/CORE]: Incorrect key Spells.irons_spellbooks:recall.Enabled was corrected from null to its default, true. 
[30Apr2025 15:11:26.517] [Server thread/WARN] [net.minecraftforge.common.ForgeConfigSpec/CORE]: Incorrect key Spells.irons_spellbooks:recall.School was corrected from null to its default, irons_spellbooks:ender. 
[30Apr2025 15:11:26.518] [Server thread/WARN] [net.minecraftforge.common.ForgeConfigSpec/CORE]: Incorrect key Spells.irons_spellbooks:recall.MaxLevel was corrected from null to its default, 1. 
[30Apr2025 15:11:26.518] [Server thread/WARN] [net.minecraftforge.common.ForgeConfigSpec/CORE]: Incorrect key Spells.irons_spellbooks:recall.MinRarity was corrected from null to its default, UNCOMMON. 
[30Apr2025 15:11:26.518] [Server thread/WARN] [net.minecraftforge.common.ForgeConfigSpec/CORE]: Incorrect key Spells.irons_spellbooks:recall.ManaCostMultiplier was corrected from null to its default, 1.0. 
[30Apr2025 15:11:26.518] [Server thread/WARN] [net.minecraftforge.common.ForgeConfigSpec/CORE]: Incorrect key Spells.irons_spellbooks:recall.SpellPowerMultiplier was corrected from null to its default, 1.0. 
[30Apr2025 15:11:26.519] [Server thread/WARN] [net.minecraftforge.common.ForgeConfigSpec/CORE]: Incorrect key Spells.irons_spellbooks:recall.CooldownInSeconds was corrected from null to its default, 300.0. 
[30Apr2025 15:11:26.520] [Server thread/WARN] [net.minecraftforge.common.ForgeConfigSpec/CORE]: Incorrect key Spells.irons_spellbooks:recall.AllowCrafting was corrected from null to its default, true. 
[30Apr2025 15:11:26.520] [Server thread/WARN] [net.minecraftforge.common.ForgeConfigSpec/CORE]: Incorrect key Spells.irons_spellbooks:magic_arrow was corrected from null to its default, SimpleCommentedConfig:{}. 
[30Apr2025 15:11:26.520] [Server thread/WARN] [net.minecraftforge.common.ForgeConfigSpec/CORE]: Incorrect key Spells.irons_spellbooks:magic_arrow.Enabled was corrected from null to its default, true. 
[30Apr2025 15:11:26.521] [Server thread/WARN] [net.minecraftforge.common.ForgeConfigSpec/CORE]: Incorrect key Spells.irons_spellbooks:magic_arrow.School was corrected from null to its default, irons_spellbooks:ender. 
[30Apr2025 15:11:26.521] [Server thread/WARN] [net.minecraftforge.common.ForgeConfigSpec/CORE]: Incorrect key Spells.irons_spellbooks:magic_arrow.MaxLevel was corrected from null to its default, 10. 
[30Apr2025 15:11:26.522] [Server thread/WARN] [net.minecraftforge.common.ForgeConfigSpec/CORE]: Incorrect key Spells.irons_spellbooks:magic_arrow.MinRarity was corrected from null to its default, RARE. 
[30Apr2025 15:11:26.522] [Server thread/WARN] [net.minecraftforge.common.ForgeConfigSpec/CORE]: Incorrect key Spells.irons_spellbooks:magic_arrow.ManaCostMultiplier was corrected from null to its default, 1.0. 
[30Apr2025 15:11:26.522] [Server thread/WARN] [net.minecraftforge.common.ForgeConfigSpec/CORE]: Incorrect key Spells.irons_spellbooks:magic_arrow.SpellPowerMultiplier was corrected from null to its default, 1.0. 
[30Apr2025 15:11:26.522] [Server thread/WARN] [net.minecraftforge.common.ForgeConfigSpec/CORE]: Incorrect key Spells.irons_spellbooks:magic_arrow.CooldownInSeconds was corrected from null to its default, 8.0. 
[30Apr2025 15:11:26.523] [Server thread/WARN] [net.minecraftforge.common.ForgeConfigSpec/CORE]: Incorrect key Spells.irons_spellbooks:magic_arrow.AllowCrafting was corrected from null to its default, true. 
[30Apr2025 15:11:26.524] [Server thread/WARN] [net.minecraftforge.common.ForgeConfigSpec/CORE]: Incorrect key Spells.irons_spellbooks:teleport was corrected from null to its default, SimpleCommentedConfig:{}. 
[30Apr2025 15:11:26.524] [Server thread/WARN] [net.minecraftforge.common.ForgeConfigSpec/CORE]: Incorrect key Spells.irons_spellbooks:teleport.Enabled was corrected from null to its default, true. 
[30Apr2025 15:11:26.524] [Server thread/WARN] [net.minecraftforge.common.ForgeConfigSpec/CORE]: Incorrect key Spells.irons_spellbooks:teleport.School was corrected from null to its default, irons_spellbooks:ender. 
[30Apr2025 15:11:26.525] [Server thread/WARN] [net.minecraftforge.common.ForgeConfigSpec/CORE]: Incorrect key Spells.irons_spellbooks:teleport.MaxLevel was corrected from null to its default, 5. 
[30Apr2025 15:11:26.525] [Server thread/WARN] [net.minecraftforge.common.ForgeConfigSpec/CORE]: Incorrect key Spells.irons_spellbooks:teleport.MinRarity was corrected from null to its default, UNCOMMON. 
[30Apr2025 15:11:26.525] [Server thread/WARN] [net.minecraftforge.common.ForgeConfigSpec/CORE]: Incorrect key Spells.irons_spellbooks:teleport.ManaCostMultiplier was corrected from null to its default, 1.0. 
[30Apr2025 15:11:26.525] [Server thread/WARN] [net.minecraftforge.common.ForgeConfigSpec/CORE]: Incorrect key Spells.irons_spellbooks:teleport.SpellPowerMultiplier was corrected from null to its default, 1.0. 
[30Apr2025 15:11:26.526] [Server thread/WARN] [net.minecraftforge.common.ForgeConfigSpec/CORE]: Incorrect key Spells.irons_spellbooks:teleport.CooldownInSeconds was corrected from null to its default, 3.0. 
[30Apr2025 15:11:26.526] [Server thread/WARN] [net.minecraftforge.common.ForgeConfigSpec/CORE]: Incorrect key Spells.irons_spellbooks:teleport.AllowCrafting was corrected from null to its default, true. 
[30Apr2025 15:11:26.526] [Server thread/WARN] [net.minecraftforge.common.ForgeConfigSpec/CORE]: Incorrect key Spells.irons_spellbooks:echoing_strikes was corrected from null to its default, SimpleCommentedConfig:{}. 
[30Apr2025 15:11:26.527] [Server thread/WARN] [net.minecraftforge.common.ForgeConfigSpec/CORE]: Incorrect key Spells.irons_spellbooks:echoing_strikes.Enabled was corrected from null to its default, true. 
[30Apr2025 15:11:26.527] [Server thread/WARN] [net.minecraftforge.common.ForgeConfigSpec/CORE]: Incorrect key Spells.irons_spellbooks:echoing_strikes.School was corrected from null to its default, irons_spellbooks:ender. 
[30Apr2025 15:11:26.527] [Server thread/WARN] [net.minecraftforge.common.ForgeConfigSpec/CORE]: Incorrect key Spells.irons_spellbooks:echoing_strikes.MaxLevel was corrected from null to its default, 5. 
[30Apr2025 15:11:26.528] [Server thread/WARN] [net.minecraftforge.common.ForgeConfigSpec/CORE]: Incorrect key Spells.irons_spellbooks:echoing_strikes.MinRarity was corrected from null to its default, RARE. 
[30Apr2025 15:11:26.528] [Server thread/WARN] [net.minecraftforge.common.ForgeConfigSpec/CORE]: Incorrect key Spells.irons_spellbooks:echoing_strikes.ManaCostMultiplier was corrected from null to its default, 1.0. 
[30Apr2025 15:11:26.528] [Server thread/WARN] [net.minecraftforge.common.ForgeConfigSpec/CORE]: Incorrect key Spells.irons_spellbooks:echoing_strikes.SpellPowerMultiplier was corrected from null to its default, 1.0. 
[30Apr2025 15:11:26.528] [Server thread/WARN] [net.minecraftforge.common.ForgeConfigSpec/CORE]: Incorrect key Spells.irons_spellbooks:echoing_strikes.CooldownInSeconds was corrected from null to its default, 60.0. 
[30Apr2025 15:11:26.528] [Server thread/WARN] [net.minecraftforge.common.ForgeConfigSpec/CORE]: Incorrect key Spells.irons_spellbooks:echoing_strikes.AllowCrafting was corrected from null to its default, true. 
[30Apr2025 15:11:26.528] [Server thread/WARN] [net.minecraftforge.common.ForgeConfigSpec/CORE]: Incorrect key Spells.irons_spellbooks:portal was corrected from null to its default, SimpleCommentedConfig:{}. 
[30Apr2025 15:11:26.529] [Server thread/WARN] [net.minecraftforge.common.ForgeConfigSpec/CORE]: Incorrect key Spells.irons_spellbooks:portal.Enabled was corrected from null to its default, true. 
[30Apr2025 15:11:26.533] [Server thread/WARN] [net.minecraftforge.common.ForgeConfigSpec/CORE]: Incorrect key Spells.irons_spellbooks:portal.School was corrected from null to its default, irons_spellbooks:ender. 
[30Apr2025 15:11:26.533] [Server thread/WARN] [net.minecraftforge.common.ForgeConfigSpec/CORE]: Incorrect key Spells.irons_spellbooks:portal.MaxLevel was corrected from null to its default, 3. 
[30Apr2025 15:11:26.534] [Server thread/WARN] [net.minecraftforge.common.ForgeConfigSpec/CORE]: Incorrect key Spells.irons_spellbooks:portal.MinRarity was corrected from null to its default, UNCOMMON. 
[30Apr2025 15:11:26.534] [Server thread/WARN] [net.minecraftforge.common.ForgeConfigSpec/CORE]: Incorrect key Spells.irons_spellbooks:portal.ManaCostMultiplier was corrected from null to its default, 1.0. 
[30Apr2025 15:11:26.534] [Server thread/WARN] [net.minecraftforge.common.ForgeConfigSpec/CORE]: Incorrect key Spells.irons_spellbooks:portal.SpellPowerMultiplier was corrected from null to its default, 1.0. 
[30Apr2025 15:11:26.534] [Server thread/WARN] [net.minecraftforge.common.ForgeConfigSpec/CORE]: Incorrect key Spells.irons_spellbooks:portal.CooldownInSeconds was corrected from null to its default, 180.0. 
[30Apr2025 15:11:26.534] [Server thread/WARN] [net.minecraftforge.common.ForgeConfigSpec/CORE]: Incorrect key Spells.irons_spellbooks:portal.AllowCrafting was corrected from null to its default, true. 
[30Apr2025 15:11:26.534] [Server thread/WARN] [net.minecraftforge.common.ForgeConfigSpec/CORE]: Incorrect key Spells.irons_spellbooks:black_hole was corrected from null to its default, SimpleCommentedConfig:{}. 
[30Apr2025 15:11:26.535] [Server thread/WARN] [net.minecraftforge.common.ForgeConfigSpec/CORE]: Incorrect key Spells.irons_spellbooks:black_hole.Enabled was corrected from null to its default, true. 
[30Apr2025 15:11:26.535] [Server thread/WARN] [net.minecraftforge.common.ForgeConfigSpec/CORE]: Incorrect key Spells.irons_spellbooks:black_hole.School was corrected from null to its default, irons_spellbooks:ender. 
[30Apr2025 15:11:26.539] [Server thread/WARN] [net.minecraftforge.common.ForgeConfigSpec/CORE]: Incorrect key Spells.irons_spellbooks:black_hole.MaxLevel was corrected from null to its default, 6. 
[30Apr2025 15:11:26.539] [Server thread/WARN] [net.minecraftforge.common.ForgeConfigSpec/CORE]: Incorrect key Spells.irons_spellbooks:black_hole.MinRarity was corrected from null to its default, LEGENDARY. 
[30Apr2025 15:11:26.539] [Server thread/WARN] [net.minecraftforge.common.ForgeConfigSpec/CORE]: Incorrect key Spells.irons_spellbooks:black_hole.ManaCostMultiplier was corrected from null to its default, 1.0. 
[30Apr2025 15:11:26.543] [Server thread/WARN] [net.minecraftforge.common.ForgeConfigSpec/CORE]: Incorrect key Spells.irons_spellbooks:black_hole.SpellPowerMultiplier was corrected from null to its default, 1.0. 
[30Apr2025 15:11:26.543] [Server thread/WARN] [net.minecraftforge.common.ForgeConfigSpec/CORE]: Incorrect key Spells.irons_spellbooks:black_hole.CooldownInSeconds was corrected from null to its default, 120.0. 
[30Apr2025 15:11:26.543] [Server thread/WARN] [net.minecraftforge.common.ForgeConfigSpec/CORE]: Incorrect key Spells.irons_spellbooks:black_hole.AllowCrafting was corrected from null to its default, true. 
[30Apr2025 15:11:26.544] [Server thread/WARN] [net.minecraftforge.common.ForgeConfigSpec/CORE]: Incorrect key Spells.irons_spellbooks:magic_missile was corrected from null to its default, SimpleCommentedConfig:{}. 
[30Apr2025 15:11:26.544] [Server thread/WARN] [net.minecraftforge.common.ForgeConfigSpec/CORE]: Incorrect key Spells.irons_spellbooks:magic_missile.Enabled was corrected from null to its default, true. 
[30Apr2025 15:11:26.544] [Server thread/WARN] [net.minecraftforge.common.ForgeConfigSpec/CORE]: Incorrect key Spells.irons_spellbooks:magic_missile.School was corrected from null to its default, irons_spellbooks:ender. 
[30Apr2025 15:11:26.544] [Server thread/WARN] [net.minecraftforge.common.ForgeConfigSpec/CORE]: Incorrect key Spells.irons_spellbooks:magic_missile.MaxLevel was corrected from null to its default, 10. 
[30Apr2025 15:11:26.544] [Server thread/WARN] [net.minecraftforge.common.ForgeConfigSpec/CORE]: Incorrect key Spells.irons_spellbooks:magic_missile.MinRarity was corrected from null to its default, COMMON. 
[30Apr2025 15:11:26.544] [Server thread/WARN] [net.minecraftforge.common.ForgeConfigSpec/CORE]: Incorrect key Spells.irons_spellbooks:magic_missile.ManaCostMultiplier was corrected from null to its default, 1.0. 
[30Apr2025 15:11:26.545] [Server thread/WARN] [net.minecraftforge.common.ForgeConfigSpec/CORE]: Incorrect key Spells.irons_spellbooks:magic_missile.SpellPowerMultiplier was corrected from null to its default, 1.0. 
[30Apr2025 15:11:26.545] [Server thread/WARN] [net.minecraftforge.common.ForgeConfigSpec/CORE]: Incorrect key Spells.irons_spellbooks:magic_missile.CooldownInSeconds was corrected from null to its default, 1.0. 
[30Apr2025 15:11:26.547] [Server thread/WARN] [net.minecraftforge.common.ForgeConfigSpec/CORE]: Incorrect key Spells.irons_spellbooks:magic_missile.AllowCrafting was corrected from null to its default, true. 
[30Apr2025 15:11:26.547] [Server thread/WARN] [net.minecraftforge.common.ForgeConfigSpec/CORE]: Incorrect key Spells.irons_spellbooks:summon_ender_chest was corrected from null to its default, SimpleCommentedConfig:{}. 
[30Apr2025 15:11:26.547] [Server thread/WARN] [net.minecraftforge.common.ForgeConfigSpec/CORE]: Incorrect key Spells.irons_spellbooks:summon_ender_chest.Enabled was corrected from null to its default, true. 
[30Apr2025 15:11:26.547] [Server thread/WARN] [net.minecraftforge.common.ForgeConfigSpec/CORE]: Incorrect key Spells.irons_spellbooks:summon_ender_chest.School was corrected from null to its default, irons_spellbooks:ender. 
[30Apr2025 15:11:26.547] [Server thread/WARN] [net.minecraftforge.common.ForgeConfigSpec/CORE]: Incorrect key Spells.irons_spellbooks:summon_ender_chest.MaxLevel was corrected from null to its default, 1. 
[30Apr2025 15:11:26.548] [Server thread/WARN] [net.minecraftforge.common.ForgeConfigSpec/CORE]: Incorrect key Spells.irons_spellbooks:summon_ender_chest.MinRarity was corrected from null to its default, RARE. 
[30Apr2025 15:11:26.548] [Server thread/WARN] [net.minecraftforge.common.ForgeConfigSpec/CORE]: Incorrect key Spells.irons_spellbooks:summon_ender_chest.ManaCostMultiplier was corrected from null to its default, 1.0. 
[30Apr2025 15:11:26.548] [Server thread/WARN] [net.minecraftforge.common.ForgeConfigSpec/CORE]: Incorrect key Spells.irons_spellbooks:summon_ender_chest.SpellPowerMultiplier was corrected from null to its default, 1.0. 
[30Apr2025 15:11:26.549] [Server thread/WARN] [net.minecraftforge.common.ForgeConfigSpec/CORE]: Incorrect key Spells.irons_spellbooks:summon_ender_chest.CooldownInSeconds was corrected from null to its default, 5.0. 
[30Apr2025 15:11:26.549] [Server thread/WARN] [net.minecraftforge.common.ForgeConfigSpec/CORE]: Incorrect key Spells.irons_spellbooks:summon_ender_chest.AllowCrafting was corrected from null to its default, true. 
[30Apr2025 15:11:26.549] [Server thread/WARN] [net.minecraftforge.common.ForgeConfigSpec/CORE]: Incorrect key Spells.irons_spellbooks:dragon_breath was corrected from null to its default, SimpleCommentedConfig:{}. 
[30Apr2025 15:11:26.549] [Server thread/WARN] [net.minecraftforge.common.ForgeConfigSpec/CORE]: Incorrect key Spells.irons_spellbooks:dragon_breath.Enabled was corrected from null to its default, true. 
[30Apr2025 15:11:26.549] [Server thread/WARN] [net.minecraftforge.common.ForgeConfigSpec/CORE]: Incorrect key Spells.irons_spellbooks:dragon_breath.School was corrected from null to its default, irons_spellbooks:ender. 
[30Apr2025 15:11:26.549] [Server thread/WARN] [net.minecraftforge.common.ForgeConfigSpec/CORE]: Incorrect key Spells.irons_spellbooks:dragon_breath.MaxLevel was corrected from null to its default, 10. 
[30Apr2025 15:11:26.549] [Server thread/WARN] [net.minecraftforge.common.ForgeConfigSpec/CORE]: Incorrect key Spells.irons_spellbooks:dragon_breath.MinRarity was corrected from null to its default, COMMON. 
[30Apr2025 15:11:26.550] [Server thread/WARN] [net.minecraftforge.common.ForgeConfigSpec/CORE]: Incorrect key Spells.irons_spellbooks:dragon_breath.ManaCostMultiplier was corrected from null to its default, 1.0. 
[30Apr2025 15:11:26.550] [Server thread/WARN] [net.minecraftforge.common.ForgeConfigSpec/CORE]: Incorrect key Spells.irons_spellbooks:dragon_breath.SpellPowerMultiplier was corrected from null to its default, 1.0. 
[30Apr2025 15:11:26.550] [Server thread/WARN] [net.minecraftforge.common.ForgeConfigSpec/CORE]: Incorrect key Spells.irons_spellbooks:dragon_breath.CooldownInSeconds was corrected from null to its default, 12.0. 
[30Apr2025 15:11:26.550] [Server thread/WARN] [net.minecraftforge.common.ForgeConfigSpec/CORE]: Incorrect key Spells.irons_spellbooks:dragon_breath.AllowCrafting was corrected from null to its default, true. 
[30Apr2025 15:11:26.550] [Server thread/WARN] [net.minecraftforge.common.ForgeConfigSpec/CORE]: Incorrect key Spells.irons_spellbooks:counterspell was corrected from null to its default, SimpleCommentedConfig:{}. 
[30Apr2025 15:11:26.550] [Server thread/WARN] [net.minecraftforge.common.ForgeConfigSpec/CORE]: Incorrect key Spells.irons_spellbooks:counterspell.Enabled was corrected from null to its default, true. 
[30Apr2025 15:11:26.551] [Server thread/WARN] [net.minecraftforge.common.ForgeConfigSpec/CORE]: Incorrect key Spells.irons_spellbooks:counterspell.School was corrected from null to its default, irons_spellbooks:ender. 
[30Apr2025 15:11:26.551] [Server thread/WARN] [net.minecraftforge.common.ForgeConfigSpec/CORE]: Incorrect key Spells.irons_spellbooks:counterspell.MaxLevel was corrected from null to its default, 1. 
[30Apr2025 15:11:26.552] [Server thread/WARN] [net.minecraftforge.common.ForgeConfigSpec/CORE]: Incorrect key Spells.irons_spellbooks:counterspell.MinRarity was corrected from null to its default, RARE. 
[30Apr2025 15:11:26.553] [Server thread/WARN] [net.minecraftforge.common.ForgeConfigSpec/CORE]: Incorrect key Spells.irons_spellbooks:counterspell.ManaCostMultiplier was corrected from null to its default, 1.0. 
[30Apr2025 15:11:26.553] [Server thread/WARN] [net.minecraftforge.common.ForgeConfigSpec/CORE]: Incorrect key Spells.irons_spellbooks:counterspell.SpellPowerMultiplier was corrected from null to its default, 1.0. 
[30Apr2025 15:11:26.553] [Server thread/WARN] [net.minecraftforge.common.ForgeConfigSpec/CORE]: Incorrect key Spells.irons_spellbooks:counterspell.CooldownInSeconds was corrected from null to its default, 10.0. 
[30Apr2025 15:11:26.553] [Server thread/WARN] [net.minecraftforge.common.ForgeConfigSpec/CORE]: Incorrect key Spells.irons_spellbooks:counterspell.AllowCrafting was corrected from null to its default, true. 
[30Apr2025 15:11:26.553] [Server thread/WARN] [net.minecraftforge.common.ForgeConfigSpec/CORE]: Incorrect key Spells.irons_spellbooks:starfall was corrected from null to its default, SimpleCommentedConfig:{}. 
[30Apr2025 15:11:26.554] [Server thread/WARN] [net.minecraftforge.common.ForgeConfigSpec/CORE]: Incorrect key Spells.irons_spellbooks:starfall.Enabled was corrected from null to its default, true. 
[30Apr2025 15:11:26.554] [Server thread/WARN] [net.minecraftforge.common.ForgeConfigSpec/CORE]: Incorrect key Spells.irons_spellbooks:starfall.School was corrected from null to its default, irons_spellbooks:ender. 
[30Apr2025 15:11:26.554] [Server thread/WARN] [net.minecraftforge.common.ForgeConfigSpec/CORE]: Incorrect key Spells.irons_spellbooks:starfall.MaxLevel was corrected from null to its default, 10. 
[30Apr2025 15:11:26.554] [Server thread/WARN] [net.minecraftforge.common.ForgeConfigSpec/CORE]: Incorrect key Spells.irons_spellbooks:starfall.MinRarity was corrected from null to its default, UNCOMMON. 
[30Apr2025 15:11:26.554] [Server thread/WARN] [net.minecraftforge.common.ForgeConfigSpec/CORE]: Incorrect key Spells.irons_spellbooks:starfall.ManaCostMultiplier was corrected from null to its default, 1.0. 
[30Apr2025 15:11:26.555] [Server thread/WARN] [net.minecraftforge.common.ForgeConfigSpec/CORE]: Incorrect key Spells.irons_spellbooks:starfall.SpellPowerMultiplier was corrected from null to its default, 1.0. 
[30Apr2025 15:11:26.555] [Server thread/WARN] [net.minecraftforge.common.ForgeConfigSpec/CORE]: Incorrect key Spells.irons_spellbooks:starfall.CooldownInSeconds was corrected from null to its default, 16.0. 
[30Apr2025 15:11:26.555] [Server thread/WARN] [net.minecraftforge.common.ForgeConfigSpec/CORE]: Incorrect key Spells.irons_spellbooks:starfall.AllowCrafting was corrected from null to its default, true. 
[30Apr2025 15:11:26.555] [Server thread/WARN] [net.minecraftforge.common.ForgeConfigSpec/CORE]: Incorrect key Spells.irons_spellbooks:frostbite was corrected from null to its default, SimpleCommentedConfig:{}. 
[30Apr2025 15:11:26.555] [Server thread/WARN] [net.minecraftforge.common.ForgeConfigSpec/CORE]: Incorrect key Spells.irons_spellbooks:frostbite.Enabled was corrected from null to its default, true. 
[30Apr2025 15:11:26.555] [Server thread/WARN] [net.minecraftforge.common.ForgeConfigSpec/CORE]: Incorrect key Spells.irons_spellbooks:frostbite.School was corrected from null to its default, irons_spellbooks:ice. 
[30Apr2025 15:11:26.555] [Server thread/WARN] [net.minecraftforge.common.ForgeConfigSpec/CORE]: Incorrect key Spells.irons_spellbooks:frostbite.MaxLevel was corrected from null to its default, 5. 
[30Apr2025 15:11:26.556] [Server thread/WARN] [net.minecraftforge.common.ForgeConfigSpec/CORE]: Incorrect key Spells.irons_spellbooks:frostbite.MinRarity was corrected from null to its default, COMMON. 
[30Apr2025 15:11:26.556] [Server thread/WARN] [net.minecraftforge.common.ForgeConfigSpec/CORE]: Incorrect key Spells.irons_spellbooks:frostbite.ManaCostMultiplier was corrected from null to its default, 1.0. 
[30Apr2025 15:11:26.556] [Server thread/WARN] [net.minecraftforge.common.ForgeConfigSpec/CORE]: Incorrect key Spells.irons_spellbooks:frostbite.SpellPowerMultiplier was corrected from null to its default, 1.0. 
[30Apr2025 15:11:26.556] [Server thread/WARN] [net.minecraftforge.common.ForgeConfigSpec/CORE]: Incorrect key Spells.irons_spellbooks:frostbite.CooldownInSeconds was corrected from null to its default, 0.0. 
[30Apr2025 15:11:26.556] [Server thread/WARN] [net.minecraftforge.common.ForgeConfigSpec/CORE]: Incorrect key Spells.irons_spellbooks:frostbite.AllowCrafting was corrected from null to its default, true. 
[30Apr2025 15:11:26.556] [Server thread/WARN] [net.minecraftforge.common.ForgeConfigSpec/CORE]: Incorrect key Spells.irons_spellbooks:ray_of_frost was corrected from null to its default, SimpleCommentedConfig:{}. 
[30Apr2025 15:11:26.556] [Server thread/WARN] [net.minecraftforge.common.ForgeConfigSpec/CORE]: Incorrect key Spells.irons_spellbooks:ray_of_frost.Enabled was corrected from null to its default, true. 
[30Apr2025 15:11:26.557] [Server thread/WARN] [net.minecraftforge.common.ForgeConfigSpec/CORE]: Incorrect key Spells.irons_spellbooks:ray_of_frost.School was corrected from null to its default, irons_spellbooks:ice. 
[30Apr2025 15:11:26.557] [Server thread/WARN] [net.minecraftforge.common.ForgeConfigSpec/CORE]: Incorrect key Spells.irons_spellbooks:ray_of_frost.MaxLevel was corrected from null to its default, 5. 
[30Apr2025 15:11:26.557] [Server thread/WARN] [net.minecraftforge.common.ForgeConfigSpec/CORE]: Incorrect key Spells.irons_spellbooks:ray_of_frost.MinRarity was corrected from null to its default, COMMON. 
[30Apr2025 15:11:26.557] [Server thread/WARN] [net.minecraftforge.common.ForgeConfigSpec/CORE]: Incorrect key Spells.irons_spellbooks:ray_of_frost.ManaCostMultiplier was corrected from null to its default, 1.0. 
[30Apr2025 15:11:26.557] [Server thread/WARN] [net.minecraftforge.common.ForgeConfigSpec/CORE]: Incorrect key Spells.irons_spellbooks:ray_of_frost.SpellPowerMultiplier was corrected from null to its default, 1.0. 
[30Apr2025 15:11:26.557] [Server thread/WARN] [net.minecraftforge.common.ForgeConfigSpec/CORE]: Incorrect key Spells.irons_spellbooks:ray_of_frost.CooldownInSeconds was corrected from null to its default, 15.0. 
[30Apr2025 15:11:26.558] [Server thread/WARN] [net.minecraftforge.common.ForgeConfigSpec/CORE]: Incorrect key Spells.irons_spellbooks:ray_of_frost.AllowCrafting was corrected from null to its default, true. 
[30Apr2025 15:11:26.558] [Server thread/WARN] [net.minecraftforge.common.ForgeConfigSpec/CORE]: Incorrect key Spells.irons_spellbooks:cone_of_cold was corrected from null to its default, SimpleCommentedConfig:{}. 
[30Apr2025 15:11:26.558] [Server thread/WARN] [net.minecraftforge.common.ForgeConfigSpec/CORE]: Incorrect key Spells.irons_spellbooks:cone_of_cold.Enabled was corrected from null to its default, true. 
[30Apr2025 15:11:26.558] [Server thread/WARN] [net.minecraftforge.common.ForgeConfigSpec/CORE]: Incorrect key Spells.irons_spellbooks:cone_of_cold.School was corrected from null to its default, irons_spellbooks:ice. 
[30Apr2025 15:11:26.558] [Server thread/WARN] [net.minecraftforge.common.ForgeConfigSpec/CORE]: Incorrect key Spells.irons_spellbooks:cone_of_cold.MaxLevel was corrected from null to its default, 10. 
[30Apr2025 15:11:26.558] [Server thread/WARN] [net.minecraftforge.common.ForgeConfigSpec/CORE]: Incorrect key Spells.irons_spellbooks:cone_of_cold.MinRarity was corrected from null to its default, COMMON. 
[30Apr2025 15:11:26.558] [Server thread/WARN] [net.minecraftforge.common.ForgeConfigSpec/CORE]: Incorrect key Spells.irons_spellbooks:cone_of_cold.ManaCostMultiplier was corrected from null to its default, 1.0. 
[30Apr2025 15:11:26.559] [Server thread/WARN] [net.minecraftforge.common.ForgeConfigSpec/CORE]: Incorrect key Spells.irons_spellbooks:cone_of_cold.SpellPowerMultiplier was corrected from null to its default, 1.0. 
[30Apr2025 15:11:26.559] [Server thread/WARN] [net.minecraftforge.common.ForgeConfigSpec/CORE]: Incorrect key Spells.irons_spellbooks:cone_of_cold.CooldownInSeconds was corrected from null to its default, 12.0. 
[30Apr2025 15:11:26.559] [Server thread/WARN] [net.minecraftforge.common.ForgeConfigSpec/CORE]: Incorrect key Spells.irons_spellbooks:cone_of_cold.AllowCrafting was corrected from null to its default, true. 
[30Apr2025 15:11:26.559] [Server thread/WARN] [net.minecraftforge.common.ForgeConfigSpec/CORE]: Incorrect key Spells.irons_spellbooks:frostwave was corrected from null to its default, SimpleCommentedConfig:{}. 
[30Apr2025 15:11:26.559] [Server thread/WARN] [net.minecraftforge.common.ForgeConfigSpec/CORE]: Incorrect key Spells.irons_spellbooks:frostwave.Enabled was corrected from null to its default, true. 
[30Apr2025 15:11:26.559] [Server thread/WARN] [net.minecraftforge.common.ForgeConfigSpec/CORE]: Incorrect key Spells.irons_spellbooks:frostwave.School was corrected from null to its default, irons_spellbooks:ice. 
[30Apr2025 15:11:26.559] [Server thread/WARN] [net.minecraftforge.common.ForgeConfigSpec/CORE]: Incorrect key Spells.irons_spellbooks:frostwave.MaxLevel was corrected from null to its default, 8. 
[30Apr2025 15:11:26.560] [Server thread/WARN] [net.minecraftforge.common.ForgeConfigSpec/CORE]: Incorrect key Spells.irons_spellbooks:frostwave.MinRarity was corrected from null to its default, COMMON. 
[30Apr2025 15:11:26.560] [Server thread/WARN] [net.minecraftforge.common.ForgeConfigSpec/CORE]: Incorrect key Spells.irons_spellbooks:frostwave.ManaCostMultiplier was corrected from null to its default, 1.0. 
[30Apr2025 15:11:26.560] [Server thread/WARN] [net.minecraftforge.common.ForgeConfigSpec/CORE]: Incorrect key Spells.irons_spellbooks:frostwave.SpellPowerMultiplier was corrected from null to its default, 1.0. 
[30Apr2025 15:11:26.560] [Server thread/WARN] [net.minecraftforge.common.ForgeConfigSpec/CORE]: Incorrect key Spells.irons_spellbooks:frostwave.CooldownInSeconds was corrected from null to its default, 45.0. 
[30Apr2025 15:11:26.560] [Server thread/WARN] [net.minecraftforge.common.ForgeConfigSpec/CORE]: Incorrect key Spells.irons_spellbooks:frostwave.AllowCrafting was corrected from null to its default, true. 
[30Apr2025 15:11:26.560] [Server thread/WARN] [net.minecraftforge.common.ForgeConfigSpec/CORE]: Incorrect key Spells.irons_spellbooks:summon_polar_bear was corrected from null to its default, SimpleCommentedConfig:{}. 
[30Apr2025 15:11:26.560] [Server thread/WARN] [net.minecraftforge.common.ForgeConfigSpec/CORE]: Incorrect key Spells.irons_spellbooks:summon_polar_bear.Enabled was corrected from null to its default, true. 
[30Apr2025 15:11:26.560] [Server thread/WARN] [net.minecraftforge.common.ForgeConfigSpec/CORE]: Incorrect key Spells.irons_spellbooks:summon_polar_bear.School was corrected from null to its default, irons_spellbooks:ice. 
[30Apr2025 15:11:26.561] [Server thread/WARN] [net.minecraftforge.common.ForgeConfigSpec/CORE]: Incorrect key Spells.irons_spellbooks:summon_polar_bear.MaxLevel was corrected from null to its default, 10. 
[30Apr2025 15:11:26.561] [Server thread/WARN] [net.minecraftforge.common.ForgeConfigSpec/CORE]: Incorrect key Spells.irons_spellbooks:summon_polar_bear.MinRarity was corrected from null to its default, RARE. 
[30Apr2025 15:11:26.561] [Server thread/WARN] [net.minecraftforge.common.ForgeConfigSpec/CORE]: Incorrect key Spells.irons_spellbooks:summon_polar_bear.ManaCostMultiplier was corrected from null to its default, 1.0. 
[30Apr2025 15:11:26.561] [Server thread/WARN] [net.minecraftforge.common.ForgeConfigSpec/CORE]: Incorrect key Spells.irons_spellbooks:summon_polar_bear.SpellPowerMultiplier was corrected from null to its default, 1.0. 
[30Apr2025 15:11:26.561] [Server thread/WARN] [net.minecraftforge.common.ForgeConfigSpec/CORE]: Incorrect key Spells.irons_spellbooks:summon_polar_bear.CooldownInSeconds was corrected from null to its default, 180.0. 
[30Apr2025 15:11:26.561] [Server thread/WARN] [net.minecraftforge.common.ForgeConfigSpec/CORE]: Incorrect key Spells.irons_spellbooks:summon_polar_bear.AllowCrafting was corrected from null to its default, true. 
[30Apr2025 15:11:26.561] [Server thread/WARN] [net.minecraftforge.common.ForgeConfigSpec/CORE]: Incorrect key Spells.irons_spellbooks:icicle was corrected from null to its default, SimpleCommentedConfig:{}. 
[30Apr2025 15:11:26.561] [Server thread/WARN] [net.minecraftforge.common.ForgeConfigSpec/CORE]: Incorrect key Spells.irons_spellbooks:icicle.Enabled was corrected from null to its default, true. 
[30Apr2025 15:11:26.562] [Server thread/WARN] [net.minecraftforge.common.ForgeConfigSpec/CORE]: Incorrect key Spells.irons_spellbooks:icicle.School was corrected from null to its default, irons_spellbooks:ice. 
[30Apr2025 15:11:26.562] [Server thread/WARN] [net.minecraftforge.common.ForgeConfigSpec/CORE]: Incorrect key Spells.irons_spellbooks:icicle.MaxLevel was corrected from null to its default, 10. 
[30Apr2025 15:11:26.562] [Server thread/WARN] [net.minecraftforge.common.ForgeConfigSpec/CORE]: Incorrect key Spells.irons_spellbooks:icicle.MinRarity was corrected from null to its default, COMMON. 
[30Apr2025 15:11:26.562] [Server thread/WARN] [net.minecraftforge.common.ForgeConfigSpec/CORE]: Incorrect key Spells.irons_spellbooks:icicle.ManaCostMultiplier was corrected from null to its default, 1.0. 
[30Apr2025 15:11:26.562] [Server thread/WARN] [net.minecraftforge.common.ForgeConfigSpec/CORE]: Incorrect key Spells.irons_spellbooks:icicle.SpellPowerMultiplier was corrected from null to its default, 1.0. 
[30Apr2025 15:11:26.562] [Server thread/WARN] [net.minecraftforge.common.ForgeConfigSpec/CORE]: Incorrect key Spells.irons_spellbooks:icicle.CooldownInSeconds was corrected from null to its default, 1.0. 
[30Apr2025 15:11:26.562] [Server thread/WARN] [net.minecraftforge.common.ForgeConfigSpec/CORE]: Incorrect key Spells.irons_spellbooks:icicle.AllowCrafting was corrected from null to its default, true. 
[30Apr2025 15:11:26.563] [Server thread/WARN] [net.minecraftforge.common.ForgeConfigSpec/CORE]: Incorrect key Spells.irons_spellbooks:ice_block was corrected from null to its default, SimpleCommentedConfig:{}. 
[30Apr2025 15:11:26.563] [Server thread/WARN] [net.minecraftforge.common.ForgeConfigSpec/CORE]: Incorrect key Spells.irons_spellbooks:ice_block.Enabled was corrected from null to its default, true. 
[30Apr2025 15:11:26.563] [Server thread/WARN] [net.minecraftforge.common.ForgeConfigSpec/CORE]: Incorrect key Spells.irons_spellbooks:ice_block.School was corrected from null to its default, irons_spellbooks:ice. 
[30Apr2025 15:11:26.563] [Server thread/WARN] [net.minecraftforge.common.ForgeConfigSpec/CORE]: Incorrect key Spells.irons_spellbooks:ice_block.MaxLevel was corrected from null to its default, 6. 
[30Apr2025 15:11:26.563] [Server thread/WARN] [net.minecraftforge.common.ForgeConfigSpec/CORE]: Incorrect key Spells.irons_spellbooks:ice_block.MinRarity was corrected from null to its default, RARE. 
[30Apr2025 15:11:26.563] [Server thread/WARN] [net.minecraftforge.common.ForgeConfigSpec/CORE]: Incorrect key Spells.irons_spellbooks:ice_block.ManaCostMultiplier was corrected from null to its default, 1.0. 
[30Apr2025 15:11:26.563] [Server thread/WARN] [net.minecraftforge.common.ForgeConfigSpec/CORE]: Incorrect key Spells.irons_spellbooks:ice_block.SpellPowerMultiplier was corrected from null to its default, 1.0. 
[30Apr2025 15:11:26.564] [Server thread/WARN] [net.minecraftforge.common.ForgeConfigSpec/CORE]: Incorrect key Spells.irons_spellbooks:ice_block.CooldownInSeconds was corrected from null to its default, 15.0. 
[30Apr2025 15:11:26.564] [Server thread/WARN] [net.minecraftforge.common.ForgeConfigSpec/CORE]: Incorrect key Spells.irons_spellbooks:ice_block.AllowCrafting was corrected from null to its default, true. 
[30Apr2025 15:11:26.564] [Server thread/WARN] [net.minecraftforge.common.ForgeConfigSpec/CORE]: Incorrect key Spells.irons_spellbooks:frost_step was corrected from null to its default, SimpleCommentedConfig:{}. 
[30Apr2025 15:11:26.564] [Server thread/WARN] [net.minecraftforge.common.ForgeConfigSpec/CORE]: Incorrect key Spells.irons_spellbooks:frost_step.Enabled was corrected from null to its default, true. 
[30Apr2025 15:11:26.564] [Server thread/WARN] [net.minecraftforge.common.ForgeConfigSpec/CORE]: Incorrect key Spells.irons_spellbooks:frost_step.School was corrected from null to its default, irons_spellbooks:ice. 
[30Apr2025 15:11:26.565] [Server thread/WARN] [net.minecraftforge.common.ForgeConfigSpec/CORE]: Incorrect key Spells.irons_spellbooks:frost_step.MaxLevel was corrected from null to its default, 8. 
[30Apr2025 15:11:26.565] [Server thread/WARN] [net.minecraftforge.common.ForgeConfigSpec/CORE]: Incorrect key Spells.irons_spellbooks:frost_step.MinRarity was corrected from null to its default, RARE. 
[30Apr2025 15:11:26.565] [Server thread/WARN] [net.minecraftforge.common.ForgeConfigSpec/CORE]: Incorrect key Spells.irons_spellbooks:frost_step.ManaCostMultiplier was corrected from null to its default, 1.0. 
[30Apr2025 15:11:26.565] [Server thread/WARN] [net.minecraftforge.common.ForgeConfigSpec/CORE]: Incorrect key Spells.irons_spellbooks:frost_step.SpellPowerMultiplier was corrected from null to its default, 1.0. 
[30Apr2025 15:11:31.349] [Server thread/WARN] [net.minecraftforge.common.ForgeConfigSpec/CORE]: Incorrect key Spells.irons_spellbooks:frost_step.CooldownInSeconds was corrected from null to its default, 10.0. 
[30Apr2025 15:11:31.349] [Server thread/WARN] [net.minecraftforge.common.ForgeConfigSpec/CORE]: Incorrect key Spells.irons_spellbooks:frost_step.AllowCrafting was corrected from null to its default, true. 
[30Apr2025 15:11:31.349] [Server thread/WARN] [net.minecraftforge.common.ForgeConfigSpec/CORE]: Incorrect key Spells.alshanex_familiars:birds_spell was corrected from null to its default, SimpleCommentedConfig:{}. 
[30Apr2025 15:11:31.350] [Server thread/WARN] [net.minecraftforge.common.ForgeConfigSpec/CORE]: Incorrect key Spells.alshanex_familiars:birds_spell.Enabled was corrected from null to its default, true. 
[30Apr2025 15:11:31.350] [Server thread/WARN] [net.minecraftforge.common.ForgeConfigSpec/CORE]: Incorrect key Spells.alshanex_familiars:birds_spell.School was corrected from null to its default, alshanex_familiars:sound. 
[30Apr2025 15:11:31.350] [Server thread/WARN] [net.minecraftforge.common.ForgeConfigSpec/CORE]: Incorrect key Spells.alshanex_familiars:birds_spell.MaxLevel was corrected from null to its default, 4. 
[30Apr2025 15:11:31.350] [Server thread/WARN] [net.minecraftforge.common.ForgeConfigSpec/CORE]: Incorrect key Spells.alshanex_familiars:birds_spell.MinRarity was corrected from null to its default, EPIC. 
[30Apr2025 15:11:31.350] [Server thread/WARN] [net.minecraftforge.common.ForgeConfigSpec/CORE]: Incorrect key Spells.alshanex_familiars:birds_spell.ManaCostMultiplier was corrected from null to its default, 1.0. 
[30Apr2025 15:11:31.350] [Server thread/WARN] [net.minecraftforge.common.ForgeConfigSpec/CORE]: Incorrect key Spells.alshanex_familiars:birds_spell.SpellPowerMultiplier was corrected from null to its default, 1.0. 
[30Apr2025 15:11:31.351] [Server thread/WARN] [net.minecraftforge.common.ForgeConfigSpec/CORE]: Incorrect key Spells.alshanex_familiars:birds_spell.CooldownInSeconds was corrected from null to its default, 80.0. 
[30Apr2025 15:11:31.351] [Server thread/WARN] [net.minecraftforge.common.ForgeConfigSpec/CORE]: Incorrect key Spells.alshanex_familiars:birds_spell.AllowCrafting was corrected from null to its default, true. 
[30Apr2025 15:11:31.351] [Server thread/WARN] [net.minecraftforge.common.ForgeConfigSpec/CORE]: Incorrect key Spells.alshanex_familiars:music_bolt was corrected from null to its default, SimpleCommentedConfig:{}. 
[30Apr2025 15:11:31.351] [Server thread/WARN] [net.minecraftforge.common.ForgeConfigSpec/CORE]: Incorrect key Spells.alshanex_familiars:music_bolt.Enabled was corrected from null to its default, true. 
[30Apr2025 15:11:31.351] [Server thread/WARN] [net.minecraftforge.common.ForgeConfigSpec/CORE]: Incorrect key Spells.alshanex_familiars:music_bolt.School was corrected from null to its default, alshanex_familiars:sound. 
[30Apr2025 15:11:31.351] [Server thread/WARN] [net.minecraftforge.common.ForgeConfigSpec/CORE]: Incorrect key Spells.alshanex_familiars:music_bolt.MaxLevel was corrected from null to its default, 10. 
[30Apr2025 15:11:31.351] [Server thread/WARN] [net.minecraftforge.common.ForgeConfigSpec/CORE]: Incorrect key Spells.alshanex_familiars:music_bolt.MinRarity was corrected from null to its default, COMMON. 
[30Apr2025 15:11:31.352] [Server thread/WARN] [net.minecraftforge.common.ForgeConfigSpec/CORE]: Incorrect key Spells.alshanex_familiars:music_bolt.ManaCostMultiplier was corrected from null to its default, 1.0. 
[30Apr2025 15:11:31.352] [Server thread/WARN] [net.minecraftforge.common.ForgeConfigSpec/CORE]: Incorrect key Spells.alshanex_familiars:music_bolt.SpellPowerMultiplier was corrected from null to its default, 1.0. 
[30Apr2025 15:11:31.352] [Server thread/WARN] [net.minecraftforge.common.ForgeConfigSpec/CORE]: Incorrect key Spells.alshanex_familiars:music_bolt.CooldownInSeconds was corrected from null to its default, 8.0. 
[30Apr2025 15:11:31.352] [Server thread/WARN] [net.minecraftforge.common.ForgeConfigSpec/CORE]: Incorrect key Spells.alshanex_familiars:music_bolt.AllowCrafting was corrected from null to its default, true. 
[30Apr2025 15:11:31.352] [Server thread/WARN] [net.minecraftforge.common.ForgeConfigSpec/CORE]: Incorrect key Spells.alshanex_familiars:sonata was corrected from null to its default, SimpleCommentedConfig:{}. 
[30Apr2025 15:11:31.352] [Server thread/WARN] [net.minecraftforge.common.ForgeConfigSpec/CORE]: Incorrect key Spells.alshanex_familiars:sonata.Enabled was corrected from null to its default, true. 
[30Apr2025 15:11:31.352] [Server thread/WARN] [net.minecraftforge.common.ForgeConfigSpec/CORE]: Incorrect key Spells.alshanex_familiars:sonata.School was corrected from null to its default, alshanex_familiars:sound. 
[30Apr2025 15:11:31.353] [Server thread/WARN] [net.minecraftforge.common.ForgeConfigSpec/CORE]: Incorrect key Spells.alshanex_familiars:sonata.MaxLevel was corrected from null to its default, 5. 
[30Apr2025 15:11:31.353] [Server thread/WARN] [net.minecraftforge.common.ForgeConfigSpec/CORE]: Incorrect key Spells.alshanex_familiars:sonata.MinRarity was corrected from null to its default, EPIC. 
[30Apr2025 15:11:31.353] [Server thread/WARN] [net.minecraftforge.common.ForgeConfigSpec/CORE]: Incorrect key Spells.alshanex_familiars:sonata.ManaCostMultiplier was corrected from null to its default, 1.0. 
[30Apr2025 15:11:31.353] [Server thread/WARN] [net.minecraftforge.common.ForgeConfigSpec/CORE]: Incorrect key Spells.alshanex_familiars:sonata.SpellPowerMultiplier was corrected from null to its default, 1.0. 
[30Apr2025 15:11:31.353] [Server thread/WARN] [net.minecraftforge.common.ForgeConfigSpec/CORE]: Incorrect key Spells.alshanex_familiars:sonata.CooldownInSeconds was corrected from null to its default, 40.0. 
[30Apr2025 15:11:31.353] [Server thread/WARN] [net.minecraftforge.common.ForgeConfigSpec/CORE]: Incorrect key Spells.alshanex_familiars:sonata.AllowCrafting was corrected from null to its default, true. 
[30Apr2025 15:11:31.353] [Server thread/WARN] [net.minecraftforge.common.ForgeConfigSpec/CORE]: Incorrect key Spells.alshanex_familiars:explosion_melody was corrected from null to its default, SimpleCommentedConfig:{}. 
[30Apr2025 15:11:31.354] [Server thread/WARN] [net.minecraftforge.common.ForgeConfigSpec/CORE]: Incorrect key Spells.alshanex_familiars:explosion_melody.Enabled was corrected from null to its default, true. 
[30Apr2025 15:11:31.354] [Server thread/WARN] [net.minecraftforge.common.ForgeConfigSpec/CORE]: Incorrect key Spells.alshanex_familiars:explosion_melody.School was corrected from null to its default, alshanex_familiars:sound. 
[30Apr2025 15:11:31.356] [Server thread/WARN] [net.minecraftforge.common.ForgeConfigSpec/CORE]: Incorrect key Spells.alshanex_familiars:explosion_melody.MaxLevel was corrected from null to its default, 5. 
[30Apr2025 15:11:31.356] [Server thread/WARN] [net.minecraftforge.common.ForgeConfigSpec/CORE]: Incorrect key Spells.alshanex_familiars:explosion_melody.MinRarity was corrected from null to its default, RARE. 
[30Apr2025 15:11:31.357] [Server thread/WARN] [net.minecraftforge.common.ForgeConfigSpec/CORE]: Incorrect key Spells.alshanex_familiars:explosion_melody.ManaCostMultiplier was corrected from null to its default, 1.0. 
[30Apr2025 15:11:31.357] [Server thread/WARN] [net.minecraftforge.common.ForgeConfigSpec/CORE]: Incorrect key Spells.alshanex_familiars:explosion_melody.SpellPowerMultiplier was corrected from null to its default, 1.0. 
[30Apr2025 15:11:31.357] [Server thread/WARN] [net.minecraftforge.common.ForgeConfigSpec/CORE]: Incorrect key Spells.alshanex_familiars:explosion_melody.CooldownInSeconds was corrected from null to its default, 20.0. 
[30Apr2025 15:11:31.357] [Server thread/WARN] [net.minecraftforge.common.ForgeConfigSpec/CORE]: Incorrect key Spells.alshanex_familiars:explosion_melody.AllowCrafting was corrected from null to its default, true. 
[30Apr2025 15:11:31.357] [Server thread/WARN] [net.minecraftforge.common.ForgeConfigSpec/CORE]: Incorrect key Spells.alshanex_familiars:default_note was corrected from null to its default, SimpleCommentedConfig:{}. 
[30Apr2025 15:11:31.357] [Server thread/WARN] [net.minecraftforge.common.ForgeConfigSpec/CORE]: Incorrect key Spells.alshanex_familiars:default_note.Enabled was corrected from null to its default, true. 
[30Apr2025 15:11:31.357] [Server thread/WARN] [net.minecraftforge.common.ForgeConfigSpec/CORE]: Incorrect key Spells.alshanex_familiars:default_note.School was corrected from null to its default, alshanex_familiars:sound. 
[30Apr2025 15:11:31.358] [Server thread/WARN] [net.minecraftforge.common.ForgeConfigSpec/CORE]: Incorrect key Spells.alshanex_familiars:default_note.MaxLevel was corrected from null to its default, 5. 
[30Apr2025 15:11:31.358] [Server thread/WARN] [net.minecraftforge.common.ForgeConfigSpec/CORE]: Incorrect key Spells.alshanex_familiars:default_note.MinRarity was corrected from null to its default, RARE. 
[30Apr2025 15:11:31.358] [Server thread/WARN] [net.minecraftforge.common.ForgeConfigSpec/CORE]: Incorrect key Spells.alshanex_familiars:default_note.ManaCostMultiplier was corrected from null to its default, 1.0. 
[30Apr2025 15:11:31.358] [Server thread/WARN] [net.minecraftforge.common.ForgeConfigSpec/CORE]: Incorrect key Spells.alshanex_familiars:default_note.SpellPowerMultiplier was corrected from null to its default, 1.0. 
[30Apr2025 15:11:31.358] [Server thread/WARN] [net.minecraftforge.common.ForgeConfigSpec/CORE]: Incorrect key Spells.alshanex_familiars:default_note.CooldownInSeconds was corrected from null to its default, 30.0. 
[30Apr2025 15:11:31.358] [Server thread/WARN] [net.minecraftforge.common.ForgeConfigSpec/CORE]: Incorrect key Spells.alshanex_familiars:default_note.AllowCrafting was corrected from null to its default, true. 
[30Apr2025 15:11:31.358] [Server thread/WARN] [net.minecraftforge.common.ForgeConfigSpec/CORE]: Incorrect key Spells.alshanex_familiars:lullaby was corrected from null to its default, SimpleCommentedConfig:{}. 
[30Apr2025 15:11:31.359] [Server thread/WARN] [net.minecraftforge.common.ForgeConfigSpec/CORE]: Incorrect key Spells.alshanex_familiars:lullaby.Enabled was corrected from null to its default, true. 
[30Apr2025 15:11:31.359] [Server thread/WARN] [net.minecraftforge.common.ForgeConfigSpec/CORE]: Incorrect key Spells.alshanex_familiars:lullaby.School was corrected from null to its default, alshanex_familiars:sound. 
[30Apr2025 15:11:31.361] [Server thread/WARN] [net.minecraftforge.common.ForgeConfigSpec/CORE]: Incorrect key Spells.alshanex_familiars:lullaby.MaxLevel was corrected from null to its default, 1. 
[30Apr2025 15:11:31.362] [Server thread/WARN] [net.minecraftforge.common.ForgeConfigSpec/CORE]: Incorrect key Spells.alshanex_familiars:lullaby.MinRarity was corrected from null to its default, LEGENDARY. 
[30Apr2025 15:11:31.362] [Server thread/WARN] [net.minecraftforge.common.ForgeConfigSpec/CORE]: Incorrect key Spells.alshanex_familiars:lullaby.ManaCostMultiplier was corrected from null to its default, 1.0. 
[30Apr2025 15:11:31.362] [Server thread/WARN] [net.minecraftforge.common.ForgeConfigSpec/CORE]: Incorrect key Spells.alshanex_familiars:lullaby.SpellPowerMultiplier was corrected from null to its default, 1.0. 
[30Apr2025 15:11:31.362] [Server thread/WARN] [net.minecraftforge.common.ForgeConfigSpec/CORE]: Incorrect key Spells.alshanex_familiars:lullaby.CooldownInSeconds was corrected from null to its default, 40.0. 
[30Apr2025 15:11:31.362] [Server thread/WARN] [net.minecraftforge.common.ForgeConfigSpec/CORE]: Incorrect key Spells.alshanex_familiars:lullaby.AllowCrafting was corrected from null to its default, true. 
[30Apr2025 15:11:31.362] [Server thread/WARN] [net.minecraftforge.common.ForgeConfigSpec/CORE]: Incorrect key Spells.alshanex_familiars:guardian_angel was corrected from null to its default, SimpleCommentedConfig:{}. 
[30Apr2025 15:11:31.363] [Server thread/WARN] [net.minecraftforge.common.ForgeConfigSpec/CORE]: Incorrect key Spells.alshanex_familiars:guardian_angel.Enabled was corrected from null to its default, true. 
[30Apr2025 15:11:31.363] [Server thread/WARN] [net.minecraftforge.common.ForgeConfigSpec/CORE]: Incorrect key Spells.alshanex_familiars:guardian_angel.School was corrected from null to its default, alshanex_familiars:sound. 
[30Apr2025 15:11:31.364] [Server thread/WARN] [net.minecraftforge.common.ForgeConfigSpec/CORE]: Incorrect key Spells.alshanex_familiars:guardian_angel.MaxLevel was corrected from null to its default, 4. 
[30Apr2025 15:11:31.364] [Server thread/WARN] [net.minecraftforge.common.ForgeConfigSpec/CORE]: Incorrect key Spells.alshanex_familiars:guardian_angel.MinRarity was corrected from null to its default, LEGENDARY. 
[30Apr2025 15:11:31.364] [Server thread/WARN] [net.minecraftforge.common.ForgeConfigSpec/CORE]: Incorrect key Spells.alshanex_familiars:guardian_angel.ManaCostMultiplier was corrected from null to its default, 1.0. 
[30Apr2025 15:11:31.364] [Server thread/WARN] [net.minecraftforge.common.ForgeConfigSpec/CORE]: Incorrect key Spells.alshanex_familiars:guardian_angel.SpellPowerMultiplier was corrected from null to its default, 1.0. 
[30Apr2025 15:11:31.364] [Server thread/WARN] [net.minecraftforge.common.ForgeConfigSpec/CORE]: Incorrect key Spells.alshanex_familiars:guardian_angel.CooldownInSeconds was corrected from null to its default, 90.0. 
[30Apr2025 15:11:31.365] [Server thread/WARN] [net.minecraftforge.common.ForgeConfigSpec/CORE]: Incorrect key Spells.alshanex_familiars:guardian_angel.AllowCrafting was corrected from null to its default, true. 
[30Apr2025 15:11:31.365] [Server thread/WARN] [net.minecraftforge.common.ForgeConfigSpec/CORE]: Incorrect key Spells.alshanex_familiars:harp_symphony was corrected from null to its default, SimpleCommentedConfig:{}. 
[30Apr2025 15:11:31.366] [Server thread/WARN] [net.minecraftforge.common.ForgeConfigSpec/CORE]: Incorrect key Spells.alshanex_familiars:harp_symphony.Enabled was corrected from null to its default, true. 
[30Apr2025 15:11:31.366] [Server thread/WARN] [net.minecraftforge.common.ForgeConfigSpec/CORE]: Incorrect key Spells.alshanex_familiars:harp_symphony.School was corrected from null to its default, alshanex_familiars:sound. 
[30Apr2025 15:11:31.366] [Server thread/WARN] [net.minecraftforge.common.ForgeConfigSpec/CORE]: Incorrect key Spells.alshanex_familiars:harp_symphony.MaxLevel was corrected from null to its default, 3. 
[30Apr2025 15:11:31.366] [Server thread/WARN] [net.minecraftforge.common.ForgeConfigSpec/CORE]: Incorrect key Spells.alshanex_familiars:harp_symphony.MinRarity was corrected from null to its default, EPIC. 
[30Apr2025 15:11:31.366] [Server thread/WARN] [net.minecraftforge.common.ForgeConfigSpec/CORE]: Incorrect key Spells.alshanex_familiars:harp_symphony.ManaCostMultiplier was corrected from null to its default, 1.0. 
[30Apr2025 15:11:31.367] [Server thread/WARN] [net.minecraftforge.common.ForgeConfigSpec/CORE]: Incorrect key Spells.alshanex_familiars:harp_symphony.SpellPowerMultiplier was corrected from null to its default, 1.0. 
[30Apr2025 15:11:31.368] [Server thread/WARN] [net.minecraftforge.common.ForgeConfigSpec/CORE]: Incorrect key Spells.alshanex_familiars:harp_symphony.CooldownInSeconds was corrected from null to its default, 15.0. 
[30Apr2025 15:11:31.368] [Server thread/WARN] [net.minecraftforge.common.ForgeConfigSpec/CORE]: Incorrect key Spells.alshanex_familiars:harp_symphony.AllowCrafting was corrected from null to its default, true. 
[30Apr2025 15:11:31.368] [Server thread/WARN] [net.minecraftforge.common.ForgeConfigSpec/CORE]: Incorrect key Spells.irons_spellbooks:telekinesis was corrected from null to its default, SimpleCommentedConfig:{}. 
[30Apr2025 15:11:31.369] [Server thread/WARN] [net.minecraftforge.common.ForgeConfigSpec/CORE]: Incorrect key Spells.irons_spellbooks:telekinesis.Enabled was corrected from null to its default, true. 
[30Apr2025 15:11:31.370] [Server thread/WARN] [net.minecraftforge.common.ForgeConfigSpec/CORE]: Incorrect key Spells.irons_spellbooks:telekinesis.School was corrected from null to its default, irons_spellbooks:eldritch. 
[30Apr2025 15:11:31.370] [Server thread/WARN] [net.minecraftforge.common.ForgeConfigSpec/CORE]: Incorrect key Spells.irons_spellbooks:telekinesis.MaxLevel was corrected from null to its default, 5. 
[30Apr2025 15:11:31.370] [Server thread/WARN] [net.minecraftforge.common.ForgeConfigSpec/CORE]: Incorrect key Spells.irons_spellbooks:telekinesis.MinRarity was corrected from null to its default, LEGENDARY. 
[30Apr2025 15:11:31.370] [Server thread/WARN] [net.minecraftforge.common.ForgeConfigSpec/CORE]: Incorrect key Spells.irons_spellbooks:telekinesis.ManaCostMultiplier was corrected from null to its default, 1.0. 
[30Apr2025 15:11:31.371] [Server thread/WARN] [net.minecraftforge.common.ForgeConfigSpec/CORE]: Incorrect key Spells.irons_spellbooks:telekinesis.SpellPowerMultiplier was corrected from null to its default, 1.0. 
[30Apr2025 15:11:31.371] [Server thread/WARN] [net.minecraftforge.common.ForgeConfigSpec/CORE]: Incorrect key Spells.irons_spellbooks:telekinesis.CooldownInSeconds was corrected from null to its default, 35.0. 
[30Apr2025 15:11:31.371] [Server thread/WARN] [net.minecraftforge.common.ForgeConfigSpec/CORE]: Incorrect key Spells.irons_spellbooks:telekinesis.AllowCrafting was corrected from null to its default, true. 
[30Apr2025 15:11:31.372] [Server thread/WARN] [net.minecraftforge.common.ForgeConfigSpec/CORE]: Incorrect key Spells.irons_spellbooks:planar_sight was corrected from null to its default, SimpleCommentedConfig:{}. 
[30Apr2025 15:11:31.372] [Server thread/WARN] [net.minecraftforge.common.ForgeConfigSpec/CORE]: Incorrect key Spells.irons_spellbooks:planar_sight.Enabled was corrected from null to its default, true. 
[30Apr2025 15:11:31.372] [Server thread/WARN] [net.minecraftforge.common.ForgeConfigSpec/CORE]: Incorrect key Spells.irons_spellbooks:planar_sight.School was corrected from null to its default, irons_spellbooks:eldritch. 
[30Apr2025 15:11:31.373] [Server thread/WARN] [net.minecraftforge.common.ForgeConfigSpec/CORE]: Incorrect key Spells.irons_spellbooks:planar_sight.MaxLevel was corrected from null to its default, 3. 
[30Apr2025 15:11:31.373] [Server thread/WARN] [net.minecraftforge.common.ForgeConfigSpec/CORE]: Incorrect key Spells.irons_spellbooks:planar_sight.MinRarity was corrected from null to its default, LEGENDARY. 
[30Apr2025 15:11:31.373] [Server thread/WARN] [net.minecraftforge.common.ForgeConfigSpec/CORE]: Incorrect key Spells.irons_spellbooks:planar_sight.ManaCostMultiplier was corrected from null to its default, 1.0. 
[30Apr2025 15:11:31.373] [Server thread/WARN] [net.minecraftforge.common.ForgeConfigSpec/CORE]: Incorrect key Spells.irons_spellbooks:planar_sight.SpellPowerMultiplier was corrected from null to its default, 1.0. 
[30Apr2025 15:11:31.373] [Server thread/WARN] [net.minecraftforge.common.ForgeConfigSpec/CORE]: Incorrect key Spells.irons_spellbooks:planar_sight.CooldownInSeconds was corrected from null to its default, 200.0. 
[30Apr2025 15:11:31.373] [Server thread/WARN] [net.minecraftforge.common.ForgeConfigSpec/CORE]: Incorrect key Spells.irons_spellbooks:planar_sight.AllowCrafting was corrected from null to its default, true. 
[30Apr2025 15:11:31.373] [Server thread/WARN] [net.minecraftforge.common.ForgeConfigSpec/CORE]: Incorrect key Spells.irons_spellbooks:eldritch_blast was corrected from null to its default, SimpleCommentedConfig:{}. 
[30Apr2025 15:11:31.374] [Server thread/WARN] [net.minecraftforge.common.ForgeConfigSpec/CORE]: Incorrect key Spells.irons_spellbooks:eldritch_blast.Enabled was corrected from null to its default, true. 
[30Apr2025 15:11:31.374] [Server thread/WARN] [net.minecraftforge.common.ForgeConfigSpec/CORE]: Incorrect key Spells.irons_spellbooks:eldritch_blast.School was corrected from null to its default, irons_spellbooks:eldritch. 
[30Apr2025 15:11:31.374] [Server thread/WARN] [net.minecraftforge.common.ForgeConfigSpec/CORE]: Incorrect key Spells.irons_spellbooks:eldritch_blast.MaxLevel was corrected from null to its default, 5. 
[30Apr2025 15:11:31.374] [Server thread/WARN] [net.minecraftforge.common.ForgeConfigSpec/CORE]: Incorrect key Spells.irons_spellbooks:eldritch_blast.MinRarity was corrected from null to its default, LEGENDARY. 
[30Apr2025 15:11:31.376] [Server thread/WARN] [net.minecraftforge.common.ForgeConfigSpec/CORE]: Incorrect key Spells.irons_spellbooks:eldritch_blast.ManaCostMultiplier was corrected from null to its default, 1.0. 
[30Apr2025 15:11:31.379] [Server thread/WARN] [net.minecraftforge.common.ForgeConfigSpec/CORE]: Incorrect key Spells.irons_spellbooks:eldritch_blast.SpellPowerMultiplier was corrected from null to its default, 1.0. 
[30Apr2025 15:11:31.380] [Server thread/WARN] [net.minecraftforge.common.ForgeConfigSpec/CORE]: Incorrect key Spells.irons_spellbooks:eldritch_blast.CooldownInSeconds was corrected from null to its default, 15.0. 
[30Apr2025 15:11:31.381] [Server thread/WARN] [net.minecraftforge.common.ForgeConfigSpec/CORE]: Incorrect key Spells.irons_spellbooks:eldritch_blast.AllowCrafting was corrected from null to its default, true. 
[30Apr2025 15:11:31.384] [Server thread/WARN] [net.minecraftforge.common.ForgeConfigSpec/CORE]: Incorrect key Spells.irons_spellbooks:abyssal_shroud was corrected from null to its default, SimpleCommentedConfig:{}. 
[30Apr2025 15:11:31.384] [Server thread/WARN] [net.minecraftforge.common.ForgeConfigSpec/CORE]: Incorrect key Spells.irons_spellbooks:abyssal_shroud.Enabled was corrected from null to its default, true. 
[30Apr2025 15:11:31.384] [Server thread/WARN] [net.minecraftforge.common.ForgeConfigSpec/CORE]: Incorrect key Spells.irons_spellbooks:abyssal_shroud.School was corrected from null to its default, irons_spellbooks:eldritch. 
[30Apr2025 15:11:31.384] [Server thread/WARN] [net.minecraftforge.common.ForgeConfigSpec/CORE]: Incorrect key Spells.irons_spellbooks:abyssal_shroud.MaxLevel was corrected from null to its default, 3. 
[30Apr2025 15:11:31.384] [Server thread/WARN] [net.minecraftforge.common.ForgeConfigSpec/CORE]: Incorrect key Spells.irons_spellbooks:abyssal_shroud.MinRarity was corrected from null to its default, LEGENDARY. 
[30Apr2025 15:11:31.385] [Server thread/WARN] [net.minecraftforge.common.ForgeConfigSpec/CORE]: Incorrect key Spells.irons_spellbooks:abyssal_shroud.ManaCostMultiplier was corrected from null to its default, 1.0. 
[30Apr2025 15:11:31.385] [Server thread/WARN] [net.minecraftforge.common.ForgeConfigSpec/CORE]: Incorrect key Spells.irons_spellbooks:abyssal_shroud.SpellPowerMultiplier was corrected from null to its default, 1.0. 
[30Apr2025 15:11:31.387] [Server thread/WARN] [net.minecraftforge.common.ForgeConfigSpec/CORE]: Incorrect key Spells.irons_spellbooks:abyssal_shroud.CooldownInSeconds was corrected from null to its default, 200.0. 
[30Apr2025 15:11:31.388] [Server thread/WARN] [net.minecraftforge.common.ForgeConfigSpec/CORE]: Incorrect key Spells.irons_spellbooks:abyssal_shroud.AllowCrafting was corrected from null to its default, true. 
[30Apr2025 15:11:31.388] [Server thread/WARN] [net.minecraftforge.common.ForgeConfigSpec/CORE]: Incorrect key Spells.irons_spellbooks:sonic_boom was corrected from null to its default, SimpleCommentedConfig:{}. 
[30Apr2025 15:11:31.389] [Server thread/WARN] [net.minecraftforge.common.ForgeConfigSpec/CORE]: Incorrect key Spells.irons_spellbooks:sonic_boom.Enabled was corrected from null to its default, true. 
[30Apr2025 15:11:31.389] [Server thread/WARN] [net.minecraftforge.common.ForgeConfigSpec/CORE]: Incorrect key Spells.irons_spellbooks:sonic_boom.School was corrected from null to its default, irons_spellbooks:eldritch. 
[30Apr2025 15:11:31.390] [Server thread/WARN] [net.minecraftforge.common.ForgeConfigSpec/CORE]: Incorrect key Spells.irons_spellbooks:sonic_boom.MaxLevel was corrected from null to its default, 3. 
[30Apr2025 15:11:31.390] [Server thread/WARN] [net.minecraftforge.common.ForgeConfigSpec/CORE]: Incorrect key Spells.irons_spellbooks:sonic_boom.MinRarity was corrected from null to its default, LEGENDARY. 
[30Apr2025 15:11:31.390] [Server thread/WARN] [net.minecraftforge.common.ForgeConfigSpec/CORE]: Incorrect key Spells.irons_spellbooks:sonic_boom.ManaCostMultiplier was corrected from null to its default, 1.0. 
[30Apr2025 15:11:31.391] [Server thread/WARN] [net.minecraftforge.common.ForgeConfigSpec/CORE]: Incorrect key Spells.irons_spellbooks:sonic_boom.SpellPowerMultiplier was corrected from null to its default, 1.0. 
[30Apr2025 15:11:31.391] [Server thread/WARN] [net.minecraftforge.common.ForgeConfigSpec/CORE]: Incorrect key Spells.irons_spellbooks:sonic_boom.CooldownInSeconds was corrected from null to its default, 25.0. 
[30Apr2025 15:11:31.392] [Server thread/WARN] [net.minecraftforge.common.ForgeConfigSpec/CORE]: Incorrect key Spells.irons_spellbooks:sonic_boom.AllowCrafting was corrected from null to its default, true. 
[30Apr2025 15:11:31.392] [Server thread/WARN] [net.minecraftforge.common.ForgeConfigSpec/CORE]: Incorrect key Spells.irons_spellbooks:sculk_tentacles was corrected from null to its default, SimpleCommentedConfig:{}. 
[30Apr2025 15:11:31.392] [Server thread/WARN] [net.minecraftforge.common.ForgeConfigSpec/CORE]: Incorrect key Spells.irons_spellbooks:sculk_tentacles.Enabled was corrected from null to its default, true. 
[30Apr2025 15:11:31.393] [Server thread/WARN] [net.minecraftforge.common.ForgeConfigSpec/CORE]: Incorrect key Spells.irons_spellbooks:sculk_tentacles.School was corrected from null to its default, irons_spellbooks:eldritch. 
[30Apr2025 15:11:31.393] [Server thread/WARN] [net.minecraftforge.common.ForgeConfigSpec/CORE]: Incorrect key Spells.irons_spellbooks:sculk_tentacles.MaxLevel was corrected from null to its default, 4. 
[30Apr2025 15:11:31.393] [Server thread/WARN] [net.minecraftforge.common.ForgeConfigSpec/CORE]: Incorrect key Spells.irons_spellbooks:sculk_tentacles.MinRarity was corrected from null to its default, LEGENDARY. 
[30Apr2025 15:11:31.394] [Server thread/WARN] [net.minecraftforge.common.ForgeConfigSpec/CORE]: Incorrect key Spells.irons_spellbooks:sculk_tentacles.ManaCostMultiplier was corrected from null to its default, 1.0. 
[30Apr2025 15:11:31.394] [Server thread/WARN] [net.minecraftforge.common.ForgeConfigSpec/CORE]: Incorrect key Spells.irons_spellbooks:sculk_tentacles.SpellPowerMultiplier was corrected from null to its default, 1.0. 
[30Apr2025 15:11:31.395] [Server thread/WARN] [net.minecraftforge.common.ForgeConfigSpec/CORE]: Incorrect key Spells.irons_spellbooks:sculk_tentacles.CooldownInSeconds was corrected from null to its default, 30.0. 
[30Apr2025 15:11:31.395] [Server thread/WARN] [net.minecraftforge.common.ForgeConfigSpec/CORE]: Incorrect key Spells.irons_spellbooks:sculk_tentacles.AllowCrafting was corrected from null to its default, true. 
[30Apr2025 15:11:31.396] [Server thread/WARN] [net.minecraftforge.common.ForgeConfigSpec/CORE]: Incorrect key Spells.irons_spellbooks:healing_circle was corrected from null to its default, SimpleCommentedConfig:{}. 
[30Apr2025 15:11:31.397] [Server thread/WARN] [net.minecraftforge.common.ForgeConfigSpec/CORE]: Incorrect key Spells.irons_spellbooks:healing_circle.Enabled was corrected from null to its default, true. 
[30Apr2025 15:11:31.397] [Server thread/WARN] [net.minecraftforge.common.ForgeConfigSpec/CORE]: Incorrect key Spells.irons_spellbooks:healing_circle.School was corrected from null to its default, irons_spellbooks:holy. 
[30Apr2025 15:11:31.398] [Server thread/WARN] [net.minecraftforge.common.ForgeConfigSpec/CORE]: Incorrect key Spells.irons_spellbooks:healing_circle.MaxLevel was corrected from null to its default, 10. 
[30Apr2025 15:11:31.398] [Server thread/WARN] [net.minecraftforge.common.ForgeConfigSpec/CORE]: Incorrect key Spells.irons_spellbooks:healing_circle.MinRarity was corrected from null to its default, COMMON. 
[30Apr2025 15:11:31.399] [Server thread/WARN] [net.minecraftforge.common.ForgeConfigSpec/CORE]: Incorrect key Spells.irons_spellbooks:healing_circle.ManaCostMultiplier was corrected from null to its default, 1.0. 
[30Apr2025 15:11:31.399] [Server thread/WARN] [net.minecraftforge.common.ForgeConfigSpec/CORE]: Incorrect key Spells.irons_spellbooks:healing_circle.SpellPowerMultiplier was corrected from null to its default, 1.0. 
[30Apr2025 15:11:31.400] [Server thread/WARN] [net.minecraftforge.common.ForgeConfigSpec/CORE]: Incorrect key Spells.irons_spellbooks:healing_circle.CooldownInSeconds was corrected from null to its default, 25.0. 
[30Apr2025 15:11:31.401] [Server thread/WARN] [net.minecraftforge.common.ForgeConfigSpec/CORE]: Incorrect key Spells.irons_spellbooks:healing_circle.AllowCrafting was corrected from null to its default, true. 
[30Apr2025 15:11:31.402] [Server thread/WARN] [net.minecraftforge.common.ForgeConfigSpec/CORE]: Incorrect key Spells.irons_spellbooks:blessing_of_life was corrected from null to its default, SimpleCommentedConfig:{}. 
[30Apr2025 15:11:31.402] [Server thread/WARN] [net.minecraftforge.common.ForgeConfigSpec/CORE]: Incorrect key Spells.irons_spellbooks:blessing_of_life.Enabled was corrected from null to its default, true. 
[30Apr2025 15:11:31.402] [Server thread/WARN] [net.minecraftforge.common.ForgeConfigSpec/CORE]: Incorrect key Spells.irons_spellbooks:blessing_of_life.School was corrected from null to its default, irons_spellbooks:holy. 
[30Apr2025 15:11:31.402] [Server thread/WARN] [net.minecraftforge.common.ForgeConfigSpec/CORE]: Incorrect key Spells.irons_spellbooks:blessing_of_life.MaxLevel was corrected from null to its default, 10. 
[30Apr2025 15:11:31.402] [Server thread/WARN] [net.minecraftforge.common.ForgeConfigSpec/CORE]: Incorrect key Spells.irons_spellbooks:blessing_of_life.MinRarity was corrected from null to its default, COMMON. 
[30Apr2025 15:11:31.403] [Server thread/WARN] [net.minecraftforge.common.ForgeConfigSpec/CORE]: Incorrect key Spells.irons_spellbooks:blessing_of_life.ManaCostMultiplier was corrected from null to its default, 1.0. 
[30Apr2025 15:11:31.403] [Server thread/WARN] [net.minecraftforge.common.ForgeConfigSpec/CORE]: Incorrect key Spells.irons_spellbooks:blessing_of_life.SpellPowerMultiplier was corrected from null to its default, 1.0. 
[30Apr2025 15:11:31.403] [Server thread/WARN] [net.minecraftforge.common.ForgeConfigSpec/CORE]: Incorrect key Spells.irons_spellbooks:blessing_of_life.CooldownInSeconds was corrected from null to its default, 10.0. 
[30Apr2025 15:11:31.403] [Server thread/WARN] [net.minecraftforge.common.ForgeConfigSpec/CORE]: Incorrect key Spells.irons_spellbooks:blessing_of_life.AllowCrafting was corrected from null to its default, true. 
[30Apr2025 15:11:31.403] [Server thread/WARN] [net.minecraftforge.common.ForgeConfigSpec/CORE]: Incorrect key Spells.irons_spellbooks:cleanse was corrected from null to its default, SimpleCommentedConfig:{}. 
[30Apr2025 15:11:31.403] [Server thread/WARN] [net.minecraftforge.common.ForgeConfigSpec/CORE]: Incorrect key Spells.irons_spellbooks:cleanse.Enabled was corrected from null to its default, true. 
[30Apr2025 15:11:31.403] [Server thread/WARN] [net.minecraftforge.common.ForgeConfigSpec/CORE]: Incorrect key Spells.irons_spellbooks:cleanse.School was corrected from null to its default, irons_spellbooks:holy. 
[30Apr2025 15:11:31.404] [Server thread/WARN] [net.minecraftforge.common.ForgeConfigSpec/CORE]: Incorrect key Spells.irons_spellbooks:cleanse.MaxLevel was corrected from null to its default, 1. 
[30Apr2025 15:11:31.404] [Server thread/WARN] [net.minecraftforge.common.ForgeConfigSpec/CORE]: Incorrect key Spells.irons_spellbooks:cleanse.MinRarity was corrected from null to its default, EPIC. 
[30Apr2025 15:11:31.404] [Server thread/WARN] [net.minecraftforge.common.ForgeConfigSpec/CORE]: Incorrect key Spells.irons_spellbooks:cleanse.ManaCostMultiplier was corrected from null to its default, 1.0. 
[30Apr2025 15:11:31.404] [Server thread/WARN] [net.minecraftforge.common.ForgeConfigSpec/CORE]: Incorrect key Spells.irons_spellbooks:cleanse.SpellPowerMultiplier was corrected from null to its default, 1.0. 
[30Apr2025 15:11:31.404] [Server thread/WARN] [net.minecraftforge.common.ForgeConfigSpec/CORE]: Incorrect key Spells.irons_spellbooks:cleanse.CooldownInSeconds was corrected from null to its default, 60.0. 
[30Apr2025 15:11:31.404] [Server thread/WARN] [net.minecraftforge.common.ForgeConfigSpec/CORE]: Incorrect key Spells.irons_spellbooks:cleanse.AllowCrafting was corrected from null to its default, true. 
[30Apr2025 15:11:31.404] [Server thread/WARN] [net.minecraftforge.common.ForgeConfigSpec/CORE]: Incorrect key Spells.irons_spellbooks:sunbeam was corrected from null to its default, SimpleCommentedConfig:{}. 
[30Apr2025 15:11:31.404] [Server thread/WARN] [net.minecraftforge.common.ForgeConfigSpec/CORE]: Incorrect key Spells.irons_spellbooks:sunbeam.Enabled was corrected from null to its default, true. 
[30Apr2025 15:11:31.405] [Server thread/WARN] [net.minecraftforge.common.ForgeConfigSpec/CORE]: Incorrect key Spells.irons_spellbooks:sunbeam.School was corrected from null to its default, irons_spellbooks:holy. 
[30Apr2025 15:11:31.405] [Server thread/WARN] [net.minecraftforge.common.ForgeConfigSpec/CORE]: Incorrect key Spells.irons_spellbooks:sunbeam.MaxLevel was corrected from null to its default, 10. 
[30Apr2025 15:11:31.405] [Server thread/WARN] [net.minecraftforge.common.ForgeConfigSpec/CORE]: Incorrect key Spells.irons_spellbooks:sunbeam.MinRarity was corrected from null to its default, UNCOMMON. 
[30Apr2025 15:11:31.408] [Server thread/WARN] [net.minecraftforge.common.ForgeConfigSpec/CORE]: Incorrect key Spells.irons_spellbooks:sunbeam.ManaCostMultiplier was corrected from null to its default, 1.0. 
[30Apr2025 15:11:31.408] [Server thread/WARN] [net.minecraftforge.common.ForgeConfigSpec/CORE]: Incorrect key Spells.irons_spellbooks:sunbeam.SpellPowerMultiplier was corrected from null to its default, 1.0. 
[30Apr2025 15:11:31.408] [Server thread/WARN] [net.minecraftforge.common.ForgeConfigSpec/CORE]: Incorrect key Spells.irons_spellbooks:sunbeam.CooldownInSeconds was corrected from null to its default, 20.0. 
[30Apr2025 15:11:31.408] [Server thread/WARN] [net.minecraftforge.common.ForgeConfigSpec/CORE]: Incorrect key Spells.irons_spellbooks:sunbeam.AllowCrafting was corrected from null to its default, true. 
[30Apr2025 15:11:31.408] [Server thread/WARN] [net.minecraftforge.common.ForgeConfigSpec/CORE]: Incorrect key Spells.irons_spellbooks:heal was corrected from null to its default, SimpleCommentedConfig:{}. 
[30Apr2025 15:11:31.408] [Server thread/WARN] [net.minecraftforge.common.ForgeConfigSpec/CORE]: Incorrect key Spells.irons_spellbooks:heal.Enabled was corrected from null to its default, true. 
[30Apr2025 15:11:31.409] [Server thread/WARN] [net.minecraftforge.common.ForgeConfigSpec/CORE]: Incorrect key Spells.irons_spellbooks:heal.School was corrected from null to its default, irons_spellbooks:holy. 
[30Apr2025 15:11:31.409] [Server thread/WARN] [net.minecraftforge.common.ForgeConfigSpec/CORE]: Incorrect key Spells.irons_spellbooks:heal.MaxLevel was corrected from null to its default, 8. 
[30Apr2025 15:11:31.409] [Server thread/WARN] [net.minecraftforge.common.ForgeConfigSpec/CORE]: Incorrect key Spells.irons_spellbooks:heal.MinRarity was corrected from null to its default, UNCOMMON. 
[30Apr2025 15:11:31.409] [Server thread/WARN] [net.minecraftforge.common.ForgeConfigSpec/CORE]: Incorrect key Spells.irons_spellbooks:heal.ManaCostMultiplier was corrected from null to its default, 1.0. 
[30Apr2025 15:11:31.409] [Server thread/WARN] [net.minecraftforge.common.ForgeConfigSpec/CORE]: Incorrect key Spells.irons_spellbooks:heal.SpellPowerMultiplier was corrected from null to its default, 1.0. 
[30Apr2025 15:11:31.410] [Server thread/WARN] [net.minecraftforge.common.ForgeConfigSpec/CORE]: Incorrect key Spells.irons_spellbooks:heal.CooldownInSeconds was corrected from null to its default, 30.0. 
[30Apr2025 15:11:31.410] [Server thread/WARN] [net.minecraftforge.common.ForgeConfigSpec/CORE]: Incorrect key Spells.irons_spellbooks:heal.AllowCrafting was corrected from null to its default, true. 
[30Apr2025 15:11:31.410] [Server thread/WARN] [net.minecraftforge.common.ForgeConfigSpec/CORE]: Incorrect key Spells.irons_spellbooks:wisp was corrected from null to its default, SimpleCommentedConfig:{}. 
[30Apr2025 15:11:31.410] [Server thread/WARN] [net.minecraftforge.common.ForgeConfigSpec/CORE]: Incorrect key Spells.irons_spellbooks:wisp.Enabled was corrected from null to its default, true. 
[30Apr2025 15:11:31.410] [Server thread/WARN] [net.minecraftforge.common.ForgeConfigSpec/CORE]: Incorrect key Spells.irons_spellbooks:wisp.School was corrected from null to its default, irons_spellbooks:holy. 
[30Apr2025 15:11:31.410] [Server thread/WARN] [net.minecraftforge.common.ForgeConfigSpec/CORE]: Incorrect key Spells.irons_spellbooks:wisp.MaxLevel was corrected from null to its default, 10. 
[30Apr2025 15:11:31.410] [Server thread/WARN] [net.minecraftforge.common.ForgeConfigSpec/CORE]: Incorrect key Spells.irons_spellbooks:wisp.MinRarity was corrected from null to its default, COMMON. 
[30Apr2025 15:11:31.411] [Server thread/WARN] [net.minecraftforge.common.ForgeConfigSpec/CORE]: Incorrect key Spells.irons_spellbooks:wisp.ManaCostMultiplier was corrected from null to its default, 1.0. 
[30Apr2025 15:11:31.411] [Server thread/WARN] [net.minecraftforge.common.ForgeConfigSpec/CORE]: Incorrect key Spells.irons_spellbooks:wisp.SpellPowerMultiplier was corrected from null to its default, 1.0. 
[30Apr2025 15:11:31.412] [Server thread/WARN] [net.minecraftforge.common.ForgeConfigSpec/CORE]: Incorrect key Spells.irons_spellbooks:wisp.CooldownInSeconds was corrected from null to its default, 3.0. 
[30Apr2025 15:11:31.412] [Server thread/WARN] [net.minecraftforge.common.ForgeConfigSpec/CORE]: Incorrect key Spells.irons_spellbooks:wisp.AllowCrafting was corrected from null to its default, true. 
[30Apr2025 15:11:31.412] [Server thread/WARN] [net.minecraftforge.common.ForgeConfigSpec/CORE]: Incorrect key Spells.irons_spellbooks:divine_smite was corrected from null to its default, SimpleCommentedConfig:{}. 
[30Apr2025 15:11:31.412] [Server thread/WARN] [net.minecraftforge.common.ForgeConfigSpec/CORE]: Incorrect key Spells.irons_spellbooks:divine_smite.Enabled was corrected from null to its default, true. 
[30Apr2025 15:11:31.412] [Server thread/WARN] [net.minecraftforge.common.ForgeConfigSpec/CORE]: Incorrect key Spells.irons_spellbooks:divine_smite.School was corrected from null to its default, irons_spellbooks:holy. 
[30Apr2025 15:11:31.412] [Server thread/WARN] [net.minecraftforge.common.ForgeConfigSpec/CORE]: Incorrect key Spells.irons_spellbooks:divine_smite.MaxLevel was corrected from null to its default, 5. 
[30Apr2025 15:11:31.412] [Server thread/WARN] [net.minecraftforge.common.ForgeConfigSpec/CORE]: Incorrect key Spells.irons_spellbooks:divine_smite.MinRarity was corrected from null to its default, COMMON. 
[30Apr2025 15:11:31.412] [Server thread/WARN] [net.minecraftforge.common.ForgeConfigSpec/CORE]: Incorrect key Spells.irons_spellbooks:divine_smite.ManaCostMultiplier was corrected from null to its default, 1.0. 
[30Apr2025 15:11:31.412] [Server thread/WARN] [net.minecraftforge.common.ForgeConfigSpec/CORE]: Incorrect key Spells.irons_spellbooks:divine_smite.SpellPowerMultiplier was corrected from null to its default, 1.0. 
[30Apr2025 15:11:31.413] [Server thread/WARN] [net.minecraftforge.common.ForgeConfigSpec/CORE]: Incorrect key Spells.irons_spellbooks:divine_smite.CooldownInSeconds was corrected from null to its default, 15.0. 
[30Apr2025 15:11:31.413] [Server thread/WARN] [net.minecraftforge.common.ForgeConfigSpec/CORE]: Incorrect key Spells.irons_spellbooks:divine_smite.AllowCrafting was corrected from null to its default, true. 
[30Apr2025 15:11:31.413] [Server thread/WARN] [net.minecraftforge.common.ForgeConfigSpec/CORE]: Incorrect key Spells.irons_spellbooks:greater_heal was corrected from null to its default, SimpleCommentedConfig:{}. 
[30Apr2025 15:11:31.413] [Server thread/WARN] [net.minecraftforge.common.ForgeConfigSpec/CORE]: Incorrect key Spells.irons_spellbooks:greater_heal.Enabled was corrected from null to its default, true. 
[30Apr2025 15:11:31.413] [Server thread/WARN] [net.minecraftforge.common.ForgeConfigSpec/CORE]: Incorrect key Spells.irons_spellbooks:greater_heal.School was corrected from null to its default, irons_spellbooks:holy. 
[30Apr2025 15:11:31.413] [Server thread/WARN] [net.minecraftforge.common.ForgeConfigSpec/CORE]: Incorrect key Spells.irons_spellbooks:greater_heal.MaxLevel was corrected from null to its default, 1. 
[30Apr2025 15:11:31.413] [Server thread/WARN] [net.minecraftforge.common.ForgeConfigSpec/CORE]: Incorrect key Spells.irons_spellbooks:greater_heal.MinRarity was corrected from null to its default, RARE. 
[30Apr2025 15:11:31.413] [Server thread/WARN] [net.minecraftforge.common.ForgeConfigSpec/CORE]: Incorrect key Spells.irons_spellbooks:greater_heal.ManaCostMultiplier was corrected from null to its default, 1.0. 
[30Apr2025 15:11:31.413] [Server thread/WARN] [net.minecraftforge.common.ForgeConfigSpec/CORE]: Incorrect key Spells.irons_spellbooks:greater_heal.SpellPowerMultiplier was corrected from null to its default, 1.0. 
[30Apr2025 15:11:31.413] [Server thread/WARN] [net.minecraftforge.common.ForgeConfigSpec/CORE]: Incorrect key Spells.irons_spellbooks:greater_heal.CooldownInSeconds was corrected from null to its default, 45.0. 
[30Apr2025 15:11:31.413] [Server thread/WARN] [net.minecraftforge.common.ForgeConfigSpec/CORE]: Incorrect key Spells.irons_spellbooks:greater_heal.AllowCrafting was corrected from null to its default, true. 
[30Apr2025 15:11:31.414] [Server thread/WARN] [net.minecraftforge.common.ForgeConfigSpec/CORE]: Incorrect key Spells.irons_spellbooks:angel_wing was corrected from null to its default, SimpleCommentedConfig:{}. 
[30Apr2025 15:11:31.414] [Server thread/WARN] [net.minecraftforge.common.ForgeConfigSpec/CORE]: Incorrect key Spells.irons_spellbooks:angel_wing.Enabled was corrected from null to its default, true. 
[30Apr2025 15:11:31.414] [Server thread/WARN] [net.minecraftforge.common.ForgeConfigSpec/CORE]: Incorrect key Spells.irons_spellbooks:angel_wing.School was corrected from null to its default, irons_spellbooks:holy. 
[30Apr2025 15:11:31.416] [Server thread/WARN] [net.minecraftforge.common.ForgeConfigSpec/CORE]: Incorrect key Spells.irons_spellbooks:angel_wing.MaxLevel was corrected from null to its default, 5. 
[30Apr2025 15:11:31.416] [Server thread/WARN] [net.minecraftforge.common.ForgeConfigSpec/CORE]: Incorrect key Spells.irons_spellbooks:angel_wing.MinRarity was corrected from null to its default, EPIC. 
[30Apr2025 15:11:31.416] [Server thread/WARN] [net.minecraftforge.common.ForgeConfigSpec/CORE]: Incorrect key Spells.irons_spellbooks:angel_wing.ManaCostMultiplier was corrected from null to its default, 1.0. 
[30Apr2025 15:11:31.416] [Server thread/WARN] [net.minecraftforge.common.ForgeConfigSpec/CORE]: Incorrect key Spells.irons_spellbooks:angel_wing.SpellPowerMultiplier was corrected from null to its default, 1.0. 
[30Apr2025 15:11:31.417] [Server thread/WARN] [net.minecraftforge.common.ForgeConfigSpec/CORE]: Incorrect key Spells.irons_spellbooks:angel_wing.CooldownInSeconds was corrected from null to its default, 120.0. 
[30Apr2025 15:11:31.417] [Server thread/WARN] [net.minecraftforge.common.ForgeConfigSpec/CORE]: Incorrect key Spells.irons_spellbooks:angel_wing.AllowCrafting was corrected from null to its default, true. 
[30Apr2025 15:11:31.417] [Server thread/WARN] [net.minecraftforge.common.ForgeConfigSpec/CORE]: Incorrect key Spells.irons_spellbooks:fortify was corrected from null to its default, SimpleCommentedConfig:{}. 
[30Apr2025 15:11:31.417] [Server thread/WARN] [net.minecraftforge.common.ForgeConfigSpec/CORE]: Incorrect key Spells.irons_spellbooks:fortify.Enabled was corrected from null to its default, true. 
[30Apr2025 15:11:31.417] [Server thread/WARN] [net.minecraftforge.common.ForgeConfigSpec/CORE]: Incorrect key Spells.irons_spellbooks:fortify.School was corrected from null to its default, irons_spellbooks:holy. 
[30Apr2025 15:11:31.417] [Server thread/WARN] [net.minecraftforge.common.ForgeConfigSpec/CORE]: Incorrect key Spells.irons_spellbooks:fortify.MaxLevel was corrected from null to its default, 10. 
[30Apr2025 15:11:31.417] [Server thread/WARN] [net.minecraftforge.common.ForgeConfigSpec/CORE]: Incorrect key Spells.irons_spellbooks:fortify.MinRarity was corrected from null to its default, COMMON. 
[30Apr2025 15:11:31.417] [Server thread/WARN] [net.minecraftforge.common.ForgeConfigSpec/CORE]: Incorrect key Spells.irons_spellbooks:fortify.ManaCostMultiplier was corrected from null to its default, 1.0. 
[30Apr2025 15:11:31.418] [Server thread/WARN] [net.minecraftforge.common.ForgeConfigSpec/CORE]: Incorrect key Spells.irons_spellbooks:fortify.SpellPowerMultiplier was corrected from null to its default, 1.0. 
[30Apr2025 15:11:31.418] [Server thread/WARN] [net.minecraftforge.common.ForgeConfigSpec/CORE]: Incorrect key Spells.irons_spellbooks:fortify.CooldownInSeconds was corrected from null to its default, 35.0. 
[30Apr2025 15:11:31.418] [Server thread/WARN] [net.minecraftforge.common.ForgeConfigSpec/CORE]: Incorrect key Spells.irons_spellbooks:fortify.AllowCrafting was corrected from null to its default, true. 
[30Apr2025 15:11:31.418] [Server thread/WARN] [net.minecraftforge.common.ForgeConfigSpec/CORE]: Incorrect key Spells.irons_spellbooks:guiding_bolt was corrected from null to its default, SimpleCommentedConfig:{}. 
[30Apr2025 15:11:31.418] [Server thread/WARN] [net.minecraftforge.common.ForgeConfigSpec/CORE]: Incorrect key Spells.irons_spellbooks:guiding_bolt.Enabled was corrected from null to its default, true. 
[30Apr2025 15:11:31.418] [Server thread/WARN] [net.minecraftforge.common.ForgeConfigSpec/CORE]: Incorrect key Spells.irons_spellbooks:guiding_bolt.School was corrected from null to its default, irons_spellbooks:holy. 
[30Apr2025 15:11:31.418] [Server thread/WARN] [net.minecraftforge.common.ForgeConfigSpec/CORE]: Incorrect key Spells.irons_spellbooks:guiding_bolt.MaxLevel was corrected from null to its default, 10. 
[30Apr2025 15:11:31.418] [Server thread/WARN] [net.minecraftforge.common.ForgeConfigSpec/CORE]: Incorrect key Spells.irons_spellbooks:guiding_bolt.MinRarity was corrected from null to its default, COMMON. 
[30Apr2025 15:11:31.419] [Server thread/WARN] [net.minecraftforge.common.ForgeConfigSpec/CORE]: Incorrect key Spells.irons_spellbooks:guiding_bolt.ManaCostMultiplier was corrected from null to its default, 1.0. 
[30Apr2025 15:11:31.419] [Server thread/WARN] [net.minecraftforge.common.ForgeConfigSpec/CORE]: Incorrect key Spells.irons_spellbooks:guiding_bolt.SpellPowerMultiplier was corrected from null to its default, 1.0. 
[30Apr2025 15:11:31.419] [Server thread/WARN] [net.minecraftforge.common.ForgeConfigSpec/CORE]: Incorrect key Spells.irons_spellbooks:guiding_bolt.CooldownInSeconds was corrected from null to its default, 8.0. 
[30Apr2025 15:11:31.419] [Server thread/WARN] [net.minecraftforge.common.ForgeConfigSpec/CORE]: Incorrect key Spells.irons_spellbooks:guiding_bolt.AllowCrafting was corrected from null to its default, true. 
[30Apr2025 15:11:31.419] [Server thread/WARN] [net.minecraftforge.common.ForgeConfigSpec/CORE]: Incorrect key Spells.irons_spellbooks:haste was corrected from null to its default, SimpleCommentedConfig:{}. 
[30Apr2025 15:11:31.419] [Server thread/WARN] [net.minecraftforge.common.ForgeConfigSpec/CORE]: Incorrect key Spells.irons_spellbooks:haste.Enabled was corrected from null to its default, true. 
[30Apr2025 15:11:31.419] [Server thread/WARN] [net.minecraftforge.common.ForgeConfigSpec/CORE]: Incorrect key Spells.irons_spellbooks:haste.School was corrected from null to its default, irons_spellbooks:holy. 
[30Apr2025 15:11:31.419] [Server thread/WARN] [net.minecraftforge.common.ForgeConfigSpec/CORE]: Incorrect key Spells.irons_spellbooks:haste.MaxLevel was corrected from null to its default, 4. 
[30Apr2025 15:11:31.419] [Server thread/WARN] [net.minecraftforge.common.ForgeConfigSpec/CORE]: Incorrect key Spells.irons_spellbooks:haste.MinRarity was corrected from null to its default, EPIC. 
[30Apr2025 15:11:31.419] [Server thread/WARN] [net.minecraftforge.common.ForgeConfigSpec/CORE]: Incorrect key Spells.irons_spellbooks:haste.ManaCostMultiplier was corrected from null to its default, 1.0. 
[30Apr2025 15:11:31.420] [Server thread/WARN] [net.minecraftforge.common.ForgeConfigSpec/CORE]: Incorrect key Spells.irons_spellbooks:haste.SpellPowerMultiplier was corrected from null to its default, 1.0. 
[30Apr2025 15:11:31.420] [Server thread/WARN] [net.minecraftforge.common.ForgeConfigSpec/CORE]: Incorrect key Spells.irons_spellbooks:haste.CooldownInSeconds was corrected from null to its default, 80.0. 
[30Apr2025 15:11:31.420] [Server thread/WARN] [net.minecraftforge.common.ForgeConfigSpec/CORE]: Incorrect key Spells.irons_spellbooks:haste.AllowCrafting was corrected from null to its default, true. 
[30Apr2025 15:11:31.420] [Server thread/WARN] [net.minecraftforge.common.ForgeConfigSpec/CORE]: Incorrect key Spells.irons_spellbooks:cloud_of_regeneration was corrected from null to its default, SimpleCommentedConfig:{}. 
[30Apr2025 15:11:31.420] [Server thread/WARN] [net.minecraftforge.common.ForgeConfigSpec/CORE]: Incorrect key Spells.irons_spellbooks:cloud_of_regeneration.Enabled was corrected from null to its default, false. 
[30Apr2025 15:11:31.420] [Server thread/WARN] [net.minecraftforge.common.ForgeConfigSpec/CORE]: Incorrect key Spells.irons_spellbooks:cloud_of_regeneration.School was corrected from null to its default, irons_spellbooks:holy. 
[30Apr2025 15:11:31.420] [Server thread/WARN] [net.minecraftforge.common.ForgeConfigSpec/CORE]: Incorrect key Spells.irons_spellbooks:cloud_of_regeneration.MaxLevel was corrected from null to its default, 5. 
[30Apr2025 15:11:31.420] [Server thread/WARN] [net.minecraftforge.common.ForgeConfigSpec/CORE]: Incorrect key Spells.irons_spellbooks:cloud_of_regeneration.MinRarity was corrected from null to its default, COMMON. 
[30Apr2025 15:11:31.420] [Server thread/WARN] [net.minecraftforge.common.ForgeConfigSpec/CORE]: Incorrect key Spells.irons_spellbooks:cloud_of_regeneration.ManaCostMultiplier was corrected from null to its default, 1.0. 
[30Apr2025 15:11:31.420] [Server thread/WARN] [net.minecraftforge.common.ForgeConfigSpec/CORE]: Incorrect key Spells.irons_spellbooks:cloud_of_regeneration.SpellPowerMultiplier was corrected from null to its default, 1.0. 
[30Apr2025 15:11:31.421] [Server thread/WARN] [net.minecraftforge.common.ForgeConfigSpec/CORE]: Incorrect key Spells.irons_spellbooks:cloud_of_regeneration.CooldownInSeconds was corrected from null to its default, 35.0. 
[30Apr2025 15:11:31.421] [Server thread/WARN] [net.minecraftforge.common.ForgeConfigSpec/CORE]: Incorrect key Spells.irons_spellbooks:cloud_of_regeneration.AllowCrafting was corrected from null to its default, true. 
[30Apr2025 15:11:31.421] [Server thread/WARN] [net.minecraftforge.common.ForgeConfigSpec/CORE]: Incorrect key Spells.irons_spellbooks:raise_dead was corrected from null to its default, SimpleCommentedConfig:{}. 
[30Apr2025 15:11:31.421] [Server thread/WARN] [net.minecraftforge.common.ForgeConfigSpec/CORE]: Incorrect key Spells.irons_spellbooks:raise_dead.Enabled was corrected from null to its default, true. 
[30Apr2025 15:11:31.421] [Server thread/WARN] [net.minecraftforge.common.ForgeConfigSpec/CORE]: Incorrect key Spells.irons_spellbooks:raise_dead.School was corrected from null to its default, irons_spellbooks:blood. 
[30Apr2025 15:11:31.421] [Server thread/WARN] [net.minecraftforge.common.ForgeConfigSpec/CORE]: Incorrect key Spells.irons_spellbooks:raise_dead.MaxLevel was corrected from null to its default, 6. 
[30Apr2025 15:11:31.421] [Server thread/WARN] [net.minecraftforge.common.ForgeConfigSpec/CORE]: Incorrect key Spells.irons_spellbooks:raise_dead.MinRarity was corrected from null to its default, UNCOMMON. 
[30Apr2025 15:11:31.421] [Server thread/WARN] [net.minecraftforge.common.ForgeConfigSpec/CORE]: Incorrect key Spells.irons_spellbooks:raise_dead.ManaCostMultiplier was corrected from null to its default, 1.0. 
[30Apr2025 15:11:31.421] [Server thread/WARN] [net.minecraftforge.common.ForgeConfigSpec/CORE]: Incorrect key Spells.irons_spellbooks:raise_dead.SpellPowerMultiplier was corrected from null to its default, 1.0. 
[30Apr2025 15:11:31.421] [Server thread/WARN] [net.minecraftforge.common.ForgeConfigSpec/CORE]: Incorrect key Spells.irons_spellbooks:raise_dead.CooldownInSeconds was corrected from null to its default, 150.0. 
[30Apr2025 15:11:31.421] [Server thread/WARN] [net.minecraftforge.common.ForgeConfigSpec/CORE]: Incorrect key Spells.irons_spellbooks:raise_dead.AllowCrafting was corrected from null to its default, true. 
[30Apr2025 15:11:31.422] [Server thread/WARN] [net.minecraftforge.common.ForgeConfigSpec/CORE]: Incorrect key Spells.irons_spellbooks:blood_slash was corrected from null to its default, SimpleCommentedConfig:{}. 
[30Apr2025 15:11:31.422] [Server thread/WARN] [net.minecraftforge.common.ForgeConfigSpec/CORE]: Incorrect key Spells.irons_spellbooks:blood_slash.Enabled was corrected from null to its default, true. 
[30Apr2025 15:11:31.422] [Server thread/WARN] [net.minecraftforge.common.ForgeConfigSpec/CORE]: Incorrect key Spells.irons_spellbooks:blood_slash.School was corrected from null to its default, irons_spellbooks:blood. 
[30Apr2025 15:11:31.422] [Server thread/WARN] [net.minecraftforge.common.ForgeConfigSpec/CORE]: Incorrect key Spells.irons_spellbooks:blood_slash.MaxLevel was corrected from null to its default, 5. 
[30Apr2025 15:11:31.422] [Server thread/WARN] [net.minecraftforge.common.ForgeConfigSpec/CORE]: Incorrect key Spells.irons_spellbooks:blood_slash.MinRarity was corrected from null to its default, RARE. 
[30Apr2025 15:11:31.422] [Server thread/WARN] [net.minecraftforge.common.ForgeConfigSpec/CORE]: Incorrect key Spells.irons_spellbooks:blood_slash.ManaCostMultiplier was corrected from null to its default, 1.0. 
[30Apr2025 15:11:31.422] [Server thread/WARN] [net.minecraftforge.common.ForgeConfigSpec/CORE]: Incorrect key Spells.irons_spellbooks:blood_slash.SpellPowerMultiplier was corrected from null to its default, 1.0. 
[30Apr2025 15:11:31.422] [Server thread/WARN] [net.minecraftforge.common.ForgeConfigSpec/CORE]: Incorrect key Spells.irons_spellbooks:blood_slash.CooldownInSeconds was corrected from null to its default, 10.0. 
[30Apr2025 15:11:31.422] [Server thread/WARN] [net.minecraftforge.common.ForgeConfigSpec/CORE]: Incorrect key Spells.irons_spellbooks:blood_slash.AllowCrafting was corrected from null to its default, true. 
[30Apr2025 15:11:31.422] [Server thread/WARN] [net.minecraftforge.common.ForgeConfigSpec/CORE]: Incorrect key Spells.irons_spellbooks:blood_step was corrected from null to its default, SimpleCommentedConfig:{}. 
[30Apr2025 15:11:31.423] [Server thread/WARN] [net.minecraftforge.common.ForgeConfigSpec/CORE]: Incorrect key Spells.irons_spellbooks:blood_step.Enabled was corrected from null to its default, true. 
[30Apr2025 15:11:31.423] [Server thread/WARN] [net.minecraftforge.common.ForgeConfigSpec/CORE]: Incorrect key Spells.irons_spellbooks:blood_step.School was corrected from null to its default, irons_spellbooks:blood. 
[30Apr2025 15:11:31.423] [Server thread/WARN] [net.minecraftforge.common.ForgeConfigSpec/CORE]: Incorrect key Spells.irons_spellbooks:blood_step.MaxLevel was corrected from null to its default, 5. 
[30Apr2025 15:11:31.423] [Server thread/WARN] [net.minecraftforge.common.ForgeConfigSpec/CORE]: Incorrect key Spells.irons_spellbooks:blood_step.MinRarity was corrected from null to its default, UNCOMMON. 
[30Apr2025 15:11:31.423] [Server thread/WARN] [net.minecraftforge.common.ForgeConfigSpec/CORE]: Incorrect key Spells.irons_spellbooks:blood_step.ManaCostMultiplier was corrected from null to its default, 1.0. 
[30Apr2025 15:11:31.423] [Server thread/WARN] [net.minecraftforge.common.ForgeConfigSpec/CORE]: Incorrect key Spells.irons_spellbooks:blood_step.SpellPowerMultiplier was corrected from null to its default, 1.0. 
[30Apr2025 15:11:31.423] [Server thread/WARN] [net.minecraftforge.common.ForgeConfigSpec/CORE]: Incorrect key Spells.irons_spellbooks:blood_step.CooldownInSeconds was corrected from null to its default, 5.0. 
[30Apr2025 15:11:31.423] [Server thread/WARN] [net.minecraftforge.common.ForgeConfigSpec/CORE]: Incorrect key Spells.irons_spellbooks:blood_step.AllowCrafting was corrected from null to its default, true. 
[30Apr2025 15:11:31.423] [Server thread/WARN] [net.minecraftforge.common.ForgeConfigSpec/CORE]: Incorrect key Spells.alshanex_familiars:summon_shadows was corrected from null to its default, SimpleCommentedConfig:{}. 
[30Apr2025 15:11:31.423] [Server thread/WARN] [net.minecraftforge.common.ForgeConfigSpec/CORE]: Incorrect key Spells.alshanex_familiars:summon_shadows.Enabled was corrected from null to its default, true. 
[30Apr2025 15:11:31.423] [Server thread/WARN] [net.minecraftforge.common.ForgeConfigSpec/CORE]: Incorrect key Spells.alshanex_familiars:summon_shadows.School was corrected from null to its default, irons_spellbooks:blood. 
[30Apr2025 15:11:31.424] [Server thread/WARN] [net.minecraftforge.common.ForgeConfigSpec/CORE]: Incorrect key Spells.alshanex_familiars:summon_shadows.MaxLevel was corrected from null to its default, 6. 
[30Apr2025 15:11:31.424] [Server thread/WARN] [net.minecraftforge.common.ForgeConfigSpec/CORE]: Incorrect key Spells.alshanex_familiars:summon_shadows.MinRarity was corrected from null to its default, UNCOMMON. 
[30Apr2025 15:11:31.424] [Server thread/WARN] [net.minecraftforge.common.ForgeConfigSpec/CORE]: Incorrect key Spells.alshanex_familiars:summon_shadows.ManaCostMultiplier was corrected from null to its default, 1.0. 
[30Apr2025 15:11:31.424] [Server thread/WARN] [net.minecraftforge.common.ForgeConfigSpec/CORE]: Incorrect key Spells.alshanex_familiars:summon_shadows.SpellPowerMultiplier was corrected from null to its default, 1.0. 
[30Apr2025 15:11:31.424] [Server thread/WARN] [net.minecraftforge.common.ForgeConfigSpec/CORE]: Incorrect key Spells.alshanex_familiars:summon_shadows.CooldownInSeconds was corrected from null to its default, 150.0. 
[30Apr2025 15:11:31.424] [Server thread/WARN] [net.minecraftforge.common.ForgeConfigSpec/CORE]: Incorrect key Spells.alshanex_familiars:summon_shadows.AllowCrafting was corrected from null to its default, true. 
[30Apr2025 15:11:31.424] [Server thread/WARN] [net.minecraftforge.common.ForgeConfigSpec/CORE]: Incorrect key Spells.irons_spellbooks:acupuncture was corrected from null to its default, SimpleCommentedConfig:{}. 
[30Apr2025 15:11:31.424] [Server thread/WARN] [net.minecraftforge.common.ForgeConfigSpec/CORE]: Incorrect key Spells.irons_spellbooks:acupuncture.Enabled was corrected from null to its default, true. 
[30Apr2025 15:11:31.424] [Server thread/WARN] [net.minecraftforge.common.ForgeConfigSpec/CORE]: Incorrect key Spells.irons_spellbooks:acupuncture.School was corrected from null to its default, irons_spellbooks:blood. 
[30Apr2025 15:11:31.424] [Server thread/WARN] [net.minecraftforge.common.ForgeConfigSpec/CORE]: Incorrect key Spells.irons_spellbooks:acupuncture.MaxLevel was corrected from null to its default, 10. 
[30Apr2025 15:11:31.424] [Server thread/WARN] [net.minecraftforge.common.ForgeConfigSpec/CORE]: Incorrect key Spells.irons_spellbooks:acupuncture.MinRarity was corrected from null to its default, RARE. 
[30Apr2025 15:11:31.425] [Server thread/WARN] [net.minecraftforge.common.ForgeConfigSpec/CORE]: Incorrect key Spells.irons_spellbooks:acupuncture.ManaCostMultiplier was corrected from null to its default, 1.0. 
[30Apr2025 15:11:31.425] [Server thread/WARN] [net.minecraftforge.common.ForgeConfigSpec/CORE]: Incorrect key Spells.irons_spellbooks:acupuncture.SpellPowerMultiplier was corrected from null to its default, 1.0. 
[30Apr2025 15:11:31.425] [Server thread/WARN] [net.minecraftforge.common.ForgeConfigSpec/CORE]: Incorrect key Spells.irons_spellbooks:acupuncture.CooldownInSeconds was corrected from null to its default, 20.0. 
[30Apr2025 15:11:31.425] [Server thread/WARN] [net.minecraftforge.common.ForgeConfigSpec/CORE]: Incorrect key Spells.irons_spellbooks:acupuncture.AllowCrafting was corrected from null to its default, true. 
[30Apr2025 15:11:31.425] [Server thread/WARN] [net.minecraftforge.common.ForgeConfigSpec/CORE]: Incorrect key Spells.irons_spellbooks:blood_needles was corrected from null to its default, SimpleCommentedConfig:{}. 
[30Apr2025 15:11:31.425] [Server thread/WARN] [net.minecraftforge.common.ForgeConfigSpec/CORE]: Incorrect key Spells.irons_spellbooks:blood_needles.Enabled was corrected from null to its default, true. 
[30Apr2025 15:11:31.425] [Server thread/WARN] [net.minecraftforge.common.ForgeConfigSpec/CORE]: Incorrect key Spells.irons_spellbooks:blood_needles.School was corrected from null to its default, irons_spellbooks:blood. 
[30Apr2025 15:11:31.425] [Server thread/WARN] [net.minecraftforge.common.ForgeConfigSpec/CORE]: Incorrect key Spells.irons_spellbooks:blood_needles.MaxLevel was corrected from null to its default, 10. 
[30Apr2025 15:11:31.425] [Server thread/WARN] [net.minecraftforge.common.ForgeConfigSpec/CORE]: Incorrect key Spells.irons_spellbooks:blood_needles.MinRarity was corrected from null to its default, UNCOMMON. 
[30Apr2025 15:11:31.426] [Server thread/WARN] [net.minecraftforge.common.ForgeConfigSpec/CORE]: Incorrect key Spells.irons_spellbooks:blood_needles.ManaCostMultiplier was corrected from null to its default, 1.0. 
[30Apr2025 15:11:31.426] [Server thread/WARN] [net.minecraftforge.common.ForgeConfigSpec/CORE]: Incorrect key Spells.irons_spellbooks:blood_needles.SpellPowerMultiplier was corrected from null to its default, 1.0. 
[30Apr2025 15:11:31.426] [Server thread/WARN] [net.minecraftforge.common.ForgeConfigSpec/CORE]: Incorrect key Spells.irons_spellbooks:blood_needles.CooldownInSeconds was corrected from null to its default, 10.0. 
[30Apr2025 15:11:31.426] [Server thread/WARN] [net.minecraftforge.common.ForgeConfigSpec/CORE]: Incorrect key Spells.irons_spellbooks:blood_needles.AllowCrafting was corrected from null to its default, true. 
[30Apr2025 15:11:31.426] [Server thread/WARN] [net.minecraftforge.common.ForgeConfigSpec/CORE]: Incorrect key Spells.irons_spellbooks:sacrifice was corrected from null to its default, SimpleCommentedConfig:{}. 
[30Apr2025 15:11:31.426] [Server thread/WARN] [net.minecraftforge.common.ForgeConfigSpec/CORE]: Incorrect key Spells.irons_spellbooks:sacrifice.Enabled was corrected from null to its default, true. 
[30Apr2025 15:11:31.426] [Server thread/WARN] [net.minecraftforge.common.ForgeConfigSpec/CORE]: Incorrect key Spells.irons_spellbooks:sacrifice.School was corrected from null to its default, irons_spellbooks:blood. 
[30Apr2025 15:11:31.426] [Server thread/WARN] [net.minecraftforge.common.ForgeConfigSpec/CORE]: Incorrect key Spells.irons_spellbooks:sacrifice.MaxLevel was corrected from null to its default, 5. 
[30Apr2025 15:11:31.426] [Server thread/WARN] [net.minecraftforge.common.ForgeConfigSpec/CORE]: Incorrect key Spells.irons_spellbooks:sacrifice.MinRarity was corrected from null to its default, RARE. 
[30Apr2025 15:11:31.427] [Server thread/WARN] [net.minecraftforge.common.ForgeConfigSpec/CORE]: Incorrect key Spells.irons_spellbooks:sacrifice.ManaCostMultiplier was corrected from null to its default, 1.0. 
[30Apr2025 15:11:31.427] [Server thread/WARN] [net.minecraftforge.common.ForgeConfigSpec/CORE]: Incorrect key Spells.irons_spellbooks:sacrifice.SpellPowerMultiplier was corrected from null to its default, 1.0. 
[30Apr2025 15:11:31.427] [Server thread/WARN] [net.minecraftforge.common.ForgeConfigSpec/CORE]: Incorrect key Spells.irons_spellbooks:sacrifice.CooldownInSeconds was corrected from null to its default, 1.0. 
[30Apr2025 15:11:31.427] [Server thread/WARN] [net.minecraftforge.common.ForgeConfigSpec/CORE]: Incorrect key Spells.irons_spellbooks:sacrifice.AllowCrafting was corrected from null to its default, true. 
[30Apr2025 15:11:31.427] [Server thread/WARN] [net.minecraftforge.common.ForgeConfigSpec/CORE]: Incorrect key Spells.irons_spellbooks:devour was corrected from null to its default, SimpleCommentedConfig:{}. 
[30Apr2025 15:11:31.427] [Server thread/WARN] [net.minecraftforge.common.ForgeConfigSpec/CORE]: Incorrect key Spells.irons_spellbooks:devour.Enabled was corrected from null to its default, true. 
[30Apr2025 15:11:31.427] [Server thread/WARN] [net.minecraftforge.common.ForgeConfigSpec/CORE]: Incorrect key Spells.irons_spellbooks:devour.School was corrected from null to its default, irons_spellbooks:blood. 
[30Apr2025 15:11:31.427] [Server thread/WARN] [net.minecraftforge.common.ForgeConfigSpec/CORE]: Incorrect key Spells.irons_spellbooks:devour.MaxLevel was corrected from null to its default, 10. 
[30Apr2025 15:11:31.428] [Server thread/WARN] [net.minecraftforge.common.ForgeConfigSpec/CORE]: Incorrect key Spells.irons_spellbooks:devour.MinRarity was corrected from null to its default, UNCOMMON. 
[30Apr2025 15:11:31.428] [Server thread/WARN] [net.minecraftforge.common.ForgeConfigSpec/CORE]: Incorrect key Spells.irons_spellbooks:devour.ManaCostMultiplier was corrected from null to its default, 1.0. 
[30Apr2025 15:11:31.428] [Server thread/WARN] [net.minecraftforge.common.ForgeConfigSpec/CORE]: Incorrect key Spells.irons_spellbooks:devour.SpellPowerMultiplier was corrected from null to its default, 1.0. 
[30Apr2025 15:11:31.428] [Server thread/WARN] [net.minecraftforge.common.ForgeConfigSpec/CORE]: Incorrect key Spells.irons_spellbooks:devour.CooldownInSeconds was corrected from null to its default, 20.0. 
[30Apr2025 15:11:31.428] [Server thread/WARN] [net.minecraftforge.common.ForgeConfigSpec/CORE]: Incorrect key Spells.irons_spellbooks:devour.AllowCrafting was corrected from null to its default, true. 
[30Apr2025 15:11:31.428] [Server thread/WARN] [net.minecraftforge.common.ForgeConfigSpec/CORE]: Incorrect key Spells.irons_spellbooks:ray_of_siphoning was corrected from null to its default, SimpleCommentedConfig:{}. 
[30Apr2025 15:11:31.428] [Server thread/WARN] [net.minecraftforge.common.ForgeConfigSpec/CORE]: Incorrect key Spells.irons_spellbooks:ray_of_siphoning.Enabled was corrected from null to its default, true. 
[30Apr2025 15:11:31.428] [Server thread/WARN] [net.minecraftforge.common.ForgeConfigSpec/CORE]: Incorrect key Spells.irons_spellbooks:ray_of_siphoning.School was corrected from null to its default, irons_spellbooks:blood. 
[30Apr2025 15:11:31.429] [Server thread/WARN] [net.minecraftforge.common.ForgeConfigSpec/CORE]: Incorrect key Spells.irons_spellbooks:ray_of_siphoning.MaxLevel was corrected from null to its default, 10. 
[30Apr2025 15:11:31.429] [Server thread/WARN] [net.minecraftforge.common.ForgeConfigSpec/CORE]: Incorrect key Spells.irons_spellbooks:ray_of_siphoning.MinRarity was corrected from null to its default, COMMON. 
[30Apr2025 15:11:31.429] [Server thread/WARN] [net.minecraftforge.common.ForgeConfigSpec/CORE]: Incorrect key Spells.irons_spellbooks:ray_of_siphoning.ManaCostMultiplier was corrected from null to its default, 1.0. 
[30Apr2025 15:11:31.429] [Server thread/WARN] [net.minecraftforge.common.ForgeConfigSpec/CORE]: Incorrect key Spells.irons_spellbooks:ray_of_siphoning.SpellPowerMultiplier was corrected from null to its default, 1.0. 
[30Apr2025 15:11:31.429] [Server thread/WARN] [net.minecraftforge.common.ForgeConfigSpec/CORE]: Incorrect key Spells.irons_spellbooks:ray_of_siphoning.CooldownInSeconds was corrected from null to its default, 15.0. 
[30Apr2025 15:11:31.429] [Server thread/WARN] [net.minecraftforge.common.ForgeConfigSpec/CORE]: Incorrect key Spells.irons_spellbooks:ray_of_siphoning.AllowCrafting was corrected from null to its default, true. 
[30Apr2025 15:11:31.429] [Server thread/WARN] [net.minecraftforge.common.ForgeConfigSpec/CORE]: Incorrect key Spells.irons_spellbooks:heartstop was corrected from null to its default, SimpleCommentedConfig:{}. 
[30Apr2025 15:11:31.429] [Server thread/WARN] [net.minecraftforge.common.ForgeConfigSpec/CORE]: Incorrect key Spells.irons_spellbooks:heartstop.Enabled was corrected from null to its default, true. 
[30Apr2025 15:11:31.429] [Server thread/WARN] [net.minecraftforge.common.ForgeConfigSpec/CORE]: Incorrect key Spells.irons_spellbooks:heartstop.School was corrected from null to its default, irons_spellbooks:blood. 
[30Apr2025 15:11:31.429] [Server thread/WARN] [net.minecraftforge.common.ForgeConfigSpec/CORE]: Incorrect key Spells.irons_spellbooks:heartstop.MaxLevel was corrected from null to its default, 10. 
[30Apr2025 15:11:31.430] [Server thread/WARN] [net.minecraftforge.common.ForgeConfigSpec/CORE]: Incorrect key Spells.irons_spellbooks:heartstop.MinRarity was corrected from null to its default, COMMON. 
[30Apr2025 15:11:31.430] [Server thread/WARN] [net.minecraftforge.common.ForgeConfigSpec/CORE]: Incorrect key Spells.irons_spellbooks:heartstop.ManaCostMultiplier was corrected from null to its default, 1.0. 
[30Apr2025 15:11:31.430] [Server thread/WARN] [net.minecraftforge.common.ForgeConfigSpec/CORE]: Incorrect key Spells.irons_spellbooks:heartstop.SpellPowerMultiplier was corrected from null to its default, 1.0. 
[30Apr2025 15:11:31.430] [Server thread/WARN] [net.minecraftforge.common.ForgeConfigSpec/CORE]: Incorrect key Spells.irons_spellbooks:heartstop.CooldownInSeconds was corrected from null to its default, 120.0. 
[30Apr2025 15:11:31.430] [Server thread/WARN] [net.minecraftforge.common.ForgeConfigSpec/CORE]: Incorrect key Spells.irons_spellbooks:heartstop.AllowCrafting was corrected from null to its default, true. 
[30Apr2025 15:11:31.430] [Server thread/WARN] [net.minecraftforge.common.ForgeConfigSpec/CORE]: Incorrect key Spells.irons_spellbooks:wither_skull was corrected from null to its default, SimpleCommentedConfig:{}. 
[30Apr2025 15:11:31.430] [Server thread/WARN] [net.minecraftforge.common.ForgeConfigSpec/CORE]: Incorrect key Spells.irons_spellbooks:wither_skull.Enabled was corrected from null to its default, true. 
[30Apr2025 15:11:31.430] [Server thread/WARN] [net.minecraftforge.common.ForgeConfigSpec/CORE]: Incorrect key Spells.irons_spellbooks:wither_skull.School was corrected from null to its default, irons_spellbooks:blood. 
[30Apr2025 15:11:31.431] [Server thread/WARN] [net.minecraftforge.common.ForgeConfigSpec/CORE]: Incorrect key Spells.irons_spellbooks:wither_skull.MaxLevel was corrected from null to its default, 10. 
[30Apr2025 15:11:31.431] [Server thread/WARN] [net.minecraftforge.common.ForgeConfigSpec/CORE]: Incorrect key Spells.irons_spellbooks:wither_skull.MinRarity was corrected from null to its default, UNCOMMON. 
[30Apr2025 15:11:31.431] [Server thread/WARN] [net.minecraftforge.common.ForgeConfigSpec/CORE]: Incorrect key Spells.irons_spellbooks:wither_skull.ManaCostMultiplier was corrected from null to its default, 1.0. 
[30Apr2025 15:11:31.431] [Server thread/WARN] [net.minecraftforge.common.ForgeConfigSpec/CORE]: Incorrect key Spells.irons_spellbooks:wither_skull.SpellPowerMultiplier was corrected from null to its default, 1.0. 
[30Apr2025 15:11:31.431] [Server thread/WARN] [net.minecraftforge.common.ForgeConfigSpec/CORE]: Incorrect key Spells.irons_spellbooks:wither_skull.CooldownInSeconds was corrected from null to its default, 1.0. 
[30Apr2025 15:11:31.431] [Server thread/WARN] [net.minecraftforge.common.ForgeConfigSpec/CORE]: Incorrect key Spells.irons_spellbooks:wither_skull.AllowCrafting was corrected from null to its default, true. 
[30Apr2025 15:11:31.431] [Server thread/WARN] [net.minecraftforge.common.ForgeConfigSpec/CORE]: Incorrect key Spells.irons_spellbooks:ascension was corrected from null to its default, SimpleCommentedConfig:{}. 
[30Apr2025 15:11:31.431] [Server thread/WARN] [net.minecraftforge.common.ForgeConfigSpec/CORE]: Incorrect key Spells.irons_spellbooks:ascension.Enabled was corrected from null to its default, true. 
[30Apr2025 15:11:31.432] [Server thread/WARN] [net.minecraftforge.common.ForgeConfigSpec/CORE]: Incorrect key Spells.irons_spellbooks:ascension.School was corrected from null to its default, irons_spellbooks:lightning. 
[30Apr2025 15:11:31.432] [Server thread/WARN] [net.minecraftforge.common.ForgeConfigSpec/CORE]: Incorrect key Spells.irons_spellbooks:ascension.MaxLevel was corrected from null to its default, 10. 
[30Apr2025 15:11:31.432] [Server thread/WARN] [net.minecraftforge.common.ForgeConfigSpec/CORE]: Incorrect key Spells.irons_spellbooks:ascension.MinRarity was corrected from null to its default, RARE. 
[30Apr2025 15:11:31.432] [Server thread/WARN] [net.minecraftforge.common.ForgeConfigSpec/CORE]: Incorrect key Spells.irons_spellbooks:ascension.ManaCostMultiplier was corrected from null to its default, 1.0. 
[30Apr2025 15:11:31.432] [Server thread/WARN] [net.minecraftforge.common.ForgeConfigSpec/CORE]: Incorrect key Spells.irons_spellbooks:ascension.SpellPowerMultiplier was corrected from null to its default, 1.0. 
[30Apr2025 15:11:31.432] [Server thread/WARN] [net.minecraftforge.common.ForgeConfigSpec/CORE]: Incorrect key Spells.irons_spellbooks:ascension.CooldownInSeconds was corrected from null to its default, 15.0. 
[30Apr2025 15:11:31.432] [Server thread/WARN] [net.minecraftforge.common.ForgeConfigSpec/CORE]: Incorrect key Spells.irons_spellbooks:ascension.AllowCrafting was corrected from null to its default, true. 
[30Apr2025 15:11:31.432] [Server thread/WARN] [net.minecraftforge.common.ForgeConfigSpec/CORE]: Incorrect key Spells.irons_spellbooks:shockwave was corrected from null to its default, SimpleCommentedConfig:{}. 
[30Apr2025 15:11:31.432] [Server thread/WARN] [net.minecraftforge.common.ForgeConfigSpec/CORE]: Incorrect key Spells.irons_spellbooks:shockwave.Enabled was corrected from null to its default, true. 
[30Apr2025 15:11:31.432] [Server thread/WARN] [net.minecraftforge.common.ForgeConfigSpec/CORE]: Incorrect key Spells.irons_spellbooks:shockwave.School was corrected from null to its default, irons_spellbooks:lightning. 
[30Apr2025 15:11:31.433] [Server thread/WARN] [net.minecraftforge.common.ForgeConfigSpec/CORE]: Incorrect key Spells.irons_spellbooks:shockwave.MaxLevel was corrected from null to its default, 8. 
[30Apr2025 15:11:31.433] [Server thread/WARN] [net.minecraftforge.common.ForgeConfigSpec/CORE]: Incorrect key Spells.irons_spellbooks:shockwave.MinRarity was corrected from null to its default, COMMON. 
[30Apr2025 15:11:31.433] [Server thread/WARN] [net.minecraftforge.common.ForgeConfigSpec/CORE]: Incorrect key Spells.irons_spellbooks:shockwave.ManaCostMultiplier was corrected from null to its default, 1.0. 
[30Apr2025 15:11:31.433] [Server thread/WARN] [net.minecraftforge.common.ForgeConfigSpec/CORE]: Incorrect key Spells.irons_spellbooks:shockwave.SpellPowerMultiplier was corrected from null to its default, 1.0. 
[30Apr2025 15:11:31.433] [Server thread/WARN] [net.minecraftforge.common.ForgeConfigSpec/CORE]: Incorrect key Spells.irons_spellbooks:shockwave.CooldownInSeconds was corrected from null to its default, 30.0. 
[30Apr2025 15:11:31.433] [Server thread/WARN] [net.minecraftforge.common.ForgeConfigSpec/CORE]: Incorrect key Spells.irons_spellbooks:shockwave.AllowCrafting was corrected from null to its default, true. 
[30Apr2025 15:11:31.433] [Server thread/WARN] [net.minecraftforge.common.ForgeConfigSpec/CORE]: Incorrect key Spells.irons_spellbooks:electrocute was corrected from null to its default, SimpleCommentedConfig:{}. 
[30Apr2025 15:11:31.434] [Server thread/WARN] [net.minecraftforge.common.ForgeConfigSpec/CORE]: Incorrect key Spells.irons_spellbooks:electrocute.Enabled was corrected from null to its default, true. 
[30Apr2025 15:11:31.434] [Server thread/WARN] [net.minecraftforge.common.ForgeConfigSpec/CORE]: Incorrect key Spells.irons_spellbooks:electrocute.School was corrected from null to its default, irons_spellbooks:lightning. 
[30Apr2025 15:11:31.434] [Server thread/WARN] [net.minecraftforge.common.ForgeConfigSpec/CORE]: Incorrect key Spells.irons_spellbooks:electrocute.MaxLevel was corrected from null to its default, 10. 
[30Apr2025 15:11:31.434] [Server thread/WARN] [net.minecraftforge.common.ForgeConfigSpec/CORE]: Incorrect key Spells.irons_spellbooks:electrocute.MinRarity was corrected from null to its default, COMMON. 
[30Apr2025 15:11:31.434] [Server thread/WARN] [net.minecraftforge.common.ForgeConfigSpec/CORE]: Incorrect key Spells.irons_spellbooks:electrocute.ManaCostMultiplier was corrected from null to its default, 1.0. 
[30Apr2025 15:11:31.434] [Server thread/WARN] [net.minecraftforge.common.ForgeConfigSpec/CORE]: Incorrect key Spells.irons_spellbooks:electrocute.SpellPowerMultiplier was corrected from null to its default, 1.0. 
[30Apr2025 15:11:31.434] [Server thread/WARN] [net.minecraftforge.common.ForgeConfigSpec/CORE]: Incorrect key Spells.irons_spellbooks:electrocute.CooldownInSeconds was corrected from null to its default, 12.0. 
[30Apr2025 15:11:31.435] [Server thread/WARN] [net.minecraftforge.common.ForgeConfigSpec/CORE]: Incorrect key Spells.irons_spellbooks:electrocute.AllowCrafting was corrected from null to its default, true. 
[30Apr2025 15:11:31.435] [Server thread/WARN] [net.minecraftforge.common.ForgeConfigSpec/CORE]: Incorrect key Spells.irons_spellbooks:lightning_bolt was corrected from null to its default, SimpleCommentedConfig:{}. 
[30Apr2025 15:11:31.435] [Server thread/WARN] [net.minecraftforge.common.ForgeConfigSpec/CORE]: Incorrect key Spells.irons_spellbooks:lightning_bolt.Enabled was corrected from null to its default, true. 
[30Apr2025 15:11:31.435] [Server thread/WARN] [net.minecraftforge.common.ForgeConfigSpec/CORE]: Incorrect key Spells.irons_spellbooks:lightning_bolt.School was corrected from null to its default, irons_spellbooks:lightning. 
[30Apr2025 15:11:31.435] [Server thread/WARN] [net.minecraftforge.common.ForgeConfigSpec/CORE]: Incorrect key Spells.irons_spellbooks:lightning_bolt.MaxLevel was corrected from null to its default, 10. 
[30Apr2025 15:11:31.435] [Server thread/WARN] [net.minecraftforge.common.ForgeConfigSpec/CORE]: Incorrect key Spells.irons_spellbooks:lightning_bolt.MinRarity was corrected from null to its default, EPIC. 
[30Apr2025 15:11:31.435] [Server thread/WARN] [net.minecraftforge.common.ForgeConfigSpec/CORE]: Incorrect key Spells.irons_spellbooks:lightning_bolt.ManaCostMultiplier was corrected from null to its default, 1.0. 
[30Apr2025 15:11:31.435] [Server thread/WARN] [net.minecraftforge.common.ForgeConfigSpec/CORE]: Incorrect key Spells.irons_spellbooks:lightning_bolt.SpellPowerMultiplier was corrected from null to its default, 1.0. 
[30Apr2025 15:11:31.435] [Server thread/WARN] [net.minecraftforge.common.ForgeConfigSpec/CORE]: Incorrect key Spells.irons_spellbooks:lightning_bolt.CooldownInSeconds was corrected from null to its default, 25.0. 
[30Apr2025 15:11:31.435] [Server thread/WARN] [net.minecraftforge.common.ForgeConfigSpec/CORE]: Incorrect key Spells.irons_spellbooks:lightning_bolt.AllowCrafting was corrected from null to its default, true. 
[30Apr2025 15:11:31.436] [Server thread/WARN] [net.minecraftforge.common.ForgeConfigSpec/CORE]: Incorrect key Spells.irons_spellbooks:ball_lightning was corrected from null to its default, SimpleCommentedConfig:{}. 
[30Apr2025 15:11:31.436] [Server thread/WARN] [net.minecraftforge.common.ForgeConfigSpec/CORE]: Incorrect key Spells.irons_spellbooks:ball_lightning.Enabled was corrected from null to its default, true. 
[30Apr2025 15:11:31.436] [Server thread/WARN] [net.minecraftforge.common.ForgeConfigSpec/CORE]: Incorrect key Spells.irons_spellbooks:ball_lightning.School was corrected from null to its default, irons_spellbooks:lightning. 
[30Apr2025 15:11:31.436] [Server thread/WARN] [net.minecraftforge.common.ForgeConfigSpec/CORE]: Incorrect key Spells.irons_spellbooks:ball_lightning.MaxLevel was corrected from null to its default, 10. 
[30Apr2025 15:11:31.436] [Server thread/WARN] [net.minecraftforge.common.ForgeConfigSpec/CORE]: Incorrect key Spells.irons_spellbooks:ball_lightning.MinRarity was corrected from null to its default, COMMON. 
[30Apr2025 15:11:31.436] [Server thread/WARN] [net.minecraftforge.common.ForgeConfigSpec/CORE]: Incorrect key Spells.irons_spellbooks:ball_lightning.ManaCostMultiplier was corrected from null to its default, 1.0. 
[30Apr2025 15:11:31.436] [Server thread/WARN] [net.minecraftforge.common.ForgeConfigSpec/CORE]: Incorrect key Spells.irons_spellbooks:ball_lightning.SpellPowerMultiplier was corrected from null to its default, 1.0. 
[30Apr2025 15:11:31.436] [Server thread/WARN] [net.minecraftforge.common.ForgeConfigSpec/CORE]: Incorrect key Spells.irons_spellbooks:ball_lightning.CooldownInSeconds was corrected from null to its default, 1.0. 
[30Apr2025 15:11:31.436] [Server thread/WARN] [net.minecraftforge.common.ForgeConfigSpec/CORE]: Incorrect key Spells.irons_spellbooks:ball_lightning.AllowCrafting was corrected from null to its default, true. 
[30Apr2025 15:11:31.436] [Server thread/WARN] [net.minecraftforge.common.ForgeConfigSpec/CORE]: Incorrect key Spells.irons_spellbooks:chain_lightning was corrected from null to its default, SimpleCommentedConfig:{}. 
[30Apr2025 15:11:31.436] [Server thread/WARN] [net.minecraftforge.common.ForgeConfigSpec/CORE]: Incorrect key Spells.irons_spellbooks:chain_lightning.Enabled was corrected from null to its default, true. 
[30Apr2025 15:11:31.437] [Server thread/WARN] [net.minecraftforge.common.ForgeConfigSpec/CORE]: Incorrect key Spells.irons_spellbooks:chain_lightning.School was corrected from null to its default, irons_spellbooks:lightning. 
[30Apr2025 15:11:31.437] [Server thread/WARN] [net.minecraftforge.common.ForgeConfigSpec/CORE]: Incorrect key Spells.irons_spellbooks:chain_lightning.MaxLevel was corrected from null to its default, 10. 
[30Apr2025 15:11:31.437] [Server thread/WARN] [net.minecraftforge.common.ForgeConfigSpec/CORE]: Incorrect key Spells.irons_spellbooks:chain_lightning.MinRarity was corrected from null to its default, UNCOMMON. 
[30Apr2025 15:11:31.437] [Server thread/WARN] [net.minecraftforge.common.ForgeConfigSpec/CORE]: Incorrect key Spells.irons_spellbooks:chain_lightning.ManaCostMultiplier was corrected from null to its default, 1.0. 
[30Apr2025 15:11:31.437] [Server thread/WARN] [net.minecraftforge.common.ForgeConfigSpec/CORE]: Incorrect key Spells.irons_spellbooks:chain_lightning.SpellPowerMultiplier was corrected from null to its default, 1.0. 
[30Apr2025 15:11:31.437] [Server thread/WARN] [net.minecraftforge.common.ForgeConfigSpec/CORE]: Incorrect key Spells.irons_spellbooks:chain_lightning.CooldownInSeconds was corrected from null to its default, 20.0. 
[30Apr2025 15:11:31.437] [Server thread/WARN] [net.minecraftforge.common.ForgeConfigSpec/CORE]: Incorrect key Spells.irons_spellbooks:chain_lightning.AllowCrafting was corrected from null to its default, true. 
[30Apr2025 15:11:31.437] [Server thread/WARN] [net.minecraftforge.common.ForgeConfigSpec/CORE]: Incorrect key Spells.irons_spellbooks:thunder_step was corrected from null to its default, SimpleCommentedConfig:{}. 
[30Apr2025 15:11:31.437] [Server thread/WARN] [net.minecraftforge.common.ForgeConfigSpec/CORE]: Incorrect key Spells.irons_spellbooks:thunder_step.Enabled was corrected from null to its default, true. 
[30Apr2025 15:11:31.437] [Server thread/WARN] [net.minecraftforge.common.ForgeConfigSpec/CORE]: Incorrect key Spells.irons_spellbooks:thunder_step.School was corrected from null to its default, irons_spellbooks:lightning. 
[30Apr2025 15:11:31.437] [Server thread/WARN] [net.minecraftforge.common.ForgeConfigSpec/CORE]: Incorrect key Spells.irons_spellbooks:thunder_step.MaxLevel was corrected from null to its default, 5. 
[30Apr2025 15:11:31.438] [Server thread/WARN] [net.minecraftforge.common.ForgeConfigSpec/CORE]: Incorrect key Spells.irons_spellbooks:thunder_step.MinRarity was corrected from null to its default, UNCOMMON. 
[30Apr2025 15:11:31.438] [Server thread/WARN] [net.minecraftforge.common.ForgeConfigSpec/CORE]: Incorrect key Spells.irons_spellbooks:thunder_step.ManaCostMultiplier was corrected from null to its default, 1.0. 
[30Apr2025 15:11:31.438] [Server thread/WARN] [net.minecraftforge.common.ForgeConfigSpec/CORE]: Incorrect key Spells.irons_spellbooks:thunder_step.SpellPowerMultiplier was corrected from null to its default, 1.0. 
[30Apr2025 15:11:31.438] [Server thread/WARN] [net.minecraftforge.common.ForgeConfigSpec/CORE]: Incorrect key Spells.irons_spellbooks:thunder_step.CooldownInSeconds was corrected from null to its default, 8.0. 
[30Apr2025 15:11:31.438] [Server thread/WARN] [net.minecraftforge.common.ForgeConfigSpec/CORE]: Incorrect key Spells.irons_spellbooks:thunder_step.AllowCrafting was corrected from null to its default, true. 
[30Apr2025 15:11:31.438] [Server thread/WARN] [net.minecraftforge.common.ForgeConfigSpec/CORE]: Incorrect key Spells.irons_spellbooks:thunderstorm was corrected from null to its default, SimpleCommentedConfig:{}. 
[30Apr2025 15:11:31.438] [Server thread/WARN] [net.minecraftforge.common.ForgeConfigSpec/CORE]: Incorrect key Spells.irons_spellbooks:thunderstorm.Enabled was corrected from null to its default, true. 
[30Apr2025 15:11:31.438] [Server thread/WARN] [net.minecraftforge.common.ForgeConfigSpec/CORE]: Incorrect key Spells.irons_spellbooks:thunderstorm.School was corrected from null to its default, irons_spellbooks:lightning. 
[30Apr2025 15:11:31.438] [Server thread/WARN] [net.minecraftforge.common.ForgeConfigSpec/CORE]: Incorrect key Spells.irons_spellbooks:thunderstorm.MaxLevel was corrected from null to its default, 8. 
[30Apr2025 15:11:31.438] [Server thread/WARN] [net.minecraftforge.common.ForgeConfigSpec/CORE]: Incorrect key Spells.irons_spellbooks:thunderstorm.MinRarity was corrected from null to its default, RARE. 
[30Apr2025 15:11:31.439] [Server thread/WARN] [net.minecraftforge.common.ForgeConfigSpec/CORE]: Incorrect key Spells.irons_spellbooks:thunderstorm.ManaCostMultiplier was corrected from null to its default, 1.0. 
[30Apr2025 15:11:31.439] [Server thread/WARN] [net.minecraftforge.common.ForgeConfigSpec/CORE]: Incorrect key Spells.irons_spellbooks:thunderstorm.SpellPowerMultiplier was corrected from null to its default, 1.0. 
[30Apr2025 15:11:31.439] [Server thread/WARN] [net.minecraftforge.common.ForgeConfigSpec/CORE]: Incorrect key Spells.irons_spellbooks:thunderstorm.CooldownInSeconds was corrected from null to its default, 120.0. 
[30Apr2025 15:11:31.439] [Server thread/WARN] [net.minecraftforge.common.ForgeConfigSpec/CORE]: Incorrect key Spells.irons_spellbooks:thunderstorm.AllowCrafting was corrected from null to its default, true. 
[30Apr2025 15:11:31.439] [Server thread/WARN] [net.minecraftforge.common.ForgeConfigSpec/CORE]: Incorrect key Spells.irons_spellbooks:lightning_lance was corrected from null to its default, SimpleCommentedConfig:{}. 
[30Apr2025 15:11:31.439] [Server thread/WARN] [net.minecraftforge.common.ForgeConfigSpec/CORE]: Incorrect key Spells.irons_spellbooks:lightning_lance.Enabled was corrected from null to its default, true. 
[30Apr2025 15:11:31.439] [Server thread/WARN] [net.minecraftforge.common.ForgeConfigSpec/CORE]: Incorrect key Spells.irons_spellbooks:lightning_lance.School was corrected from null to its default, irons_spellbooks:lightning. 
[30Apr2025 15:11:31.439] [Server thread/WARN] [net.minecraftforge.common.ForgeConfigSpec/CORE]: Incorrect key Spells.irons_spellbooks:lightning_lance.MaxLevel was corrected from null to its default, 10. 
[30Apr2025 15:11:31.439] [Server thread/WARN] [net.minecraftforge.common.ForgeConfigSpec/CORE]: Incorrect key Spells.irons_spellbooks:lightning_lance.MinRarity was corrected from null to its default, UNCOMMON. 
[30Apr2025 15:11:31.439] [Server thread/WARN] [net.minecraftforge.common.ForgeConfigSpec/CORE]: Incorrect key Spells.irons_spellbooks:lightning_lance.ManaCostMultiplier was corrected from null to its default, 1.0. 
[30Apr2025 15:11:31.440] [Server thread/WARN] [net.minecraftforge.common.ForgeConfigSpec/CORE]: Incorrect key Spells.irons_spellbooks:lightning_lance.SpellPowerMultiplier was corrected from null to its default, 1.0. 
[30Apr2025 15:11:31.440] [Server thread/WARN] [net.minecraftforge.common.ForgeConfigSpec/CORE]: Incorrect key Spells.irons_spellbooks:lightning_lance.CooldownInSeconds was corrected from null to its default, 8.0. 
[30Apr2025 15:11:31.440] [Server thread/WARN] [net.minecraftforge.common.ForgeConfigSpec/CORE]: Incorrect key Spells.irons_spellbooks:lightning_lance.AllowCrafting was corrected from null to its default, true. 
[30Apr2025 15:11:31.441] [Server thread/WARN] [net.minecraftforge.common.ForgeConfigSpec/CORE]: Incorrect key Spells.irons_spellbooks:charge was corrected from null to its default, SimpleCommentedConfig:{}. 
[30Apr2025 15:11:31.441] [Server thread/WARN] [net.minecraftforge.common.ForgeConfigSpec/CORE]: Incorrect key Spells.irons_spellbooks:charge.Enabled was corrected from null to its default, true. 
[30Apr2025 15:11:31.441] [Server thread/WARN] [net.minecraftforge.common.ForgeConfigSpec/CORE]: Incorrect key Spells.irons_spellbooks:charge.School was corrected from null to its default, irons_spellbooks:lightning. 
[30Apr2025 15:11:31.441] [Server thread/WARN] [net.minecraftforge.common.ForgeConfigSpec/CORE]: Incorrect key Spells.irons_spellbooks:charge.MaxLevel was corrected from null to its default, 3. 
[30Apr2025 15:11:31.441] [Server thread/WARN] [net.minecraftforge.common.ForgeConfigSpec/CORE]: Incorrect key Spells.irons_spellbooks:charge.MinRarity was corrected from null to its default, RARE. 
[30Apr2025 15:11:31.441] [Server thread/WARN] [net.minecraftforge.common.ForgeConfigSpec/CORE]: Incorrect key Spells.irons_spellbooks:charge.ManaCostMultiplier was corrected from null to its default, 1.0. 
[30Apr2025 15:11:31.441] [Server thread/WARN] [net.minecraftforge.common.ForgeConfigSpec/CORE]: Incorrect key Spells.irons_spellbooks:charge.SpellPowerMultiplier was corrected from null to its default, 1.0. 
[30Apr2025 15:11:31.442] [Server thread/WARN] [net.minecraftforge.common.ForgeConfigSpec/CORE]: Incorrect key Spells.irons_spellbooks:charge.CooldownInSeconds was corrected from null to its default, 40.0. 
[30Apr2025 15:11:31.442] [Server thread/WARN] [net.minecraftforge.common.ForgeConfigSpec/CORE]: Incorrect key Spells.irons_spellbooks:charge.AllowCrafting was corrected from null to its default, true. 
[30Apr2025 15:11:31.464] [Server thread/WARN] [net.minecraftforge.common.ForgeConfigSpec/CORE]: Configuration file ./world/serverconfig/vampirism-server.toml is not correct. Correcting
[30Apr2025 15:11:31.464] [Server thread/WARN] [net.minecraftforge.common.ForgeConfigSpec/CORE]: Incorrect key server was corrected from null to its default, SimpleCommentedConfig:{}. 
[30Apr2025 15:11:31.464] [Server thread/WARN] [net.minecraftforge.common.ForgeConfigSpec/CORE]: Incorrect key server.enforceForestFog was corrected from null to its default, true. 
[30Apr2025 15:11:31.464] [Server thread/WARN] [net.minecraftforge.common.ForgeConfigSpec/CORE]: Incorrect key server.pvpOnlyBetweenFactions was corrected from null to its default, false. 
[30Apr2025 15:11:31.464] [Server thread/WARN] [net.minecraftforge.common.ForgeConfigSpec/CORE]: Incorrect key server.pvpOnlyBetweenFactionsIncludeHumans was corrected from null to its default, false. 
[30Apr2025 15:11:31.465] [Server thread/WARN] [net.minecraftforge.common.ForgeConfigSpec/CORE]: Incorrect key server.sunscreenBeaconDistance was corrected from null to its default, 32. 
[30Apr2025 15:11:31.465] [Server thread/WARN] [net.minecraftforge.common.ForgeConfigSpec/CORE]: Incorrect key server.sunscreenBeaconMineable was corrected from null to its default, false. 
[30Apr2025 15:11:31.465] [Server thread/WARN] [net.minecraftforge.common.ForgeConfigSpec/CORE]: Incorrect key server.autoCalculateEntityBlood was corrected from null to its default, true. 
[30Apr2025 15:11:31.465] [Server thread/WARN] [net.minecraftforge.common.ForgeConfigSpec/CORE]: Incorrect key server.playersCanTurnPlayers was corrected from null to its default, true. 
[30Apr2025 15:11:31.465] [Server thread/WARN] [net.minecraftforge.common.ForgeConfigSpec/CORE]: Incorrect key server.factionColorInChat was corrected from null to its default, true. 
[30Apr2025 15:11:31.465] [Server thread/WARN] [net.minecraftforge.common.ForgeConfigSpec/CORE]: Incorrect key server.lordPrefixInChat was corrected from null to its default, true. 
[30Apr2025 15:11:31.465] [Server thread/WARN] [net.minecraftforge.common.ForgeConfigSpec/CORE]: Incorrect key server.entitiesIMob was corrected from null to its default, SMART. 
[30Apr2025 15:11:31.465] [Server thread/WARN] [net.minecraftforge.common.ForgeConfigSpec/CORE]: Incorrect key server.infectCreaturesSanguinare was corrected from null to its default, false. 
[30Apr2025 15:11:31.466] [Server thread/WARN] [net.minecraftforge.common.ForgeConfigSpec/CORE]: Incorrect key server.preventDebugBoundingBoxes was corrected from null to its default, false. 
[30Apr2025 15:11:31.466] [Server thread/WARN] [net.minecraftforge.common.ForgeConfigSpec/CORE]: Incorrect key server.batDimensionBlacklist was corrected from null to its default, [minecraft:the_end]. 
[30Apr2025 15:11:31.466] [Server thread/WARN] [net.minecraftforge.common.ForgeConfigSpec/CORE]: Incorrect key server.allowVillageDestroyBlocks was corrected from null to its default, false. 
[30Apr2025 15:11:31.466] [Server thread/WARN] [net.minecraftforge.common.ForgeConfigSpec/CORE]: Incorrect key server.usePermissions was corrected from null to its default, false. 
[30Apr2025 15:11:31.466] [Server thread/WARN] [net.minecraftforge.common.ForgeConfigSpec/CORE]: Incorrect key server.sundamage was corrected from null to its default, SimpleCommentedConfig:{}. 
[30Apr2025 15:11:31.466] [Server thread/WARN] [net.minecraftforge.common.ForgeConfigSpec/CORE]: Incorrect key server.sundamage.sundamageUnknownDimension was corrected from null to its default, false. 
[30Apr2025 15:11:31.466] [Server thread/WARN] [net.minecraftforge.common.ForgeConfigSpec/CORE]: Incorrect key server.sundamage.sundamageDimensionsOverridePositive was corrected from null to its default, []. 
[30Apr2025 15:11:31.467] [Server thread/WARN] [net.minecraftforge.common.ForgeConfigSpec/CORE]: Incorrect key server.sundamage.sundamageDimensionsOverrideNegative was corrected from null to its default, []. 
[30Apr2025 15:11:31.469] [Server thread/WARN] [net.minecraftforge.common.ForgeConfigSpec/CORE]: Incorrect key server.sundamage.sundamageDisabledBiomes was corrected from null to its default, []. 
[30Apr2025 15:11:31.469] [Server thread/WARN] [net.minecraftforge.common.ForgeConfigSpec/CORE]: Incorrect key server.entities was corrected from null to its default, SimpleCommentedConfig:{}. 
[30Apr2025 15:11:31.469] [Server thread/WARN] [net.minecraftforge.common.ForgeConfigSpec/CORE]: Incorrect key server.entities.blacklistedBloodEntity was corrected from null to its default, []. 
[30Apr2025 15:11:31.470] [Server thread/WARN] [net.minecraftforge.common.ForgeConfigSpec/CORE]: Incorrect key server.cheats was corrected from null to its default, SimpleCommentedConfig:{}. 
[30Apr2025 15:11:31.470] [Server thread/WARN] [net.minecraftforge.common.ForgeConfigSpec/CORE]: Incorrect key server.cheats.allSkillsAtMaxLevel was corrected from null to its default, false. 
[30Apr2025 15:11:31.470] [Server thread/WARN] [net.minecraftforge.common.ForgeConfigSpec/CORE]: Incorrect key server.disable was corrected from null to its default, SimpleCommentedConfig:{}. 
[30Apr2025 15:11:31.470] [Server thread/WARN] [net.minecraftforge.common.ForgeConfigSpec/CORE]: Incorrect key server.disable.disableFangInfection was corrected from null to its default, false. 
[30Apr2025 15:11:31.470] [Server thread/WARN] [net.minecraftforge.common.ForgeConfigSpec/CORE]: Incorrect key server.disable.disableMobBiteInfection was corrected from null to its default, false. 
[30Apr2025 15:11:31.470] [Server thread/WARN] [net.minecraftforge.common.ForgeConfigSpec/CORE]: Incorrect key server.disable.disableVillageGuards was corrected from null to its default, false. 
[30Apr2025 15:11:31.470] [Server thread/WARN] [net.minecraftforge.common.ForgeConfigSpec/CORE]: Incorrect key server.internal was corrected from null to its default, SimpleCommentedConfig:{}. 
[30Apr2025 15:11:31.470] [Server thread/WARN] [net.minecraftforge.common.ForgeConfigSpec/CORE]: Incorrect key server.internal.infoAboutGuideAPI was corrected from null to its default, true. 
[30Apr2025 15:11:31.471] [Server thread/WARN] [net.minecraftforge.common.ForgeConfigSpec/CORE]: Incorrect key server.internal.oldVampireBiomeGen was corrected from null to its default, true. 
[30Apr2025 15:11:31.477] [Server thread/WARN] [net.minecraftforge.common.ForgeConfigSpec/CORE]: Configuration file ./world/serverconfig/vampirism-balance.toml is not correct. Correcting
[30Apr2025 15:11:31.477] [Server thread/WARN] [net.minecraftforge.common.ForgeConfigSpec/CORE]: Incorrect key balance was corrected from null to its default, SimpleCommentedConfig:{}. 
[30Apr2025 15:11:31.477] [Server thread/WARN] [net.minecraftforge.common.ForgeConfigSpec/CORE]: Incorrect key balance.lord actions was corrected from null to its default, SimpleCommentedConfig:{}. 
[30Apr2025 15:11:31.477] [Server thread/WARN] [net.minecraftforge.common.ForgeConfigSpec/CORE]: Incorrect key balance.lord actions.lordSpeedEnabled was corrected from null to its default, true. 
[30Apr2025 15:11:31.477] [Server thread/WARN] [net.minecraftforge.common.ForgeConfigSpec/CORE]: Incorrect key balance.lord actions.lordAttackSpeedCooldown was corrected from null to its default, 120. 
[30Apr2025 15:11:31.478] [Server thread/WARN] [net.minecraftforge.common.ForgeConfigSpec/CORE]: Incorrect key balance.lord actions.lordSpeedDuration was corrected from null to its default, 30. 
[30Apr2025 15:11:31.478] [Server thread/WARN] [net.minecraftforge.common.ForgeConfigSpec/CORE]: Incorrect key balance.lord actions.lordAttackSpeedEnabled was corrected from null to its default, true. 
[30Apr2025 15:11:31.478] [Server thread/WARN] [net.minecraftforge.common.ForgeConfigSpec/CORE]: Incorrect key balance.lord actions.lordAttackSpeedDuration was corrected from null to its default, 30. 
[30Apr2025 15:11:31.478] [Server thread/WARN] [net.minecraftforge.common.ForgeConfigSpec/CORE]: Incorrect key balance.lord actions.lordSpeedCooldown was corrected from null to its default, 120. 
[30Apr2025 15:11:31.478] [Server thread/WARN] [net.minecraftforge.common.ForgeConfigSpec/CORE]: Incorrect key balance.hunterPlayer was corrected from null to its default, SimpleCommentedConfig:{}. 
[30Apr2025 15:11:31.478] [Server thread/WARN] [net.minecraftforge.common.ForgeConfigSpec/CORE]: Incorrect key balance.hunterPlayer.strengthType was corrected from null to its default, 0.5. 
[30Apr2025 15:11:31.478] [Server thread/WARN] [net.minecraftforge.common.ForgeConfigSpec/CORE]: Incorrect key balance.hunterPlayer.strengthMaxMod was corrected from null to its default, 0.3. 
[30Apr2025 15:11:31.479] [Server thread/WARN] [net.minecraftforge.common.ForgeConfigSpec/CORE]: Incorrect key balance.hunterActions was corrected from null to its default, SimpleCommentedConfig:{}. 
[30Apr2025 15:11:31.479] [Server thread/WARN] [net.minecraftforge.common.ForgeConfigSpec/CORE]: Incorrect key balance.hunterActions.potionResistanceCooldown was corrected from null to its default, 1200. 
[30Apr2025 15:11:31.479] [Server thread/WARN] [net.minecraftforge.common.ForgeConfigSpec/CORE]: Incorrect key balance.hunterActions.awarenessDuration was corrected from null to its default, 2147483647. 
[30Apr2025 15:11:31.479] [Server thread/WARN] [net.minecraftforge.common.ForgeConfigSpec/CORE]: Incorrect key balance.hunterActions.potionResistanceDuration was corrected from null to its default, 400. 
[30Apr2025 15:11:31.479] [Server thread/WARN] [net.minecraftforge.common.ForgeConfigSpec/CORE]: Incorrect key balance.hunterActions.disguiseEnabled was corrected from null to its default, true. 
[30Apr2025 15:11:31.479] [Server thread/WARN] [net.minecraftforge.common.ForgeConfigSpec/CORE]: Incorrect key balance.hunterActions.disguiseVisibilityMod was corrected from null to its default, 0.2. 
[30Apr2025 15:11:31.479] [Server thread/WARN] [net.minecraftforge.common.ForgeConfigSpec/CORE]: Incorrect key balance.hunterActions.potionResistanceEnabled was corrected from null to its default, true. 
[30Apr2025 15:11:31.479] [Server thread/WARN] [net.minecraftforge.common.ForgeConfigSpec/CORE]: Incorrect key balance.hunterActions.awarenessRadius was corrected from null to its default, 25. 
[30Apr2025 15:11:31.479] [Server thread/WARN] [net.minecraftforge.common.ForgeConfigSpec/CORE]: Incorrect key balance.hunterActions.awarenessEnabled was corrected from null to its default, true. 
[30Apr2025 15:11:31.480] [Server thread/WARN] [net.minecraftforge.common.ForgeConfigSpec/CORE]: Incorrect key balance.hunterActions.awarenessCooldown was corrected from null to its default, 1. 
[30Apr2025 15:11:31.480] [Server thread/WARN] [net.minecraftforge.common.ForgeConfigSpec/CORE]: Incorrect key balance.hunterActions.disguiseInvisibleSQ was corrected from null to its default, 256. 
[30Apr2025 15:11:31.482] [Server thread/WARN] [net.minecraftforge.common.ForgeConfigSpec/CORE]: Incorrect key balance.vampirePlayer was corrected from null to its default, SimpleCommentedConfig:{}. 
[30Apr2025 15:11:31.482] [Server thread/WARN] [net.minecraftforge.common.ForgeConfigSpec/CORE]: Incorrect key balance.vampirePlayer.naturalArmorToughnessIncrease was corrected from null to its default, 8. 
[30Apr2025 15:11:31.483] [Server thread/WARN] [net.minecraftforge.common.ForgeConfigSpec/CORE]: Incorrect key balance.vampirePlayer.sunscreenBuff was corrected from null to its default, false. 
[30Apr2025 15:11:31.483] [Server thread/WARN] [net.minecraftforge.common.ForgeConfigSpec/CORE]: Incorrect key balance.vampirePlayer.fireVulnerabilityMod was corrected from null to its default, 3.0. 
[30Apr2025 15:11:31.484] [Server thread/WARN] [net.minecraftforge.common.ForgeConfigSpec/CORE]: Incorrect key balance.vampirePlayer.sundamageWeaknessMinLevel was corrected from null to its default, 2. 
[30Apr2025 15:11:31.484] [Server thread/WARN] [net.minecraftforge.common.ForgeConfigSpec/CORE]: Incorrect key balance.vampirePlayer.nightVisionDisabled was corrected from null to its default, false. 
[30Apr2025 15:11:31.484] [Server thread/WARN] [net.minecraftforge.common.ForgeConfigSpec/CORE]: Incorrect key balance.vampirePlayer.exhaustionMaxMod was corrected from null to its default, 1.0. 
[30Apr2025 15:11:31.485] [Server thread/WARN] [net.minecraftforge.common.ForgeConfigSpec/CORE]: Incorrect key balance.vampirePlayer.bloodUsagePeaceful was corrected from null to its default, false. 
[30Apr2025 15:11:31.485] [Server thread/WARN] [net.minecraftforge.common.ForgeConfigSpec/CORE]: Incorrect key balance.vampirePlayer.sundamageWaterblocks was corrected from null to its default, 4. 
[30Apr2025 15:11:31.486] [Server thread/WARN] [net.minecraftforge.common.ForgeConfigSpec/CORE]: Incorrect key balance.vampirePlayer.sundamageNauseaMinLevel was corrected from null to its default, 3. 
[30Apr2025 15:11:31.486] [Server thread/WARN] [net.minecraftforge.common.ForgeConfigSpec/CORE]: Incorrect key balance.vampirePlayer.sundamageNausea was corrected from null to its default, true. 
[30Apr2025 15:11:31.487] [Server thread/WARN] [net.minecraftforge.common.ForgeConfigSpec/CORE]: Incorrect key balance.vampirePlayer.playerBloodSaturation was corrected from null to its default, 1.5. 
[30Apr2025 15:11:31.487] [Server thread/WARN] [net.minecraftforge.common.ForgeConfigSpec/CORE]: Incorrect key balance.vampirePlayer.sundamageInstantDeath was corrected from null to its default, false. 
[30Apr2025 15:11:31.487] [Server thread/WARN] [net.minecraftforge.common.ForgeConfigSpec/CORE]: Incorrect key balance.vampirePlayer.naturalArmorBaseValue was corrected from null to its default, 10. 
[30Apr2025 15:11:31.488] [Server thread/WARN] [net.minecraftforge.common.ForgeConfigSpec/CORE]: Incorrect key balance.vampirePlayer.neonatalDuration was corrected from null to its default, 120. 
[30Apr2025 15:11:31.488] [Server thread/WARN] [net.minecraftforge.common.ForgeConfigSpec/CORE]: Incorrect key balance.vampirePlayer.naturalArmorIncrease was corrected from null to its default, 10. 
[30Apr2025 15:11:31.489] [Server thread/WARN] [net.minecraftforge.common.ForgeConfigSpec/CORE]: Incorrect key balance.vampirePlayer.maxYellowBorderPercentage was corrected from null to its default, 100. 
[30Apr2025 15:11:31.490] [Server thread/WARN] [net.minecraftforge.common.ForgeConfigSpec/CORE]: Incorrect key balance.vampirePlayer.bloodVisionDisabled was corrected from null to its default, false. 
[30Apr2025 15:11:31.490] [Server thread/WARN] [net.minecraftforge.common.ForgeConfigSpec/CORE]: Incorrect key balance.vampirePlayer.healthMaxMod was corrected from null to its default, 16.0. 
[30Apr2025 15:11:31.490] [Server thread/WARN] [net.minecraftforge.common.ForgeConfigSpec/CORE]: Incorrect key balance.vampirePlayer.attackSpeedMaxMod was corrected from null to its default, 0.15. 
[30Apr2025 15:11:31.491] [Server thread/WARN] [net.minecraftforge.common.ForgeConfigSpec/CORE]: Incorrect key balance.vampirePlayer.armorPenalty was corrected from null to its default, true. 
[30Apr2025 15:11:31.491] [Server thread/WARN] [net.minecraftforge.common.ForgeConfigSpec/CORE]: Incorrect key balance.vampirePlayer.bloodExhaustionFactor was corrected from null to its default, 0.7. 
[30Apr2025 15:11:31.492] [Server thread/WARN] [net.minecraftforge.common.ForgeConfigSpec/CORE]: Incorrect key balance.vampirePlayer.sundamageMinLevel was corrected from null to its default, 4. 
[30Apr2025 15:11:31.492] [Server thread/WARN] [net.minecraftforge.common.ForgeConfigSpec/CORE]: Incorrect key balance.vampirePlayer.speedMaxMod was corrected from null to its default, 0.5. 
[30Apr2025 15:11:31.493] [Server thread/WARN] [net.minecraftforge.common.ForgeConfigSpec/CORE]: Incorrect key balance.vampirePlayer.immortalFromDamageSources was corrected from null to its default, [player, mob, drown, lightningBolt, onFire, cramming, fall, flyIntoWall, magic, wither, anvil, falling_block, dragon_breath, sweetBerryBush, trident, arrow, fireworks, fireBall, witherSkull, explosion, explosion.player, thrown, indirectMagic, vampire_on_fire, sting, fallingStalactite, stalagmite, freeze]. 
[30Apr2025 15:11:31.493] [Server thread/WARN] [net.minecraftforge.common.ForgeConfigSpec/CORE]: Incorrect key balance.vampirePlayer.fireResistanceReplace was corrected from null to its default, true. 
[30Apr2025 15:11:31.493] [Server thread/WARN] [net.minecraftforge.common.ForgeConfigSpec/CORE]: Incorrect key balance.vampirePlayer.sundamage was corrected from null to its default, 7.0. 
[30Apr2025 15:11:31.493] [Server thread/WARN] [net.minecraftforge.common.ForgeConfigSpec/CORE]: Incorrect key balance.vampirePlayer.dbnoDuration was corrected from null to its default, 60. 
[30Apr2025 15:11:31.493] [Server thread/WARN] [net.minecraftforge.common.ForgeConfigSpec/CORE]: Incorrect key balance.vampirePlayer.sanguinareAverageDuration was corrected from null to its default, 900. 
[30Apr2025 15:11:34.382] [Server thread/WARN] [net.minecraftforge.common.ForgeConfigSpec/CORE]: Incorrect key balance.vampirePlayer.naturalArmorRegenDuration was corrected from null to its default, 240. 
[30Apr2025 15:11:34.382] [Server thread/WARN] [net.minecraftforge.common.ForgeConfigSpec/CORE]: Incorrect key balance.entityActions was corrected from null to its default, SimpleCommentedConfig:{}. 
[30Apr2025 15:11:34.382] [Server thread/WARN] [net.minecraftforge.common.ForgeConfigSpec/CORE]: Incorrect key balance.entityActions.ignoreSundamageDuration was corrected from null to its default, 5. 
[30Apr2025 15:11:34.382] [Server thread/WARN] [net.minecraftforge.common.ForgeConfigSpec/CORE]: Incorrect key balance.entityActions.invisibilityDuration was corrected from null to its default, 4. 
[30Apr2025 15:11:34.382] [Server thread/WARN] [net.minecraftforge.common.ForgeConfigSpec/CORE]: Incorrect key balance.entityActions.speedCooldown was corrected from null to its default, 6. 
[30Apr2025 15:11:34.382] [Server thread/WARN] [net.minecraftforge.common.ForgeConfigSpec/CORE]: Incorrect key balance.entityActions.garlicCooldown was corrected from null to its default, 5. 
[30Apr2025 15:11:34.382] [Server thread/WARN] [net.minecraftforge.common.ForgeConfigSpec/CORE]: Incorrect key balance.entityActions.regenerationAmount was corrected from null to its default, 40. 
[30Apr2025 15:11:34.382] [Server thread/WARN] [net.minecraftforge.common.ForgeConfigSpec/CORE]: Incorrect key balance.entityActions.healAmount was corrected from null to its default, 30. 
[30Apr2025 15:11:34.383] [Server thread/WARN] [net.minecraftforge.common.ForgeConfigSpec/CORE]: Incorrect key balance.entityActions.sunscreenDuration was corrected from null to its default, 9. 
[30Apr2025 15:11:34.383] [Server thread/WARN] [net.minecraftforge.common.ForgeConfigSpec/CORE]: Incorrect key balance.entityActions.healthThreshold was corrected from null to its default, 0.3. 
[30Apr2025 15:11:34.383] [Server thread/WARN] [net.minecraftforge.common.ForgeConfigSpec/CORE]: Incorrect key balance.entityActions.regenerationDuration was corrected from null to its default, 5. 
[30Apr2025 15:11:34.383] [Server thread/WARN] [net.minecraftforge.common.ForgeConfigSpec/CORE]: Incorrect key balance.entityActions.garlicDuration was corrected from null to its default, 5. 
[30Apr2025 15:11:34.383] [Server thread/WARN] [net.minecraftforge.common.ForgeConfigSpec/CORE]: Incorrect key balance.entityActions.batspawnAmount was corrected from null to its default, 4. 
[30Apr2025 15:11:34.383] [Server thread/WARN] [net.minecraftforge.common.ForgeConfigSpec/CORE]: Incorrect key balance.entityActions.sunscreenCooldown was corrected from null to its default, 10. 
[30Apr2025 15:11:34.383] [Server thread/WARN] [net.minecraftforge.common.ForgeConfigSpec/CORE]: Incorrect key balance.entityActions.darkProjectileDamage was corrected from null to its default, 5.0. 
[30Apr2025 15:11:34.384] [Server thread/WARN] [net.minecraftforge.common.ForgeConfigSpec/CORE]: Incorrect key balance.entityActions.invisibilityCooldown was corrected from null to its default, 7. 
[30Apr2025 15:11:34.384] [Server thread/WARN] [net.minecraftforge.common.ForgeConfigSpec/CORE]: Incorrect key balance.entityActions.healCooldown was corrected from null to its default, 7. 
[30Apr2025 15:11:34.385] [Server thread/WARN] [net.minecraftforge.common.ForgeConfigSpec/CORE]: Incorrect key balance.entityActions.regenerationCooldown was corrected from null to its default, 8. 
[30Apr2025 15:11:34.386] [Server thread/WARN] [net.minecraftforge.common.ForgeConfigSpec/CORE]: Incorrect key balance.entityActions.darkProjectileIndirectDamage was corrected from null to its default, 2.0. 
[30Apr2025 15:11:34.386] [Server thread/WARN] [net.minecraftforge.common.ForgeConfigSpec/CORE]: Incorrect key balance.entityActions.speedDuration was corrected from null to its default, 4. 
[30Apr2025 15:11:34.387] [Server thread/WARN] [net.minecraftforge.common.ForgeConfigSpec/CORE]: Incorrect key balance.entityActions.darkProjectileCooldown was corrected from null to its default, 10. 
[30Apr2025 15:11:34.387] [Server thread/WARN] [net.minecraftforge.common.ForgeConfigSpec/CORE]: Incorrect key balance.entityActions.speedAmount was corrected from null to its default, 0.14. 
[30Apr2025 15:11:34.388] [Server thread/WARN] [net.minecraftforge.common.ForgeConfigSpec/CORE]: Incorrect key balance.entityActions.batspawnCooldown was corrected from null to its default, 15. 
[30Apr2025 15:11:34.388] [Server thread/WARN] [net.minecraftforge.common.ForgeConfigSpec/CORE]: Incorrect key balance.entityActions.ignoreSundamageCooldown was corrected from null to its default, 6. 
[30Apr2025 15:11:34.389] [Server thread/WARN] [net.minecraftforge.common.ForgeConfigSpec/CORE]: Incorrect key balance.vampireSkills was corrected from null to its default, SimpleCommentedConfig:{}. 
[30Apr2025 15:11:34.389] [Server thread/WARN] [net.minecraftforge.common.ForgeConfigSpec/CORE]: Incorrect key balance.vampireSkills.bloodThirstReduction1 was corrected from null to its default, -0.4. 
[30Apr2025 15:11:34.389] [Server thread/WARN] [net.minecraftforge.common.ForgeConfigSpec/CORE]: Incorrect key balance.vampireSkills.smallAttackDamageMultiplier was corrected from null to its default, 0.10000000149011612. 
[30Apr2025 15:11:34.389] [Server thread/WARN] [net.minecraftforge.common.ForgeConfigSpec/CORE]: Incorrect key balance.vampireSkills.speedBoost was corrected from null to its default, 0.15. 
[30Apr2025 15:11:34.390] [Server thread/WARN] [net.minecraftforge.common.ForgeConfigSpec/CORE]: Incorrect key balance.vampireSkills.smallAttackDamageModifier was corrected from null to its default, 1.0. 
[30Apr2025 15:11:34.390] [Server thread/WARN] [net.minecraftforge.common.ForgeConfigSpec/CORE]: Incorrect key balance.vampireSkills.dbnoReduction was corrected from null to its default, 0.5. 
[30Apr2025 15:11:34.390] [Server thread/WARN] [net.minecraftforge.common.ForgeConfigSpec/CORE]: Incorrect key balance.vampireSkills.sundamageReduction1 was corrected from null to its default, -0.5. 
[30Apr2025 15:11:34.390] [Server thread/WARN] [net.minecraftforge.common.ForgeConfigSpec/CORE]: Incorrect key balance.vampireSkills.neonatalReduction was corrected from null to its default, 0.5. 
[30Apr2025 15:11:34.391] [Server thread/WARN] [net.minecraftforge.common.ForgeConfigSpec/CORE]: Incorrect key balance.vampireSkills.swordFinisherMaxHealth was corrected from null to its default, 0.25. 
[30Apr2025 15:11:34.391] [Server thread/WARN] [net.minecraftforge.common.ForgeConfigSpec/CORE]: Incorrect key balance.vampireSkills.jumpBoost was corrected from null to its default, 1. 
[30Apr2025 15:11:34.391] [Server thread/WARN] [net.minecraftforge.common.ForgeConfigSpec/CORE]: Incorrect key balance.vampireSkills.bloodVisionDistanceSq was corrected from null to its default, 1600. 
[30Apr2025 15:11:34.392] [Server thread/WARN] [net.minecraftforge.common.ForgeConfigSpec/CORE]: Incorrect key balance.vampireSkills.smallAttackSpeedModifier was corrected from null to its default, 0.15. 
[30Apr2025 15:11:34.392] [Server thread/WARN] [net.minecraftforge.common.ForgeConfigSpec/CORE]: Incorrect key balance.vampire_refinements was corrected from null to its default, SimpleCommentedConfig:{}. 
[30Apr2025 15:11:34.392] [Server thread/WARN] [net.minecraftforge.common.ForgeConfigSpec/CORE]: Incorrect key balance.vampire_refinements.rageFuryDurationBonus was corrected from null to its default, 5. 
[30Apr2025 15:11:34.393] [Server thread/WARN] [net.minecraftforge.common.ForgeConfigSpec/CORE]: Incorrect key balance.vampire_refinements.teleportDistanceMod was corrected from null to its default, 1.5. 
[30Apr2025 15:11:34.393] [Server thread/WARN] [net.minecraftforge.common.ForgeConfigSpec/CORE]: Incorrect key balance.vampire_refinements.freezeDurationMod was corrected from null to its default, 1.4. 
[30Apr2025 15:11:34.393] [Server thread/WARN] [net.minecraftforge.common.ForgeConfigSpec/CORE]: Incorrect key balance.vampire_refinements.vistaMod was corrected from null to its default, 1.0. 
[30Apr2025 15:11:34.393] [Server thread/WARN] [net.minecraftforge.common.ForgeConfigSpec/CORE]: Incorrect key balance.vampire_refinements.halfInvulnerableThresholdMod was corrected from null to its default, 0.7. 
[30Apr2025 15:11:34.394] [Server thread/WARN] [net.minecraftforge.common.ForgeConfigSpec/CORE]: Incorrect key balance.vampire_refinements.bloodChargeSpeedMod was corrected from null to its default, 3. 
[30Apr2025 15:11:34.394] [Server thread/WARN] [net.minecraftforge.common.ForgeConfigSpec/CORE]: Incorrect key balance.vampire_refinements.swordFinisherThresholdMod was corrected from null to its default, 1.25. 
[30Apr2025 15:11:34.394] [Server thread/WARN] [net.minecraftforge.common.ForgeConfigSpec/CORE]: Incorrect key balance.vampire_refinements.darkBloodProjectileDamageMod was corrected from null to its default, 1.5. 
[30Apr2025 15:11:34.394] [Server thread/WARN] [net.minecraftforge.common.ForgeConfigSpec/CORE]: Incorrect key balance.vampire_refinements.darkBloodProjectileAOECooldownMod was corrected from null to its default, 2.0. 
[30Apr2025 15:11:34.395] [Server thread/WARN] [net.minecraftforge.common.ForgeConfigSpec/CORE]: Incorrect key balance.vampire_refinements.sunscreenDurationMod was corrected from null to its default, 1.5. 
[30Apr2025 15:11:34.395] [Server thread/WARN] [net.minecraftforge.common.ForgeConfigSpec/CORE]: Incorrect key balance.vampire_refinements.swordTrainingSpeedMod was corrected from null to its default, 1.2. 
[30Apr2025 15:11:34.396] [Server thread/WARN] [net.minecraftforge.common.ForgeConfigSpec/CORE]: Incorrect key balance.vampire_refinements.darkBloodProjectileAOERange was corrected from null to its default, 16. 
[30Apr2025 15:11:34.396] [Server thread/WARN] [net.minecraftforge.common.ForgeConfigSpec/CORE]: Incorrect key balance.minions was corrected from null to its default, SimpleCommentedConfig:{}. 
[30Apr2025 15:11:34.396] [Server thread/WARN] [net.minecraftforge.common.ForgeConfigSpec/CORE]: Incorrect key balance.minions.deathRecoveryTime was corrected from null to its default, 220. 
[30Apr2025 15:11:34.396] [Server thread/WARN] [net.minecraftforge.common.ForgeConfigSpec/CORE]: Incorrect key balance.minions.minionPerLordLevel was corrected from null to its default, 1. 
[30Apr2025 15:11:34.397] [Server thread/WARN] [net.minecraftforge.common.ForgeConfigSpec/CORE]: Incorrect key balance.minions.resourceCooldown was corrected from null to its default, 1500. 
[30Apr2025 15:11:34.398] [Server thread/WARN] [net.minecraftforge.common.ForgeConfigSpec/CORE]: Incorrect key balance.minions.equipmentRepairAmount was corrected from null to its default, 10. 
[30Apr2025 15:11:34.400] [Server thread/WARN] [net.minecraftforge.common.ForgeConfigSpec/CORE]: Incorrect key balance.minions.resourceCooldownOfflineMult was corrected from null to its default, 20.0. 
[30Apr2025 15:11:34.400] [Server thread/WARN] [net.minecraftforge.common.ForgeConfigSpec/CORE]: Incorrect key balance.general was corrected from null to its default, SimpleCommentedConfig:{}. 
[30Apr2025 15:11:34.401] [Server thread/WARN] [net.minecraftforge.common.ForgeConfigSpec/CORE]: Incorrect key balance.general.vampireSwordChargingFactor was corrected from null to its default, 5.0E-4. 
[30Apr2025 15:11:34.401] [Server thread/WARN] [net.minecraftforge.common.ForgeConfigSpec/CORE]: Incorrect key balance.general.holyWaterSplashDamage was corrected from null to its default, 5. 
[30Apr2025 15:11:34.401] [Server thread/WARN] [net.minecraftforge.common.ForgeConfigSpec/CORE]: Incorrect key balance.general.holyWaterBlindnessDuration was corrected from null to its default, 160. 
[30Apr2025 15:11:34.402] [Server thread/WARN] [net.minecraftforge.common.ForgeConfigSpec/CORE]: Incorrect key balance.general.dropOrchidFromLeavesChance was corrected from null to its default, 25. 
[30Apr2025 15:11:34.402] [Server thread/WARN] [net.minecraftforge.common.ForgeConfigSpec/CORE]: Incorrect key balance.general.zombieIgnoreVampire was corrected from null to its default, true. 
[30Apr2025 15:11:34.403] [Server thread/WARN] [net.minecraftforge.common.ForgeConfigSpec/CORE]: Incorrect key balance.general.golemAttackNonVillageFaction was corrected from null to its default, true. 
[30Apr2025 15:11:34.403] [Server thread/WARN] [net.minecraftforge.common.ForgeConfigSpec/CORE]: Incorrect key balance.general.crossbowDamageMult was corrected from null to its default, 1.0. 
[30Apr2025 15:11:34.403] [Server thread/WARN] [net.minecraftforge.common.ForgeConfigSpec/CORE]: Incorrect key balance.general.taskMasterMaxTaskAmount was corrected from null to its default, 3. 
[30Apr2025 15:11:34.404] [Server thread/WARN] [net.minecraftforge.common.ForgeConfigSpec/CORE]: Incorrect key balance.general.vampireSwordBloodUsageFactor was corrected from null to its default, 0.5. 
[30Apr2025 15:11:34.404] [Server thread/WARN] [net.minecraftforge.common.ForgeConfigSpec/CORE]: Incorrect key balance.general.creeperIgnoreVampire was corrected from null to its default, true. 
[30Apr2025 15:11:34.406] [Server thread/WARN] [net.minecraftforge.common.ForgeConfigSpec/CORE]: Incorrect key balance.general.allowInfiniteSpecialArrows was corrected from null to its default, false. 
[30Apr2025 15:11:34.406] [Server thread/WARN] [net.minecraftforge.common.ForgeConfigSpec/CORE]: Incorrect key balance.general.garlicDiffuserStartupTime was corrected from null to its default, 100. 
[30Apr2025 15:11:34.406] [Server thread/WARN] [net.minecraftforge.common.ForgeConfigSpec/CORE]: Incorrect key balance.general.holyWaterTierDamageInc was corrected from null to its default, 2.0. 
[30Apr2025 15:11:34.407] [Server thread/WARN] [net.minecraftforge.common.ForgeConfigSpec/CORE]: Incorrect key balance.general.skeletonIgnoreVampire was corrected from null to its default, true. 
[30Apr2025 15:11:34.408] [Server thread/WARN] [net.minecraftforge.common.ForgeConfigSpec/CORE]: Incorrect key balance.general.canCancelSanguinare was corrected from null to its default, true. 
[30Apr2025 15:11:34.408] [Server thread/WARN] [net.minecraftforge.common.ForgeConfigSpec/CORE]: Incorrect key balance.general.skillPointsPerLevel was corrected from null to its default, 2.0. 
[30Apr2025 15:11:34.408] [Server thread/WARN] [net.minecraftforge.common.ForgeConfigSpec/CORE]: Incorrect key balance.general.skillPointsPerLordLevel was corrected from null to its default, 2.0. 
[30Apr2025 15:11:34.408] [Server thread/WARN] [net.minecraftforge.common.ForgeConfigSpec/CORE]: Incorrect key balance.general.taskDurationSinglePlayer was corrected from null to its default, 120. 
[30Apr2025 15:11:34.408] [Server thread/WARN] [net.minecraftforge.common.ForgeConfigSpec/CORE]: Incorrect key balance.general.taskDurationDedicatedServer was corrected from null to its default, 1440. 
[30Apr2025 15:11:34.408] [Server thread/WARN] [net.minecraftforge.common.ForgeConfigSpec/CORE]: Incorrect key balance.general.holyWaterNauseaDuration was corrected from null to its default, 200. 
[30Apr2025 15:11:34.408] [Server thread/WARN] [net.minecraftforge.common.ForgeConfigSpec/CORE]: Incorrect key balance.general.arrowVampireKillerMaxHealth was corrected from null to its default, 40. 
[30Apr2025 15:11:34.409] [Server thread/WARN] [net.minecraftforge.common.ForgeConfigSpec/CORE]: Incorrect key balance.general.hunterTentMaxSpawn was corrected from null to its default, 4. 
[30Apr2025 15:11:34.409] [Server thread/WARN] [net.minecraftforge.common.ForgeConfigSpec/CORE]: Incorrect key balance.hunterSkills was corrected from null to its default, SimpleCommentedConfig:{}. 
[30Apr2025 15:11:34.409] [Server thread/WARN] [net.minecraftforge.common.ForgeConfigSpec/CORE]: Incorrect key balance.hunterSkills.majorAttackSpeedModifier was corrected from null to its default, 0.4. 
[30Apr2025 15:11:34.409] [Server thread/WARN] [net.minecraftforge.common.ForgeConfigSpec/CORE]: Incorrect key balance.hunterSkills.instantKill2OnlyNPC was corrected from null to its default, true. 
[30Apr2025 15:11:34.409] [Server thread/WARN] [net.minecraftforge.common.ForgeConfigSpec/CORE]: Incorrect key balance.hunterSkills.garlicDiffuserEnhancedDist was corrected from null to its default, 1. 
[30Apr2025 15:11:34.409] [Server thread/WARN] [net.minecraftforge.common.ForgeConfigSpec/CORE]: Incorrect key balance.hunterSkills.instantKill2MaxHealth was corrected from null to its default, 200. 
[30Apr2025 15:11:34.409] [Server thread/WARN] [net.minecraftforge.common.ForgeConfigSpec/CORE]: Incorrect key balance.hunterSkills.smallAttackDamageModifier was corrected from null to its default, 1.0. 
[30Apr2025 15:11:34.409] [Server thread/WARN] [net.minecraftforge.common.ForgeConfigSpec/CORE]: Incorrect key balance.hunterSkills.instantKill1FromBehind was corrected from null to its default, false. 
[30Apr2025 15:11:34.409] [Server thread/WARN] [net.minecraftforge.common.ForgeConfigSpec/CORE]: Incorrect key balance.hunterSkills.instantKill1MaxHealth was corrected from null to its default, 0.35. 
[30Apr2025 15:11:34.409] [Server thread/WARN] [net.minecraftforge.common.ForgeConfigSpec/CORE]: Incorrect key balance.hunterSkills.garlicDiffuserNormalDist was corrected from null to its default, 0. 
[30Apr2025 15:11:34.410] [Server thread/WARN] [net.minecraftforge.common.ForgeConfigSpec/CORE]: Incorrect key balance.hunterSkills.garlicDiffuserWeakDist was corrected from null to its default, 2. 
[30Apr2025 15:11:34.410] [Server thread/WARN] [net.minecraftforge.common.ForgeConfigSpec/CORE]: Incorrect key balance.hunterSkills.smallAttackSpeedModifier was corrected from null to its default, 0.2. 
[30Apr2025 15:11:34.414] [Server thread/WARN] [net.minecraftforge.common.ForgeConfigSpec/CORE]: Incorrect key balance.vampireActions was corrected from null to its default, SimpleCommentedConfig:{}. 
[30Apr2025 15:11:34.415] [Server thread/WARN] [net.minecraftforge.common.ForgeConfigSpec/CORE]: Incorrect key balance.vampireActions.jumpBoostDuration was corrected from null to its default, 2147483647. 
[30Apr2025 15:11:34.415] [Server thread/WARN] [net.minecraftforge.common.ForgeConfigSpec/CORE]: Incorrect key balance.vampireActions.invisibilityDuration was corrected from null to its default, 25. 
[30Apr2025 15:11:34.418] [Server thread/WARN] [net.minecraftforge.common.ForgeConfigSpec/CORE]: Incorrect key balance.vampireActions.rageCooldown was corrected from null to its default, 20. 
[30Apr2025 15:11:34.419] [Server thread/WARN] [net.minecraftforge.common.ForgeConfigSpec/CORE]: Incorrect key balance.vampireActions.rageMinDuration was corrected from null to its default, 13. 
[30Apr2025 15:11:34.420] [Server thread/WARN] [net.minecraftforge.common.ForgeConfigSpec/CORE]: Incorrect key balance.vampireActions.disguiseEnabled was corrected from null to its default, true. 
[30Apr2025 15:11:34.420] [Server thread/WARN] [net.minecraftforge.common.ForgeConfigSpec/CORE]: Incorrect key balance.vampireActions.sunscreenDuration was corrected from null to its default, 40. 
[30Apr2025 15:11:34.420] [Server thread/WARN] [net.minecraftforge.common.ForgeConfigSpec/CORE]: Incorrect key balance.vampireActions.batDuration was corrected from null to its default, 2147483647. 
[30Apr2025 15:11:34.421] [Server thread/WARN] [net.minecraftforge.common.ForgeConfigSpec/CORE]: Incorrect key balance.vampireActions.regenerationEnabled was corrected from null to its default, true. 
[30Apr2025 15:11:34.421] [Server thread/WARN] [net.minecraftforge.common.ForgeConfigSpec/CORE]: Incorrect key balance.vampireActions.batCooldown was corrected from null to its default, 0. 
[30Apr2025 15:11:34.421] [Server thread/WARN] [net.minecraftforge.common.ForgeConfigSpec/CORE]: Incorrect key balance.vampireActions.sunscreenCooldown was corrected from null to its default, 500. 
[30Apr2025 15:11:34.422] [Server thread/WARN] [net.minecraftforge.common.ForgeConfigSpec/CORE]: Incorrect key balance.vampireActions.disguiseCooldown was corrected from null to its default, 60. 
[30Apr2025 15:11:34.422] [Server thread/WARN] [net.minecraftforge.common.ForgeConfigSpec/CORE]: Incorrect key balance.vampireActions.halfInvulnerableDuration was corrected from null to its default, 30. 
[30Apr2025 15:11:34.422] [Server thread/WARN] [net.minecraftforge.common.ForgeConfigSpec/CORE]: Incorrect key balance.vampireActions.invisibilityCooldown was corrected from null to its default, 25. 
[30Apr2025 15:11:34.422] [Server thread/WARN] [net.minecraftforge.common.ForgeConfigSpec/CORE]: Incorrect key balance.vampireActions.halfInvulnerableBloodCost was corrected from null to its default, 4. 
[30Apr2025 15:11:34.422] [Server thread/WARN] [net.minecraftforge.common.ForgeConfigSpec/CORE]: Incorrect key balance.vampireActions.regenerationCooldown was corrected from null to its default, 60. 
[30Apr2025 15:11:34.423] [Server thread/WARN] [net.minecraftforge.common.ForgeConfigSpec/CORE]: Incorrect key balance.vampireActions.invisibilityEnabled was corrected from null to its default, true. 
[30Apr2025 15:11:34.423] [Server thread/WARN] [net.minecraftforge.common.ForgeConfigSpec/CORE]: Incorrect key balance.vampireActions.batFlightSpeed was corrected from null to its default, 0.02500000037252903. 
[30Apr2025 15:11:34.424] [Server thread/WARN] [net.minecraftforge.common.ForgeConfigSpec/CORE]: Incorrect key balance.vampireActions.darkBloodProjectileEnabled was corrected from null to its default, true. 
[30Apr2025 15:11:34.424] [Server thread/WARN] [net.minecraftforge.common.ForgeConfigSpec/CORE]: Incorrect key balance.vampireActions.hissingCooldown was corrected from null to its default, 60. 
[30Apr2025 15:11:34.424] [Server thread/WARN] [net.minecraftforge.common.ForgeConfigSpec/CORE]: Incorrect key balance.vampireActions.jumpBoostCooldown was corrected from null to its default, 0. 
[30Apr2025 15:11:34.425] [Server thread/WARN] [net.minecraftforge.common.ForgeConfigSpec/CORE]: Incorrect key balance.vampireActions.darkBloodProjectileDamage was corrected from null to its default, 6.0. 
[30Apr2025 15:11:34.425] [Server thread/WARN] [net.minecraftforge.common.ForgeConfigSpec/CORE]: Incorrect key balance.vampireActions.halfInvulnerableCooldown was corrected from null to its default, 60. 
[30Apr2025 15:11:34.426] [Server thread/WARN] [net.minecraftforge.common.ForgeConfigSpec/CORE]: Incorrect key balance.vampireActions.disguiseDuration was corrected from null to its default, 60. 
[30Apr2025 15:11:34.426] [Server thread/WARN] [net.minecraftforge.common.ForgeConfigSpec/CORE]: Incorrect key balance.vampireActions.halfInvulnerableEnabled was corrected from null to its default, true. 
[30Apr2025 15:11:34.426] [Server thread/WARN] [net.minecraftforge.common.ForgeConfigSpec/CORE]: Incorrect key balance.vampireActions.batAllowInteraction was corrected from null to its default, false. 
[30Apr2025 15:11:34.426] [Server thread/WARN] [net.minecraftforge.common.ForgeConfigSpec/CORE]: Incorrect key balance.vampireActions.teleportCooldown was corrected from null to its default, 10. 
[30Apr2025 15:11:34.427] [Server thread/WARN] [net.minecraftforge.common.ForgeConfigSpec/CORE]: Incorrect key balance.vampireActions.rageEnabled was corrected from null to its default, true. 
[30Apr2025 15:11:34.427] [Server thread/WARN] [net.minecraftforge.common.ForgeConfigSpec/CORE]: Incorrect key balance.vampireActions.jumpBoostEnabled was corrected from null to its default, true. 
[30Apr2025 15:11:34.427] [Server thread/WARN] [net.minecraftforge.common.ForgeConfigSpec/CORE]: Incorrect key balance.vampireActions.hissingEnabled was corrected from null to its default, true. 
[30Apr2025 15:11:34.427] [Server thread/WARN] [net.minecraftforge.common.ForgeConfigSpec/CORE]: Incorrect key balance.vampireActions.freezeEnabled was corrected from null to its default, true. 
[30Apr2025 15:11:34.427] [Server thread/WARN] [net.minecraftforge.common.ForgeConfigSpec/CORE]: Incorrect key balance.vampireActions.freezeDuration was corrected from null to its default, 3. 
[30Apr2025 15:11:34.428] [Server thread/WARN] [net.minecraftforge.common.ForgeConfigSpec/CORE]: Incorrect key balance.vampireActions.regenerationDuration was corrected from null to its default, 20. 
[30Apr2025 15:11:34.428] [Server thread/WARN] [net.minecraftforge.common.ForgeConfigSpec/CORE]: Incorrect key balance.vampireActions.sunscreenEnabled was corrected from null to its default, true. 
[30Apr2025 15:11:34.428] [Server thread/WARN] [net.minecraftforge.common.ForgeConfigSpec/CORE]: Incorrect key balance.vampireActions.summonBatsCount was corrected from null to its default, 16. 
[30Apr2025 15:11:34.428] [Server thread/WARN] [net.minecraftforge.common.ForgeConfigSpec/CORE]: Incorrect key balance.vampireActions.teleportEnabled was corrected from null to its default, true. 
[30Apr2025 15:11:34.429] [Server thread/WARN] [net.minecraftforge.common.ForgeConfigSpec/CORE]: Incorrect key balance.vampireActions.halfInvulnerableThreshold was corrected from null to its default, 0.4. 
[30Apr2025 15:11:34.429] [Server thread/WARN] [net.minecraftforge.common.ForgeConfigSpec/CORE]: Incorrect key balance.vampireActions.batExhaustion was corrected from null to its default, 0.004999999888241291. 
[30Apr2025 15:11:34.429] [Server thread/WARN] [net.minecraftforge.common.ForgeConfigSpec/CORE]: Incorrect key balance.vampireActions.batHealthReduction was corrected from null to its default, 0.9. 
[30Apr2025 15:11:34.429] [Server thread/WARN] [net.minecraftforge.common.ForgeConfigSpec/CORE]: Incorrect key balance.vampireActions.summonBatsEnabled was corrected from null to its default, true. 
[30Apr2025 15:11:34.430] [Server thread/WARN] [net.minecraftforge.common.ForgeConfigSpec/CORE]: Incorrect key balance.vampireActions.freezeCooldown was corrected from null to its default, 60. 
[30Apr2025 15:11:34.430] [Server thread/WARN] [net.minecraftforge.common.ForgeConfigSpec/CORE]: Incorrect key balance.vampireActions.batEnabled was corrected from null to its default, true. 
[30Apr2025 15:11:34.430] [Server thread/WARN] [net.minecraftforge.common.ForgeConfigSpec/CORE]: Incorrect key balance.vampireActions.rageDurationIncrease was corrected from null to its default, 5. 
[30Apr2025 15:11:34.430] [Server thread/WARN] [net.minecraftforge.common.ForgeConfigSpec/CORE]: Incorrect key balance.vampireActions.teleportMaxDistance was corrected from null to its default, 50. 
[30Apr2025 15:11:34.430] [Server thread/WARN] [net.minecraftforge.common.ForgeConfigSpec/CORE]: Incorrect key balance.vampireActions.summonBatsCooldown was corrected from null to its default, 300. 
[30Apr2025 15:11:34.431] [Server thread/WARN] [net.minecraftforge.common.ForgeConfigSpec/CORE]: Incorrect key balance.vampireActions.darkBloodProjectileCooldown was corrected from null to its default, 4. 
[30Apr2025 15:11:34.431] [Server thread/WARN] [net.minecraftforge.common.ForgeConfigSpec/CORE]: Incorrect key balance.village was corrected from null to its default, SimpleCommentedConfig:{}. 
[30Apr2025 15:11:34.431] [Server thread/WARN] [net.minecraftforge.common.ForgeConfigSpec/CORE]: Incorrect key balance.village.notifyDistanceSQ was corrected from null to its default, 40000. 
[30Apr2025 15:11:34.431] [Server thread/WARN] [net.minecraftforge.common.ForgeConfigSpec/CORE]: Incorrect key balance.village.maxVillagerRespawn was corrected from null to its default, 30. 
[30Apr2025 15:11:34.432] [Server thread/WARN] [net.minecraftforge.common.ForgeConfigSpec/CORE]: Incorrect key balance.village.randomRaidChance was corrected from null to its default, 1.38888888889E-4. 
[30Apr2025 15:11:34.432] [Server thread/WARN] [net.minecraftforge.common.ForgeConfigSpec/CORE]: Incorrect key balance.village.forceTargetTime was corrected from null to its default, 80. 
[30Apr2025 15:11:34.432] [Server thread/WARN] [net.minecraftforge.common.ForgeConfigSpec/CORE]: Incorrect key balance.village.phase1Duration was corrected from null to its default, 80. 
[30Apr2025 15:11:34.433] [Server thread/WARN] [net.minecraftforge.common.ForgeConfigSpec/CORE]: Incorrect key balance.village.maxTotemRadius was corrected from null to its default, 100. 
[30Apr2025 15:11:34.433] [Server thread/WARN] [net.minecraftforge.common.ForgeConfigSpec/CORE]: Incorrect key balance.items was corrected from null to its default, SimpleCommentedConfig:{}. 
[30Apr2025 15:11:34.433] [Server thread/WARN] [net.minecraftforge.common.ForgeConfigSpec/CORE]: Incorrect key balance.items.applicableOilPickaxeReverse was corrected from null to its default, false. 
[30Apr2025 15:11:34.433] [Server thread/WARN] [net.minecraftforge.common.ForgeConfigSpec/CORE]: Incorrect key balance.items.applicableOilArmorReverse was corrected from null to its default, false. 
[30Apr2025 15:11:34.434] [Server thread/WARN] [net.minecraftforge.common.ForgeConfigSpec/CORE]: Incorrect key balance.items.applicableOilSwordReverse was corrected from null to its default, false. 
[30Apr2025 15:11:34.731] [Server thread/INFO] [net.jadenxgamer.elysium_api.Elysium/]: ElysiumBiomeSource successfully initialized for minecraft:overworld
[30Apr2025 15:11:34.731] [Server thread/INFO] [net.jadenxgamer.elysium_api.Elysium/]: ElysiumBiomeSource successfully initialized for minecraft:the_nether
[30Apr2025 15:11:34.734] [Server thread/INFO] [net.minecraft.server.dedicated.DedicatedServer/]: Preparing level "world"
[30Apr2025 15:11:35.095] [Server thread/INFO] [de.teamlapen.vampirism.GeneralEventHandler/]: Replacing DistanceManager.chunksToUpdateFutures for level ResourceKey[minecraft:dimension / minecraft:overworld] with concurrent set.
[30Apr2025 15:11:35.101] [Server thread/INFO] [voicechat/]: [voicechat] Successfully migrated config voicechat-server.toml
[30Apr2025 15:11:47.509] [Server thread/INFO] [de.teamlapen.vampirism.GeneralEventHandler/]: Replacing DistanceManager.chunksToUpdateFutures for level ResourceKey[minecraft:dimension / ad_astra:glacio] with concurrent set.
[30Apr2025 15:11:47.518] [Server thread/INFO] [de.teamlapen.vampirism.GeneralEventHandler/]: Replacing DistanceManager.chunksToUpdateFutures for level ResourceKey[minecraft:dimension / ad_astra:venus] with concurrent set.
[30Apr2025 15:11:47.544] [Server thread/INFO] [de.teamlapen.vampirism.GeneralEventHandler/]: Replacing DistanceManager.chunksToUpdateFutures for level ResourceKey[minecraft:dimension / minecraft:the_end] with concurrent set.
[30Apr2025 15:11:47.546] [Server thread/INFO] [de.teamlapen.vampirism.GeneralEventHandler/]: Replacing DistanceManager.chunksToUpdateFutures for level ResourceKey[minecraft:dimension / ad_astra:earth_orbit] with concurrent set.
[30Apr2025 15:11:47.551] [Server thread/INFO] [de.teamlapen.vampirism.GeneralEventHandler/]: Replacing DistanceManager.chunksToUpdateFutures for level ResourceKey[minecraft:dimension / ad_astra:mercury] with concurrent set.
[30Apr2025 15:11:47.555] [Server thread/INFO] [de.teamlapen.vampirism.GeneralEventHandler/]: Replacing DistanceManager.chunksToUpdateFutures for level ResourceKey[minecraft:dimension / ad_astra:mars] with concurrent set.
[30Apr2025 15:11:47.557] [Server thread/INFO] [de.teamlapen.vampirism.GeneralEventHandler/]: Replacing DistanceManager.chunksToUpdateFutures for level ResourceKey[minecraft:dimension / ad_astra:glacio_orbit] with concurrent set.
[30Apr2025 15:11:47.560] [Server thread/INFO] [de.teamlapen.vampirism.GeneralEventHandler/]: Replacing DistanceManager.chunksToUpdateFutures for level ResourceKey[minecraft:dimension / minecraft:the_nether] with concurrent set.
[30Apr2025 15:11:48.611] [Server thread/INFO] [de.teamlapen.vampirism.GeneralEventHandler/]: Replacing DistanceManager.chunksToUpdateFutures for level ResourceKey[minecraft:dimension / ad_astra:mercury_orbit] with concurrent set.
[30Apr2025 15:11:48.614] [Server thread/INFO] [de.teamlapen.vampirism.GeneralEventHandler/]: Replacing DistanceManager.chunksToUpdateFutures for level ResourceKey[minecraft:dimension / ad_astra:mars_orbit] with concurrent set.
[30Apr2025 15:11:48.623] [Server thread/INFO] [de.teamlapen.vampirism.GeneralEventHandler/]: Replacing DistanceManager.chunksToUpdateFutures for level ResourceKey[minecraft:dimension / twilightforest:twilight_forest] with concurrent set.
[30Apr2025 15:11:48.625] [Server thread/INFO] [de.teamlapen.vampirism.GeneralEventHandler/]: Replacing DistanceManager.chunksToUpdateFutures for level ResourceKey[minecraft:dimension / ad_astra:moon_orbit] with concurrent set.
[30Apr2025 15:11:48.627] [Server thread/INFO] [de.teamlapen.vampirism.GeneralEventHandler/]: Replacing DistanceManager.chunksToUpdateFutures for level ResourceKey[minecraft:dimension / ad_astra:venus_orbit] with concurrent set.
[30Apr2025 15:11:48.646] [Server thread/INFO] [de.teamlapen.vampirism.GeneralEventHandler/]: Replacing DistanceManager.chunksToUpdateFutures for level ResourceKey[minecraft:dimension / unearthed_journey:paleogene] with concurrent set.
[30Apr2025 15:11:48.649] [Server thread/INFO] [de.teamlapen.vampirism.GeneralEventHandler/]: Replacing DistanceManager.chunksToUpdateFutures for level ResourceKey[minecraft:dimension / ad_astra:moon] with concurrent set.
[30Apr2025 15:11:48.666] [Server thread/INFO] [de.teamlapen.vampirism.GeneralEventHandler/]: Replacing DistanceManager.chunksToUpdateFutures for level ResourceKey[minecraft:dimension / unearthed_journey:neogene] with concurrent set.
[30Apr2025 15:11:48.685] [Server thread/INFO] [de.teamlapen.vampirism.GeneralEventHandler/]: Replacing DistanceManager.chunksToUpdateFutures for level ResourceKey[minecraft:dimension / unearthed_journey:pleistocene] with concurrent set.
[30Apr2025 15:11:48.689] [Server thread/INFO] [net.minecraft.server.MinecraftServer/]: Preparing start region for dimension minecraft:overworld
[30Apr2025 15:11:49.122] [Worker-Main-5/INFO] [net.minecraft.server.level.progress.LoggerChunkProgressListener/]: Preparing spawn area: 0%
[30Apr2025 15:11:49.402] [Worker-Main-4/INFO] [net.minecraft.server.level.progress.LoggerChunkProgressListener/]: Preparing spawn area: 0%
[30Apr2025 15:11:49.691] [Worker-Main-5/INFO] [net.minecraft.server.level.progress.LoggerChunkProgressListener/]: Preparing spawn area: 0%
[30Apr2025 15:11:50.190] [Worker-Main-5/INFO] [net.minecraft.server.level.progress.LoggerChunkProgressListener/]: Preparing spawn area: 0%
[30Apr2025 15:11:50.696] [Worker-Main-3/INFO] [net.minecraft.server.level.progress.LoggerChunkProgressListener/]: Preparing spawn area: 0%
[30Apr2025 15:11:51.190] [Worker-Main-3/INFO] [net.minecraft.server.level.progress.LoggerChunkProgressListener/]: Preparing spawn area: 0%
[30Apr2025 15:11:52.008] [Worker-Main-3/INFO] [net.minecraft.server.level.progress.LoggerChunkProgressListener/]: Preparing spawn area: 0%
[30Apr2025 15:11:52.204] [Worker-Main-3/INFO] [net.minecraft.server.level.progress.LoggerChunkProgressListener/]: Preparing spawn area: 1%
[30Apr2025 15:11:52.690] [Worker-Main-4/INFO] [net.minecraft.server.level.progress.LoggerChunkProgressListener/]: Preparing spawn area: 1%
[30Apr2025 15:11:53.549] [Worker-Main-3/INFO] [net.minecraft.server.level.progress.LoggerChunkProgressListener/]: Preparing spawn area: 1%
[30Apr2025 15:11:53.713] [Worker-Main-3/INFO] [net.minecraft.server.level.progress.LoggerChunkProgressListener/]: Preparing spawn area: 1%
[30Apr2025 15:11:54.214] [Worker-Main-3/INFO] [net.minecraft.server.level.progress.LoggerChunkProgressListener/]: Preparing spawn area: 2%
[30Apr2025 15:11:54.706] [Worker-Main-3/INFO] [net.minecraft.server.level.progress.LoggerChunkProgressListener/]: Preparing spawn area: 2%
[30Apr2025 15:11:55.192] [Worker-Main-5/INFO] [net.minecraft.server.level.progress.LoggerChunkProgressListener/]: Preparing spawn area: 3%
[30Apr2025 15:11:55.716] [Worker-Main-3/INFO] [net.minecraft.server.level.progress.LoggerChunkProgressListener/]: Preparing spawn area: 3%
[30Apr2025 15:11:56.202] [Worker-Main-5/INFO] [net.minecraft.server.level.progress.LoggerChunkProgressListener/]: Preparing spawn area: 4%
[30Apr2025 15:11:56.704] [Worker-Main-4/INFO] [net.minecraft.server.level.progress.LoggerChunkProgressListener/]: Preparing spawn area: 5%
[30Apr2025 15:11:57.202] [Worker-Main-5/INFO] [net.minecraft.server.level.progress.LoggerChunkProgressListener/]: Preparing spawn area: 6%
[30Apr2025 15:11:57.693] [Worker-Main-3/INFO] [net.minecraft.server.level.progress.LoggerChunkProgressListener/]: Preparing spawn area: 6%
[30Apr2025 15:11:58.200] [Worker-Main-5/INFO] [net.minecraft.server.level.progress.LoggerChunkProgressListener/]: Preparing spawn area: 7%
[30Apr2025 15:11:58.696] [Worker-Main-3/INFO] [net.minecraft.server.level.progress.LoggerChunkProgressListener/]: Preparing spawn area: 8%
[30Apr2025 15:11:59.190] [Worker-Main-5/INFO] [net.minecraft.server.level.progress.LoggerChunkProgressListener/]: Preparing spawn area: 9%
[30Apr2025 15:11:59.755] [Worker-Main-5/INFO] [net.minecraft.server.level.progress.LoggerChunkProgressListener/]: Preparing spawn area: 10%
[30Apr2025 15:12:00.190] [Worker-Main-4/INFO] [net.minecraft.server.level.progress.LoggerChunkProgressListener/]: Preparing spawn area: 10%
[30Apr2025 15:12:00.696] [Worker-Main-5/INFO] [net.minecraft.server.level.progress.LoggerChunkProgressListener/]: Preparing spawn area: 11%
[30Apr2025 15:12:01.214] [Worker-Main-4/INFO] [net.minecraft.server.level.progress.LoggerChunkProgressListener/]: Preparing spawn area: 12%
[30Apr2025 15:12:01.692] [Worker-Main-3/INFO] [net.minecraft.server.level.progress.LoggerChunkProgressListener/]: Preparing spawn area: 14%
[30Apr2025 15:12:02.217] [Worker-Main-3/INFO] [net.minecraft.server.level.progress.LoggerChunkProgressListener/]: Preparing spawn area: 15%
[30Apr2025 15:12:02.723] [Worker-Main-5/INFO] [net.minecraft.server.level.progress.LoggerChunkProgressListener/]: Preparing spawn area: 15%
[30Apr2025 15:12:03.217] [Worker-Main-4/INFO] [net.minecraft.server.level.progress.LoggerChunkProgressListener/]: Preparing spawn area: 15%
[30Apr2025 15:12:03.695] [Worker-Main-5/INFO] [net.minecraft.server.level.progress.LoggerChunkProgressListener/]: Preparing spawn area: 16%
[30Apr2025 15:12:04.195] [Worker-Main-3/INFO] [net.minecraft.server.level.progress.LoggerChunkProgressListener/]: Preparing spawn area: 17%
[30Apr2025 15:12:04.698] [Worker-Main-4/INFO] [net.minecraft.server.level.progress.LoggerChunkProgressListener/]: Preparing spawn area: 19%
[30Apr2025 15:12:05.218] [Worker-Main-4/INFO] [net.minecraft.server.level.progress.LoggerChunkProgressListener/]: Preparing spawn area: 21%
[30Apr2025 15:12:05.761] [Worker-Main-4/INFO] [net.minecraft.server.level.progress.LoggerChunkProgressListener/]: Preparing spawn area: 22%
[30Apr2025 15:12:06.263] [Worker-Main-4/INFO] [net.minecraft.server.level.progress.LoggerChunkProgressListener/]: Preparing spawn area: 22%
[30Apr2025 15:12:08.835] [Worker-Main-3/INFO] [net.minecraft.server.level.progress.LoggerChunkProgressListener/]: Preparing spawn area: 23%
[30Apr2025 15:12:08.835] [Worker-Main-4/INFO] [net.minecraft.server.level.progress.LoggerChunkProgressListener/]: Preparing spawn area: 23%
[30Apr2025 15:12:08.836] [Worker-Main-5/INFO] [net.minecraft.server.level.progress.LoggerChunkProgressListener/]: Preparing spawn area: 23%
[30Apr2025 15:12:08.836] [Worker-Main-5/INFO] [net.minecraft.server.level.progress.LoggerChunkProgressListener/]: Preparing spawn area: 23%
[30Apr2025 15:12:08.836] [Worker-Main-5/INFO] [net.minecraft.server.level.progress.LoggerChunkProgressListener/]: Preparing spawn area: 23%
[30Apr2025 15:12:09.199] [Worker-Main-4/INFO] [net.minecraft.server.level.progress.LoggerChunkProgressListener/]: Preparing spawn area: 23%
[30Apr2025 15:12:09.698] [Worker-Main-4/INFO] [net.minecraft.server.level.progress.LoggerChunkProgressListener/]: Preparing spawn area: 24%
[30Apr2025 15:12:10.194] [Worker-Main-4/INFO] [net.minecraft.server.level.progress.LoggerChunkProgressListener/]: Preparing spawn area: 25%
[30Apr2025 15:12:10.717] [Worker-Main-5/INFO] [net.minecraft.server.level.progress.LoggerChunkProgressListener/]: Preparing spawn area: 27%
[30Apr2025 15:12:11.194] [Worker-Main-3/INFO] [net.minecraft.server.level.progress.LoggerChunkProgressListener/]: Preparing spawn area: 28%
[30Apr2025 15:12:11.709] [Worker-Main-5/INFO] [net.minecraft.server.level.progress.LoggerChunkProgressListener/]: Preparing spawn area: 30%
[30Apr2025 15:12:12.197] [Worker-Main-4/INFO] [net.minecraft.server.level.progress.LoggerChunkProgressListener/]: Preparing spawn area: 31%
[30Apr2025 15:12:12.697] [Worker-Main-5/INFO] [net.minecraft.server.level.progress.LoggerChunkProgressListener/]: Preparing spawn area: 32%
[30Apr2025 15:12:13.192] [Worker-Main-3/INFO] [net.minecraft.server.level.progress.LoggerChunkProgressListener/]: Preparing spawn area: 32%
[30Apr2025 15:12:13.814] [Worker-Main-5/INFO] [net.minecraft.server.level.progress.LoggerChunkProgressListener/]: Preparing spawn area: 33%
[30Apr2025 15:12:14.192] [Worker-Main-3/INFO] [net.minecraft.server.level.progress.LoggerChunkProgressListener/]: Preparing spawn area: 34%
[30Apr2025 15:12:14.698] [Worker-Main-4/INFO] [net.minecraft.server.level.progress.LoggerChunkProgressListener/]: Preparing spawn area: 35%
[30Apr2025 15:12:15.201] [Worker-Main-4/INFO] [net.minecraft.server.level.progress.LoggerChunkProgressListener/]: Preparing spawn area: 36%
[30Apr2025 15:12:15.690] [Worker-Main-3/INFO] [net.minecraft.server.level.progress.LoggerChunkProgressListener/]: Preparing spawn area: 38%
[30Apr2025 15:12:16.198] [Worker-Main-5/INFO] [net.minecraft.server.level.progress.LoggerChunkProgressListener/]: Preparing spawn area: 39%
[30Apr2025 15:12:16.705] [Worker-Main-5/INFO] [net.minecraft.server.level.progress.LoggerChunkProgressListener/]: Preparing spawn area: 41%
[30Apr2025 15:12:17.198] [Worker-Main-3/INFO] [net.minecraft.server.level.progress.LoggerChunkProgressListener/]: Preparing spawn area: 42%
[30Apr2025 15:12:17.815] [Worker-Main-3/INFO] [net.minecraft.server.level.progress.LoggerChunkProgressListener/]: Preparing spawn area: 42%
[30Apr2025 15:12:18.198] [Worker-Main-3/INFO] [net.minecraft.server.level.progress.LoggerChunkProgressListener/]: Preparing spawn area: 42%
[30Apr2025 15:12:18.733] [Worker-Main-3/INFO] [net.minecraft.server.level.progress.LoggerChunkProgressListener/]: Preparing spawn area: 43%
[30Apr2025 15:12:19.194] [Worker-Main-5/INFO] [net.minecraft.server.level.progress.LoggerChunkProgressListener/]: Preparing spawn area: 44%
[30Apr2025 15:12:19.699] [Worker-Main-4/INFO] [net.minecraft.server.level.progress.LoggerChunkProgressListener/]: Preparing spawn area: 45%
[30Apr2025 15:12:20.201] [Worker-Main-4/INFO] [net.minecraft.server.level.progress.LoggerChunkProgressListener/]: Preparing spawn area: 47%
[30Apr2025 15:12:20.691] [Worker-Main-3/INFO] [net.minecraft.server.level.progress.LoggerChunkProgressListener/]: Preparing spawn area: 49%
[30Apr2025 15:12:21.212] [Worker-Main-4/INFO] [net.minecraft.server.level.progress.LoggerChunkProgressListener/]: Preparing spawn area: 50%
[30Apr2025 15:12:21.697] [Worker-Main-3/INFO] [net.minecraft.server.level.progress.LoggerChunkProgressListener/]: Preparing spawn area: 52%
[30Apr2025 15:12:22.194] [Worker-Main-5/INFO] [net.minecraft.server.level.progress.LoggerChunkProgressListener/]: Preparing spawn area: 53%
[30Apr2025 15:12:22.690] [Worker-Main-4/INFO] [net.minecraft.server.level.progress.LoggerChunkProgressListener/]: Preparing spawn area: 54%
[30Apr2025 15:12:23.198] [Worker-Main-3/INFO] [net.minecraft.server.level.progress.LoggerChunkProgressListener/]: Preparing spawn area: 55%
[30Apr2025 15:12:23.712] [Worker-Main-5/INFO] [net.minecraft.server.level.progress.LoggerChunkProgressListener/]: Preparing spawn area: 55%
[30Apr2025 15:12:24.198] [Worker-Main-3/INFO] [net.minecraft.server.level.progress.LoggerChunkProgressListener/]: Preparing spawn area: 56%
[30Apr2025 15:12:24.693] [Worker-Main-3/INFO] [net.minecraft.server.level.progress.LoggerChunkProgressListener/]: Preparing spawn area: 57%
[30Apr2025 15:12:25.191] [Worker-Main-3/INFO] [net.minecraft.server.level.progress.LoggerChunkProgressListener/]: Preparing spawn area: 58%
[30Apr2025 15:12:25.748] [Worker-Main-3/INFO] [net.minecraft.server.level.progress.LoggerChunkProgressListener/]: Preparing spawn area: 60%
[30Apr2025 15:12:26.206] [Worker-Main-5/INFO] [net.minecraft.server.level.progress.LoggerChunkProgressListener/]: Preparing spawn area: 62%
[30Apr2025 15:12:26.700] [Worker-Main-4/INFO] [net.minecraft.server.level.progress.LoggerChunkProgressListener/]: Preparing spawn area: 64%
[30Apr2025 15:12:27.214] [Worker-Main-5/INFO] [net.minecraft.server.level.progress.LoggerChunkProgressListener/]: Preparing spawn area: 65%
[30Apr2025 15:12:27.695] [Worker-Main-5/INFO] [net.minecraft.server.level.progress.LoggerChunkProgressListener/]: Preparing spawn area: 66%
[30Apr2025 15:12:28.198] [Worker-Main-3/INFO] [net.minecraft.server.level.progress.LoggerChunkProgressListener/]: Preparing spawn area: 67%
[30Apr2025 15:12:28.749] [Worker-Main-3/INFO] [net.minecraft.server.level.progress.LoggerChunkProgressListener/]: Preparing spawn area: 68%
[30Apr2025 15:12:29.195] [Worker-Main-4/INFO] [net.minecraft.server.level.progress.LoggerChunkProgressListener/]: Preparing spawn area: 69%
[30Apr2025 15:12:29.706] [Worker-Main-4/INFO] [net.minecraft.server.level.progress.LoggerChunkProgressListener/]: Preparing spawn area: 69%
[30Apr2025 15:12:30.219] [Worker-Main-3/INFO] [net.minecraft.server.level.progress.LoggerChunkProgressListener/]: Preparing spawn area: 71%
[30Apr2025 15:12:30.696] [Worker-Main-4/INFO] [net.minecraft.server.level.progress.LoggerChunkProgressListener/]: Preparing spawn area: 71%
[30Apr2025 15:12:31.220] [Worker-Main-3/INFO] [net.minecraft.server.level.progress.LoggerChunkProgressListener/]: Preparing spawn area: 73%
[30Apr2025 15:12:31.692] [Worker-Main-4/INFO] [net.minecraft.server.level.progress.LoggerChunkProgressListener/]: Preparing spawn area: 75%
[30Apr2025 15:12:32.191] [Worker-Main-5/INFO] [net.minecraft.server.level.progress.LoggerChunkProgressListener/]: Preparing spawn area: 77%
[30Apr2025 15:12:32.699] [Worker-Main-4/INFO] [net.minecraft.server.level.progress.LoggerChunkProgressListener/]: Preparing spawn area: 78%
[30Apr2025 15:12:33.218] [Worker-Main-3/INFO] [net.minecraft.server.level.progress.LoggerChunkProgressListener/]: Preparing spawn area: 80%
[30Apr2025 15:12:33.705] [Worker-Main-3/INFO] [net.minecraft.server.level.progress.LoggerChunkProgressListener/]: Preparing spawn area: 81%
[30Apr2025 15:12:34.224] [Worker-Main-4/INFO] [net.minecraft.server.level.progress.LoggerChunkProgressListener/]: Preparing spawn area: 82%
[30Apr2025 15:12:34.692] [Worker-Main-3/INFO] [net.minecraft.server.level.progress.LoggerChunkProgressListener/]: Preparing spawn area: 83%
[30Apr2025 15:12:35.191] [Worker-Main-5/INFO] [net.minecraft.server.level.progress.LoggerChunkProgressListener/]: Preparing spawn area: 84%
[30Apr2025 15:12:35.720] [Worker-Main-4/INFO] [net.minecraft.server.level.progress.LoggerChunkProgressListener/]: Preparing spawn area: 85%
[30Apr2025 15:12:36.192] [Worker-Main-5/INFO] [net.minecraft.server.level.progress.LoggerChunkProgressListener/]: Preparing spawn area: 86%
[30Apr2025 15:12:36.736] [Worker-Main-3/INFO] [net.minecraft.server.level.progress.LoggerChunkProgressListener/]: Preparing spawn area: 88%
[30Apr2025 15:12:37.192] [Worker-Main-5/INFO] [net.minecraft.server.level.progress.LoggerChunkProgressListener/]: Preparing spawn area: 89%
[30Apr2025 15:12:37.706] [Worker-Main-3/INFO] [net.minecraft.server.level.progress.LoggerChunkProgressListener/]: Preparing spawn area: 91%
[30Apr2025 15:12:38.200] [Worker-Main-5/INFO] [net.minecraft.server.level.progress.LoggerChunkProgressListener/]: Preparing spawn area: 92%
[30Apr2025 15:12:38.698] [Worker-Main-4/INFO] [net.minecraft.server.level.progress.LoggerChunkProgressListener/]: Preparing spawn area: 94%
[30Apr2025 15:12:39.198] [Worker-Main-3/INFO] [net.minecraft.server.level.progress.LoggerChunkProgressListener/]: Preparing spawn area: 95%
[30Apr2025 15:12:39.703] [Worker-Main-5/INFO] [net.minecraft.server.level.progress.LoggerChunkProgressListener/]: Preparing spawn area: 97%
[30Apr2025 15:12:40.212] [Worker-Main-4/INFO] [net.minecraft.server.level.progress.LoggerChunkProgressListener/]: Preparing spawn area: 98%
[30Apr2025 15:12:40.603] [Server thread/INFO] [net.minecraft.server.level.progress.LoggerChunkProgressListener/]: Time elapsed: 51913 ms
[30Apr2025 15:12:40.603] [Server thread/INFO] [net.minecraft.server.dedicated.DedicatedServer/]: Done (74.254s)! For help, type "help"
[30Apr2025 15:12:40.660] [Server thread/INFO] [net.minecraftforge.server.permission.PermissionAPI/]: Successfully initialized permission handler forge:default_handler
[30Apr2025 15:12:40.766] [Server thread/INFO] [net.bettercombat.logic.WeaponRegistry/]: Encoded Weapon Attribute registry size (with package overhead): 73136 bytes (in 8 string chunks with the size of 10000)
[30Apr2025 15:12:40.767] [Server thread/WARN] [voicechat/]: [voicechat] Running in offline mode - Voice chat encryption is not secure!
[30Apr2025 15:12:40.779] [VoiceChatServerThread/INFO] [voicechat/]: [voicechat] Voice chat server started at port 24454
[30Apr2025 15:12:41.743] [Server thread/INFO] [com.github.alexthe666.alexsmobs.AlexsMobs/]: Found Pupfish chunk at 1375 ~ -752 after 39 tries
[30Apr2025 15:12:53.988] [Server thread/INFO] [net.minecraft.server.MinecraftServer/]: [Chunky] Radius changed to 5000.
[30Apr2025 15:12:58.335] [Server thread/INFO] [net.minecraft.server.MinecraftServer/]: [Chunky] A task was already started for this world. To continue running it, type '/chunky continue'. To start a new task, type '/chunky confirm'.
[30Apr2025 15:13:05.880] [Server thread/INFO] [net.minecraft.server.MinecraftServer/]: [Chunky] Task continuing for minecraft:overworld.
[30Apr2025 15:13:14.279] [Server thread/INFO] [net.minecraft.server.MinecraftServer/]: [Chunky] Task running for minecraft:overworld. Processed: 88825 chunks (22.59%), ETA: 7:06:01, Rate: 11.9 cps, Current: 189, -21
[30Apr2025 15:13:15.406] [Server thread/INFO] [net.minecraft.server.MinecraftServer/]: [Chunky] Task running for minecraft:overworld. Processed: 88829 chunks (22.60%), ETA: 18:17:10, Rate: 4.6 cps, Current: 190, -15
[30Apr2025 15:13:16.432] [Server thread/INFO] [net.minecraft.server.MinecraftServer/]: [Chunky] Task running for minecraft:overworld. Processed: 88842 chunks (22.60%), ETA: 10:20:19, Rate: 8.2 cps, Current: 188, -20
[30Apr2025 15:13:17.510] [Server thread/INFO] [net.minecraft.server.MinecraftServer/]: [Chunky] Task running for minecraft:overworld. Processed: 88852 chunks (22.60%), ETA: 9:55:05, Rate: 8.5 cps, Current: 187, -23
[30Apr2025 15:13:18.632] [Server thread/INFO] [net.minecraft.server.MinecraftServer/]: [Chunky] Task running for minecraft:overworld. Processed: 88860 chunks (22.60%), ETA: 10:20:11, Rate: 8.2 cps, Current: 187, -18
[30Apr2025 15:13:20.239] [Server thread/INFO] [net.minecraft.server.MinecraftServer/]: [Chunky] Task running for minecraft:overworld. Processed: 88866 chunks (22.60%), ETA: 12:03:09, Rate: 7.0 cps, Current: 183, -19
[30Apr2025 15:13:21.317] [Server thread/INFO] [net.minecraft.server.MinecraftServer/]: [Chunky] Task running for minecraft:overworld. Processed: 88870 chunks (22.61%), ETA: 12:57:54, Rate: 6.5 cps, Current: 181, -18
[30Apr2025 15:13:22.366] [Server thread/INFO] [net.minecraft.server.MinecraftServer/]: [Chunky] Task running for minecraft:overworld. Processed: 88872 chunks (22.61%), ETA: 14:14:42, Rate: 5.9 cps, Current: 190, -14
[30Apr2025 15:13:23.370] [Server thread/INFO] [net.minecraft.server.MinecraftServer/]: [Chunky] Task running for minecraft:overworld. Processed: 88884 chunks (22.61%), ETA: 12:50:00, Rate: 6.6 cps, Current: 182, -20
[30Apr2025 15:13:24.381] [Server thread/INFO] [net.minecraft.server.MinecraftServer/]: [Chunky] Task running for minecraft:overworld. Processed: 88897 chunks (22.61%), ETA: 11:43:58, Rate: 7.2 cps, Current: 177, -22
[30Apr2025 15:13:26.094] [Server thread/INFO] [net.minecraft.server.MinecraftServer/]: [Chunky] Task running for minecraft:overworld. Processed: 88915 chunks (22.62%), ETA: 11:00:37, Rate: 7.7 cps, Current: 191, -14
[30Apr2025 15:13:26.679] [Server thread/INFO] [net.minecraft.server.MinecraftServer/]: [Chunky] Task paused for minecraft:overworld.
[30Apr2025 15:13:26.867] [Worker-Main-4/ERROR] [net.minecraft.world.entity.decoration.HangingEntity/]: Hanging entity at invalid position: BlockPos{x=1, y=-58, z=32}
[30Apr2025 15:13:26.868] [Worker-Main-4/ERROR] [net.minecraft.world.entity.decoration.HangingEntity/]: Hanging entity at invalid position: BlockPos{x=1, y=-58, z=36}
[30Apr2025 15:13:27.009] [Chunky-minecraft:overworld Thread/INFO] [net.minecraft.server.MinecraftServer/]: [Chunky] Task stopped for minecraft:overworld.
[30Apr2025 15:13:27.351] [Worker-Main-5/ERROR] [net.minecraft.world.entity.decoration.HangingEntity/]: Hanging entity at invalid position: BlockPos{x=-7, y=-53, z=74}
[30Apr2025 15:13:27.351] [Worker-Main-5/ERROR] [net.minecraft.world.entity.decoration.HangingEntity/]: Hanging entity at invalid position: BlockPos{x=-7, y=-53, z=75}
[30Apr2025 15:13:27.352] [Worker-Main-5/WARN] [net.minecraft.world.entity.ai.attributes.AttributeMap/]: Ignoring unknown attribute 'obscure_api:regeneration'
[30Apr2025 15:13:27.353] [Worker-Main-5/WARN] [net.minecraft.world.entity.ai.attributes.AttributeMap/]: Ignoring unknown attribute 'obscure_api:regeneration'
[30Apr2025 15:13:27.354] [Worker-Main-5/WARN] [net.minecraft.world.entity.ai.attributes.AttributeMap/]: Ignoring unknown attribute 'obscure_api:regeneration'
[30Apr2025 15:13:27.355] [Worker-Main-5/ERROR] [net.minecraft.world.entity.decoration.HangingEntity/]: Hanging entity at invalid position: BlockPos{x=-3, y=-59, z=80}
[30Apr2025 15:13:27.356] [Worker-Main-5/WARN] [net.minecraft.world.entity.ai.attributes.AttributeMap/]: Ignoring unknown attribute 'obscure_api:regeneration'
[30Apr2025 15:13:31.286] [Worker-Main-5/WARN] [net.minecraft.world.entity.ai.attributes.AttributeMap/]: Ignoring unknown attribute 'obscure_api:regeneration'
[30Apr2025 15:13:37.729] [Server thread/INFO] [net.minecraft.server.MinecraftServer/]: [Chunky] Task started in minecraft:overworld for the square region centered at 0, 0 with radius 5000.
[30Apr2025 15:13:39.915] [Server thread/INFO] [net.minecraft.server.MinecraftServer/]: [Chunky] Task running for minecraft:overworld. Processed: 2 chunks (0.00%), ETA: 23:02:29, Rate: 4.7 cps, Current: 0, 4
[30Apr2025 15:13:40.987] [Server thread/INFO] [net.minecraft.server.MinecraftServer/]: [Chunky] Task running for minecraft:overworld. Processed: 9 chunks (0.00%), ETA: 18:07:37, Rate: 6.0 cps, Current: 0, 5
[30Apr2025 15:13:42.078] [Server thread/INFO] [net.minecraft.server.MinecraftServer/]: [Chunky] Task running for minecraft:overworld. Processed: 22 chunks (0.01%), ETA: 12:49:50, Rate: 8.5 cps, Current: 3, 2
[30Apr2025 15:13:43.165] [Server thread/INFO] [net.minecraft.server.MinecraftServer/]: [Chunky] Task running for minecraft:overworld. Processed: 28 chunks (0.01%), ETA: 14:18:58, Rate: 7.6 cps, Current: 0, 6
[30Apr2025 15:13:44.240] [Server thread/INFO] [net.minecraft.server.MinecraftServer/]: [Chunky] Task running for minecraft:overworld. Processed: 39 chunks (0.01%), ETA: 13:17:26, Rate: 8.2 cps, Current: 3, 1
[30Apr2025 15:13:45.259] [Server thread/INFO] [net.minecraft.server.MinecraftServer/]: [Chunky] Task running for minecraft:overworld. Processed: 50 chunks (0.01%), ETA: 12:35:29, Rate: 8.7 cps, Current: 11, 1
[30Apr2025 15:13:46.342] [Server thread/INFO] [net.minecraft.server.MinecraftServer/]: [Chunky] Task running for minecraft:overworld. Processed: 66 chunks (0.02%), ETA: 11:19:49, Rate: 9.6 cps, Current: 13, 5
[30Apr2025 15:13:47.498] [Server thread/INFO] [net.minecraft.server.MinecraftServer/]: [Chunky] Task running for minecraft:overworld. Processed: 87 chunks (0.02%), ETA: 10:02:44, Rate: 10.9 cps, Current: 5, 7
[30Apr2025 15:13:48.568] [Server thread/INFO] [net.minecraft.server.MinecraftServer/]: [Chunky] Task running for minecraft:overworld. Processed: 100 chunks (0.03%), ETA: 9:54:27, Rate: 11.0 cps, Current: 9, 8
[30Apr2025 15:13:49.667] [Server thread/INFO] [net.minecraft.server.MinecraftServer/]: [Chunky] Task running for minecraft:overworld. Processed: 117 chunks (0.03%), ETA: 9:29:35, Rate: 11.5 cps, Current: 8, 10
[30Apr2025 15:13:50.789] [Server thread/INFO] [net.minecraft.server.MinecraftServer/]: [Chunky] Task running for minecraft:overworld. Processed: 128 chunks (0.03%), ETA: 9:38:02, Rate: 11.3 cps, Current: 13, 11
[30Apr2025 15:13:51.929] [Server thread/INFO] [net.minecraft.server.MinecraftServer/]: [Chunky] Task running for minecraft:overworld. Processed: 145 chunks (0.04%), ETA: 9:21:44, Rate: 11.7 cps, Current: 14, 11
[30Apr2025 15:13:53.022] [Server thread/INFO] [net.minecraft.server.MinecraftServer/]: [Chunky] Task running for minecraft:overworld. Processed: 150 chunks (0.04%), ETA: 9:50:44, Rate: 11.1 cps, Current: 14, 14
[30Apr2025 15:13:54.037] [Server thread/INFO] [net.minecraft.server.MinecraftServer/]: [Chunky] Task running for minecraft:overworld. Processed: 183 chunks (0.05%), ETA: 8:40:29, Rate: 12.6 cps, Current: 3, 8
[30Apr2025 15:13:55.089] [Server thread/INFO] [net.minecraft.server.MinecraftServer/]: [Chunky] Task running for minecraft:overworld. Processed: 209 chunks (0.05%), ETA: 8:08:38, Rate: 13.4 cps, Current: 1, 14
[30Apr2025 15:13:56.245] [Server thread/INFO] [net.minecraft.server.MinecraftServer/]: [Chunky] Task running for minecraft:overworld. Processed: 217 chunks (0.06%), ETA: 8:25:32, Rate: 13.0 cps, Current: 1, 15
[30Apr2025 15:13:57.264] [Server thread/INFO] [net.minecraft.server.MinecraftServer/]: [Chunky] Task running for minecraft:overworld. Processed: 239 chunks (0.06%), ETA: 8:06:53, Rate: 13.4 cps, Current: 6, 16
[30Apr2025 15:13:58.829] [Server thread/INFO] [net.minecraft.server.MinecraftServer/]: [Chunky] Task running for minecraft:overworld. Processed: 251 chunks (0.06%), ETA: 8:24:25, Rate: 13.0 cps, Current: 9, 0
[30Apr2025 15:13:59.908] [Server thread/INFO] [net.minecraft.server.MinecraftServer/]: [Chunky] Task running for minecraft:overworld. Processed: 272 chunks (0.07%), ETA: 8:11:25, Rate: 13.3 cps, Current: 2, 21
[30Apr2025 15:14:00.915] [Server thread/INFO] [net.minecraft.server.MinecraftServer/]: [Chunky] Task running for minecraft:overworld. Processed: 276 chunks (0.07%), ETA: 8:28:11, Rate: 12.9 cps, Current: 1, 23
[30Apr2025 15:14:02.211] [Server thread/INFO] [net.minecraft.server.MinecraftServer/]: [Chunky] Task running for minecraft:overworld. Processed: 286 chunks (0.07%), ETA: 8:40:04, Rate: 12.6 cps, Current: 2, 25
[30Apr2025 15:14:04.810] [Server thread/INFO] [net.minecraft.server.MinecraftServer/]: [Chunky] Task running for minecraft:overworld. Processed: 293 chunks (0.07%), ETA: 9:25:43, Rate: 11.6 cps, Current: 15, 8
[30Apr2025 15:14:06.034] [Server thread/INFO] [net.minecraft.server.MinecraftServer/]: [Chunky] Task running for minecraft:overworld. Processed: 308 chunks (0.08%), ETA: 9:24:10, Rate: 11.6 cps, Current: 3, 24
[30Apr2025 15:14:07.046] [Server thread/INFO] [net.minecraft.server.MinecraftServer/]: [Chunky] Task running for minecraft:overworld. Processed: 322 chunks (0.08%), ETA: 9:20:11, Rate: 11.7 cps, Current: 5, 23
[30Apr2025 15:14:08.100] [Server thread/INFO] [net.minecraft.server.MinecraftServer/]: [Chunky] Task running for minecraft:overworld. Processed: 344 chunks (0.09%), ETA: 9:04:23, Rate: 12.0 cps, Current: 7, 17
[30Apr2025 15:14:13.217] [Server thread/INFO] [net.minecraft.server.MinecraftServer/]: [Chunky] Task running for minecraft:overworld. Processed: 353 chunks (0.09%), ETA: 9:59:45, Rate: 10.9 cps, Current: 9, 24
[30Apr2025 15:14:14.287] [Server thread/INFO] [net.minecraft.server.MinecraftServer/]: [Chunky] Task running for minecraft:overworld. Processed: 366 chunks (0.09%), ETA: 9:55:30, Rate: 11.0 cps, Current: 8, 29
[30Apr2025 15:14:15.524] [Server thread/INFO] [net.minecraft.server.MinecraftServer/]: [Chunky] Task running for minecraft:overworld. Processed: 379 chunks (0.10%), ETA: 10:09:44, Rate: 10.7 cps, Current: 11, 27
[30Apr2025 15:14:16.779] [Server thread/INFO] [net.minecraft.server.MinecraftServer/]: [Chunky] Task running for minecraft:overworld. Processed: 387 chunks (0.10%), ETA: 10:36:45, Rate: 10.3 cps, Current: 13, 29
[30Apr2025 15:14:17.945] [Server thread/INFO] [net.minecraft.server.MinecraftServer/]: [Chunky] Task running for minecraft:overworld. Processed: 403 chunks (0.10%), ETA: 10:32:31, Rate: 10.3 cps, Current: 13, 30
[30Apr2025 15:14:18.973] [Server thread/INFO] [net.minecraft.server.MinecraftServer/]: [Chunky] Task running for minecraft:overworld. Processed: 409 chunks (0.10%), ETA: 10:54:40, Rate: 10.0 cps, Current: 14, 23
[30Apr2025 15:14:19.979] [Server thread/INFO] [net.minecraft.server.MinecraftServer/]: [Chunky] Task running for minecraft:overworld. Processed: 446 chunks (0.11%), ETA: 9:58:52, Rate: 10.9 cps, Current: 11, 19
[30Apr2025 15:14:21.024] [Server thread/INFO] [net.minecraft.server.MinecraftServer/]: [Chunky] Task running for minecraft:overworld. Processed: 476 chunks (0.12%), ETA: 9:33:29, Rate: 11.4 cps, Current: 16, 17
[30Apr2025 15:14:22.066] [Server thread/INFO] [net.minecraft.server.MinecraftServer/]: [Chunky] Task running for minecraft:overworld. Processed: 483 chunks (0.12%), ETA: 9:29:03, Rate: 11.5 cps, Current: 0, 23
[30Apr2025 15:14:23.260] [Server thread/INFO] [net.minecraft.server.MinecraftServer/]: [Chunky] Task running for minecraft:overworld. Processed: 494 chunks (0.13%), ETA: 10:12:54, Rate: 10.7 cps, Current: 22, 17
[30Apr2025 15:14:24.521] [Server thread/INFO] [net.minecraft.server.MinecraftServer/]: [Chunky] Task running for minecraft:overworld. Processed: 511 chunks (0.13%), ETA: 10:35:38, Rate: 10.3 cps, Current: 21, 21
[30Apr2025 15:14:25.541] [Server thread/INFO] [net.minecraft.server.MinecraftServer/]: [Chunky] Task running for minecraft:overworld. Processed: 519 chunks (0.13%), ETA: 10:32:40, Rate: 10.3 cps, Current: 18, 20
[30Apr2025 15:14:26.660] [Server thread/INFO] [net.minecraft.server.MinecraftServer/]: [Chunky] Task running for minecraft:overworld. Processed: 542 chunks (0.14%), ETA: 10:32:42, Rate: 10.3 cps, Current: 18, 25
[30Apr2025 15:14:27.793] [Server thread/INFO] [net.minecraft.server.MinecraftServer/]: [Chunky] Task running for minecraft:overworld. Processed: 554 chunks (0.14%), ETA: 10:23:23, Rate: 10.5 cps, Current: 16, 30
[30Apr2025 15:14:28.945] [Server thread/INFO] [net.minecraft.server.MinecraftServer/]: [Chunky] Task running for minecraft:overworld. Processed: 570 chunks (0.14%), ETA: 10:35:22, Rate: 10.3 cps, Current: 19, 29
[30Apr2025 15:14:29.971] [Server thread/INFO] [net.minecraft.server.MinecraftServer/]: [Chunky] Task running for minecraft:overworld. Processed: 591 chunks (0.15%), ETA: 10:01:33, Rate: 10.9 cps, Current: 22, 28
[30Apr2025 15:14:31.000] [Server thread/INFO] [net.minecraft.server.MinecraftServer/]: [Chunky] Task running for minecraft:overworld. Processed: 598 chunks (0.15%), ETA: 10:01:42, Rate: 10.9 cps, Current: 3, 31
[30Apr2025 15:14:32.201] [Server thread/INFO] [net.minecraft.server.MinecraftServer/]: [Chunky] Task running for minecraft:overworld. Processed: 606 chunks (0.15%), ETA: 10:11:10, Rate: 10.7 cps, Current: 26, 25
[30Apr2025 15:14:33.315] [Server thread/INFO] [net.minecraft.server.MinecraftServer/]: [Chunky] Task running for minecraft:overworld. Processed: 626 chunks (0.16%), ETA: 9:18:16, Rate: 11.7 cps, Current: 26, 29
[30Apr2025 15:14:34.318] [Server thread/INFO] [net.minecraft.server.MinecraftServer/]: [Chunky] Task running for minecraft:overworld. Processed: 634 chunks (0.16%), ETA: 9:24:24, Rate: 11.6 cps, Current: 28, 30
[30Apr2025 15:14:35.322] [Server thread/INFO] [net.minecraft.server.MinecraftServer/]: [Chunky] Task running for minecraft:overworld. Processed: 636 chunks (0.16%), ETA: 9:42:20, Rate: 11.2 cps, Current: 29, 30
[30Apr2025 15:14:36.405] [Server thread/INFO] [net.minecraft.server.MinecraftServer/]: [Chunky] Task running for minecraft:overworld. Processed: 648 chunks (0.16%), ETA: 9:47:18, Rate: 11.1 cps, Current: 27, 27
[30Apr2025 15:14:37.408] [Server thread/INFO] [net.minecraft.server.MinecraftServer/]: [Chunky] Task running for minecraft:overworld. Processed: 662 chunks (0.17%), ETA: 10:00:56, Rate: 10.9 cps, Current: 25, 24
[30Apr2025 15:14:38.439] [Server thread/INFO] [net.minecraft.server.MinecraftServer/]: [Chunky] Task running for minecraft:overworld. Processed: 675 chunks (0.17%), ETA: 8:30:45, Rate: 12.8 cps, Current: 27, 22
[30Apr2025 15:14:39.441] [Server thread/INFO] [net.minecraft.server.MinecraftServer/]: [Chunky] Task running for minecraft:overworld. Processed: 699 chunks (0.18%), ETA: 8:14:17, Rate: 13.2 cps, Current: 25, 19
[30Apr2025 15:14:40.447] [Server thread/INFO] [net.minecraft.server.MinecraftServer/]: [Chunky] Task running for minecraft:overworld. Processed: 718 chunks (0.18%), ETA: 8:06:34, Rate: 13.4 cps, Current: 29, 20
[30Apr2025 15:14:41.457] [Server thread/INFO] [net.minecraft.server.MinecraftServer/]: [Chunky] Task running for minecraft:overworld. Processed: 731 chunks (0.19%), ETA: 8:07:17, Rate: 13.4 cps, Current: 26, 16
[30Apr2025 15:14:42.852] [Server thread/INFO] [net.minecraft.server.MinecraftServer/]: [Chunky] Task running for minecraft:overworld. Processed: 742 chunks (0.19%), ETA: 8:16:56, Rate: 13.2 cps, Current: 30, 14
[30Apr2025 15:14:43.861] [Server thread/INFO] [net.minecraft.server.MinecraftServer/]: [Chunky] Task running for minecraft:overworld. Processed: 751 chunks (0.19%), ETA: 8:21:02, Rate: 13.1 cps, Current: 29, 12
[30Apr2025 15:14:44.977] [Server thread/INFO] [net.minecraft.server.MinecraftServer/]: [Chunky] Task running for minecraft:overworld. Processed: 764 chunks (0.19%), ETA: 8:18:58, Rate: 13.1 cps, Current: 27, 9
[30Apr2025 15:14:46.019] [Server thread/INFO] [net.minecraft.server.MinecraftServer/]: [Chunky] Task running for minecraft:overworld. Processed: 786 chunks (0.20%), ETA: 7:58:00, Rate: 13.7 cps, Current: 22, 31
[30Apr2025 15:14:47.033] [Server thread/INFO] [net.minecraft.server.MinecraftServer/]: [Chunky] Task running for minecraft:overworld. Processed: 801 chunks (0.20%), ETA: 7:56:41, Rate: 13.7 cps, Current: 21, 13
[30Apr2025 15:14:48.067] [Server thread/INFO] [net.minecraft.server.MinecraftServer/]: [Chunky] Task running for minecraft:overworld. Processed: 831 chunks (0.21%), ETA: 7:29:42, Rate: 14.5 cps, Current: 16, 11
[30Apr2025 15:14:49.565] [Server thread/INFO] [net.minecraft.server.MinecraftServer/]: [Chunky] Task running for minecraft:overworld. Processed: 858 chunks (0.22%), ETA: 7:48:20, Rate: 14.0 cps, Current: 22, 8
[30Apr2025 15:14:50.565] [Server thread/INFO] [net.minecraft.server.MinecraftServer/]: [Chunky] Task running for minecraft:overworld. Processed: 890 chunks (0.23%), ETA: 7:45:21, Rate: 14.0 cps, Current: 17, 3
[30Apr2025 15:14:51.567] [Server thread/INFO] [net.minecraft.server.MinecraftServer/]: [Chunky] Task running for minecraft:overworld. Processed: 904 chunks (0.23%), ETA: 7:36:59, Rate: 14.3 cps, Current: 20, 3
[30Apr2025 15:14:53.100] [Server thread/INFO] [net.minecraft.server.MinecraftServer/]: [Chunky] Task running for minecraft:overworld. Processed: 925 chunks (0.24%), ETA: 7:31:32, Rate: 14.5 cps, Current: 25, 8
[30Apr2025 15:14:54.147] [Server thread/INFO] [net.minecraft.server.MinecraftServer/]: [Chunky] Task running for minecraft:overworld. Processed: 948 chunks (0.24%), ETA: 7:22:05, Rate: 14.8 cps, Current: 27, 5
[30Apr2025 15:14:55.181] [Server thread/INFO] [net.minecraft.server.MinecraftServer/]: [Chunky] Task running for minecraft:overworld. Processed: 968 chunks (0.25%), ETA: 7:10:29, Rate: 15.2 cps, Current: 27, 3
[30Apr2025 15:14:56.993] [Server thread/INFO] [net.minecraft.server.MinecraftServer/]: [Chunky] Task running for minecraft:overworld. Processed: 981 chunks (0.25%), ETA: 7:25:54, Rate: 14.7 cps, Current: 31, 28
[30Apr2025 15:14:58.011] [Server thread/INFO] [net.minecraft.server.MinecraftServer/]: [Chunky] Task running for minecraft:overworld. Processed: 994 chunks (0.25%), ETA: 7:26:58, Rate: 14.6 cps, Current: 31, 9
[30Apr2025 15:14:59.206] [Server thread/INFO] [net.minecraft.server.MinecraftServer/]: [Chunky] Task running for minecraft:overworld. Processed: 1019 chunks (0.26%), ETA: 7:25:20, Rate: 14.7 cps, Current: 33, 4
[30Apr2025 15:15:00.210] [Server thread/INFO] [net.minecraft.server.MinecraftServer/]: [Chunky] Task running for minecraft:overworld. Processed: 1030 chunks (0.26%), ETA: 7:20:51, Rate: 14.8 cps, Current: 35, 6
[30Apr2025 15:15:01.232] [Server thread/INFO] [net.minecraft.server.MinecraftServer/]: [Chunky] Task running for minecraft:overworld. Processed: 1034 chunks (0.26%), ETA: 7:22:14, Rate: 14.8 cps, Current: 36, 6
[30Apr2025 15:15:02.417] [Server thread/INFO] [net.minecraft.server.MinecraftServer/]: [Chunky] Task running for minecraft:overworld. Processed: 1048 chunks (0.27%), ETA: 7:29:35, Rate: 14.5 cps, Current: 37, 1
[30Apr2025 15:15:03.432] [Server thread/INFO] [net.minecraft.server.MinecraftServer/]: [Chunky] Task running for minecraft:overworld. Processed: 1055 chunks (0.27%), ETA: 7:30:48, Rate: 14.5 cps, Current: 41, 2
[30Apr2025 15:15:04.495] [Server thread/INFO] [net.minecraft.server.MinecraftServer/]: [Chunky] Task running for minecraft:overworld. Processed: 1059 chunks (0.27%), ETA: 7:29:36, Rate: 14.5 cps, Current: 16, 0
[30Apr2025 15:15:05.535] [Server thread/INFO] [net.minecraft.server.MinecraftServer/]: [Chunky] Task running for minecraft:overworld. Processed: 1069 chunks (0.27%), ETA: 7:31:03, Rate: 14.5 cps, Current: 46, 1
[30Apr2025 15:15:06.605] [Server thread/INFO] [net.minecraft.server.MinecraftServer/]: [Chunky] Task running for minecraft:overworld. Processed: 1084 chunks (0.28%), ETA: 7:31:01, Rate: 14.5 cps, Current: 44, 4
[30Apr2025 15:15:07.620] [Server thread/INFO] [net.minecraft.server.MinecraftServer/]: [Chunky] Task running for minecraft:overworld. Processed: 1099 chunks (0.28%), ETA: 7:28:37, Rate: 14.6 cps, Current: 39, 6
[30Apr2025 15:15:08.653] [Server thread/INFO] [net.minecraft.server.MinecraftServer/]: [Chunky] Task running for minecraft:overworld. Processed: 1120 chunks (0.28%), ETA: 7:32:15, Rate: 14.4 cps, Current: 41, 7
[30Apr2025 15:15:09.712] [Server thread/INFO] [net.minecraft.server.MinecraftServer/]: [Chunky] Task running for minecraft:overworld. Processed: 1137 chunks (0.29%), ETA: 7:35:13, Rate: 14.4 cps, Current: 46, 7
[30Apr2025 15:15:10.987] [Server thread/INFO] [net.minecraft.server.MinecraftServer/]: [Chunky] Task running for minecraft:overworld. Processed: 1148 chunks (0.29%), ETA: 7:41:32, Rate: 14.2 cps, Current: 46, 13
[30Apr2025 15:15:12.055] [Server thread/INFO] [net.minecraft.server.MinecraftServer/]: [Chunky] Task running for minecraft:overworld. Processed: 1167 chunks (0.30%), ETA: 7:27:49, Rate: 14.6 cps, Current: 42, 13
[30Apr2025 15:15:13.066] [Server thread/INFO] [net.minecraft.server.MinecraftServer/]: [Chunky] Task running for minecraft:overworld. Processed: 1178 chunks (0.30%), ETA: 7:25:45, Rate: 14.7 cps, Current: 40, 14
[30Apr2025 15:15:14.078] [Server thread/INFO] [net.minecraft.server.MinecraftServer/]: [Chunky] Task running for minecraft:overworld. Processed: 1239 chunks (0.32%), ETA: 6:39:17, Rate: 16.4 cps, Current: 36, 0
[30Apr2025 15:15:15.081] [Server thread/INFO] [net.minecraft.server.MinecraftServer/]: [Chunky] Task running for minecraft:overworld. Processed: 1258 chunks (0.32%), ETA: 6:41:16, Rate: 16.3 cps, Current: 38, 15
[30Apr2025 15:15:16.512] [Server thread/INFO] [net.minecraft.server.MinecraftServer/]: [Chunky] Task running for minecraft:overworld. Processed: 1273 chunks (0.32%), ETA: 6:47:01, Rate: 16.0 cps, Current: 36, 20
[30Apr2025 15:15:17.582] [Server thread/INFO] [net.minecraft.server.MinecraftServer/]: [Chunky] Task running for minecraft:overworld. Processed: 1284 chunks (0.33%), ETA: 7:04:34, Rate: 15.4 cps, Current: 35, 22
[30Apr2025 15:15:18.641] [Server thread/INFO] [net.minecraft.server.MinecraftServer/]: [Chunky] Task running for minecraft:overworld. Processed: 1307 chunks (0.33%), ETA: 7:01:56, Rate: 15.5 cps, Current: 34, 24
[30Apr2025 15:15:19.688] [Server thread/INFO] [net.minecraft.server.MinecraftServer/]: [Chunky] Task running for minecraft:overworld. Processed: 1322 chunks (0.34%), ETA: 7:18:12, Rate: 14.9 cps, Current: 33, 27
[30Apr2025 15:15:20.713] [Server thread/INFO] [net.minecraft.server.MinecraftServer/]: [Chunky] Task running for minecraft:overworld. Processed: 1336 chunks (0.34%), ETA: 7:19:32, Rate: 14.9 cps, Current: 35, 28
[30Apr2025 15:15:21.908] [Server thread/INFO] [net.minecraft.server.MinecraftServer/]: [Chunky] Task running for minecraft:overworld. Processed: 1347 chunks (0.34%), ETA: 7:24:41, Rate: 14.7 cps, Current: 38, 26
[30Apr2025 15:15:22.964] [Server thread/INFO] [net.minecraft.server.MinecraftServer/]: [Chunky] Task running for minecraft:overworld. Processed: 1373 chunks (0.35%), ETA: 7:14:15, Rate: 15.0 cps, Current: 40, 24
[30Apr2025 15:15:23.987] [Server thread/INFO] [net.minecraft.server.MinecraftServer/]: [Chunky] Task running for minecraft:overworld. Processed: 1384 chunks (0.35%), ETA: 7:25:49, Rate: 14.6 cps, Current: 42, 24
[30Apr2025 15:15:25.019] [Server thread/INFO] [net.minecraft.server.MinecraftServer/]: [Chunky] Task running for minecraft:overworld. Processed: 1399 chunks (0.36%), ETA: 7:30:57, Rate: 14.5 cps, Current: 42, 28
[30Apr2025 15:15:26.478] [Server thread/INFO] [net.minecraft.server.MinecraftServer/]: [Chunky] Task running for minecraft:overworld. Processed: 1411 chunks (0.36%), ETA: 7:26:36, Rate: 14.6 cps, Current: 45, 29
[30Apr2025 15:15:27.989] [Server thread/INFO] [net.minecraft.server.MinecraftServer/]: [Chunky] Task running for minecraft:overworld. Processed: 1426 chunks (0.36%), ETA: 7:31:58, Rate: 14.4 cps, Current: 46, 24
[30Apr2025 15:15:29.011] [Server thread/INFO] [net.minecraft.server.MinecraftServer/]: [Chunky] Task running for minecraft:overworld. Processed: 1454 chunks (0.37%), ETA: 7:26:15, Rate: 14.6 cps, Current: 43, 21
[30Apr2025 15:15:30.012] [Server thread/INFO] [net.minecraft.server.MinecraftServer/]: [Chunky] Task running for minecraft:overworld. Processed: 1501 chunks (0.38%), ETA: 6:52:07, Rate: 15.8 cps, Current: 47, 15
[30Apr2025 15:15:31.143] [Server thread/INFO] [net.minecraft.server.MinecraftServer/]: [Chunky] Task running for minecraft:overworld. Processed: 1508 chunks (0.38%), ETA: 6:51:00, Rate: 15.9 cps, Current: 47, 18
[30Apr2025 15:15:32.197] [Server thread/INFO] [net.minecraft.server.MinecraftServer/]: [Chunky] Task running for minecraft:overworld. Processed: 1517 chunks (0.39%), ETA: 6:53:32, Rate: 15.8 cps, Current: 53, 17
[30Apr2025 15:15:33.201] [Server thread/INFO] [net.minecraft.server.MinecraftServer/]: [Chunky] Task running for minecraft:overworld. Processed: 1530 chunks (0.39%), ETA: 6:48:10, Rate: 16.0 cps, Current: 52, 20
[30Apr2025 15:15:34.209] [Server thread/INFO] [net.minecraft.server.MinecraftServer/]: [Chunky] Task running for minecraft:overworld. Processed: 1555 chunks (0.40%), ETA: 6:30:10, Rate: 16.7 cps, Current: 32, 31
[30Apr2025 15:15:35.351] [Server thread/INFO] [net.minecraft.server.MinecraftServer/]: [Chunky] Task running for minecraft:overworld. Processed: 1577 chunks (0.40%), ETA: 6:22:15, Rate: 17.1 cps, Current: 47, 29
[30Apr2025 15:15:36.356] [Server thread/INFO] [net.minecraft.server.MinecraftServer/]: [Chunky] Task running for minecraft:overworld. Processed: 1596 chunks (0.41%), ETA: 6:18:26, Rate: 17.2 cps, Current: 52, 23
[30Apr2025 15:15:37.393] [Server thread/INFO] [net.minecraft.server.MinecraftServer/]: [Chunky] Task running for minecraft:overworld. Processed: 1617 chunks (0.41%), ETA: 6:14:19, Rate: 17.4 cps, Current: 54, 26
[30Apr2025 15:15:38.434] [Server thread/INFO] [net.minecraft.server.MinecraftServer/]: [Chunky] Task running for minecraft:overworld. Processed: 1622 chunks (0.41%), ETA: 6:26:19, Rate: 16.9 cps, Current: 35, 31
[30Apr2025 15:15:39.455] [Server thread/INFO] [net.minecraft.server.MinecraftServer/]: [Chunky] Task running for minecraft:overworld. Processed: 1641 chunks (0.42%), ETA: 6:24:16, Rate: 17.0 cps, Current: 56, 29
[30Apr2025 15:15:40.577] [Server thread/INFO] [net.minecraft.server.MinecraftServer/]: [Chunky] Task running for minecraft:overworld. Processed: 1653 chunks (0.42%), ETA: 6:21:32, Rate: 17.1 cps, Current: 41, 31
[30Apr2025 15:15:41.732] [Server thread/INFO] [net.minecraft.server.MinecraftServer/]: [Chunky] Task running for minecraft:overworld. Processed: 1663 chunks (0.42%), ETA: 6:29:35, Rate: 16.7 cps, Current: 46, 31
[30Apr2025 15:15:42.793] [Server thread/INFO] [net.minecraft.server.MinecraftServer/]: [Chunky] Task running for minecraft:overworld. Processed: 1685 chunks (0.43%), ETA: 6:21:46, Rate: 17.1 cps, Current: 62, 26
[30Apr2025 15:15:43.806] [Server thread/INFO] [net.minecraft.server.MinecraftServer/]: [Chunky] Task running for minecraft:overworld. Processed: 1698 chunks (0.43%), ETA: 7:01:36, Rate: 15.5 cps, Current: 61, 22
[30Apr2025 15:15:44.968] [Server thread/INFO] [net.minecraft.server.MinecraftServer/]: [Chunky] Task running for minecraft:overworld. Processed: 1729 chunks (0.44%), ETA: 6:53:04, Rate: 15.8 cps, Current: 58, 18
[30Apr2025 15:15:46.078] [Server thread/INFO] [net.minecraft.server.MinecraftServer/]: [Chunky] Task running for minecraft:overworld. Processed: 1750 chunks (0.45%), ETA: 6:43:28, Rate: 16.2 cps, Current: 53, 16
[30Apr2025 15:15:47.258] [Server thread/INFO] [net.minecraft.server.MinecraftServer/]: [Chunky] Task running for minecraft:overworld. Processed: 1763 chunks (0.45%), ETA: 6:43:16, Rate: 16.2 cps, Current: 62, 16
[30Apr2025 15:15:48.456] [Server thread/INFO] [net.minecraft.server.MinecraftServer/]: [Chunky] Task running for minecraft:overworld. Processed: 1769 chunks (0.45%), ETA: 7:00:02, Rate: 15.5 cps, Current: 62, 12
[30Apr2025 15:15:49.474] [Server thread/INFO] [net.minecraft.server.MinecraftServer/]: [Chunky] Task running for minecraft:overworld. Processed: 1786 chunks (0.45%), ETA: 6:57:47, Rate: 15.6 cps, Current: 59, 10
[30Apr2025 15:15:50.565] [Server thread/INFO] [net.minecraft.server.MinecraftServer/]: [Chunky] Task running for minecraft:overworld. Processed: 1810 chunks (0.46%), ETA: 6:49:52, Rate: 15.9 cps, Current: 54, 31
[30Apr2025 15:15:51.569] [Server thread/INFO] [net.minecraft.server.MinecraftServer/]: [Chunky] Task running for minecraft:overworld. Processed: 1834 chunks (0.47%), ETA: 6:36:23, Rate: 16.5 cps, Current: 50, 14
[30Apr2025 15:15:52.588] [Server thread/INFO] [net.minecraft.server.MinecraftServer/]: [Chunky] Task running for minecraft:overworld. Processed: 1864 chunks (0.47%), ETA: 6:32:38, Rate: 16.6 cps, Current: 53, 11
[30Apr2025 15:15:53.613] [Server thread/INFO] [net.minecraft.server.MinecraftServer/]: [Chunky] Task running for minecraft:overworld. Processed: 1883 chunks (0.48%), ETA: 6:26:22, Rate: 16.9 cps, Current: 54, 8
[30Apr2025 15:15:54.672] [Server thread/INFO] [net.minecraft.server.MinecraftServer/]: [Chunky] Task running for minecraft:overworld. Processed: 1915 chunks (0.49%), ETA: 6:13:58, Rate: 17.4 cps, Current: 50, 3
[30Apr2025 15:15:55.824] [Server thread/INFO] [net.minecraft.server.MinecraftServer/]: [Chunky] Task running for minecraft:overworld. Processed: 1934 chunks (0.49%), ETA: 6:05:09, Rate: 17.9 cps, Current: 54, 4
[30Apr2025 15:15:56.998] [Server thread/INFO] [net.minecraft.server.MinecraftServer/]: [Chunky] Task running for minecraft:overworld. Processed: 1949 chunks (0.50%), ETA: 6:00:55, Rate: 18.1 cps, Current: 57, 2
[30Apr2025 15:15:57.999] [Server thread/INFO] [net.minecraft.server.MinecraftServer/]: [Chunky] Task running for minecraft:overworld. Processed: 1977 chunks (0.50%), ETA: 5:54:25, Rate: 18.4 cps, Current: 60, 8
[30Apr2025 15:15:59.078] [Server thread/INFO] [net.minecraft.server.MinecraftServer/]: [Chunky] Task running for minecraft:overworld. Processed: 1997 chunks (0.51%), ETA: 6:00:17, Rate: 18.1 cps, Current: 59, 2
[30Apr2025 15:16:00.324] [Server thread/INFO] [net.minecraft.server.MinecraftServer/]: [Chunky] Task running for minecraft:overworld. Processed: 2003 chunks (0.51%), ETA: 6:23:30, Rate: 17.0 cps, Current: 62, 2
[30Apr2025 15:16:01.331] [Server thread/INFO] [net.minecraft.server.MinecraftServer/]: [Chunky] Task running for minecraft:overworld. Processed: 2007 chunks (0.51%), ETA: 6:26:48, Rate: 16.9 cps, Current: 63, 26
[30Apr2025 15:16:02.385] [Server thread/INFO] [net.minecraft.server.MinecraftServer/]: [Chunky] Task running for minecraft:overworld. Processed: 2016 chunks (0.51%), ETA: 6:30:38, Rate: 16.7 cps, Current: 33, -31
[30Apr2025 15:16:03.690] [Server thread/INFO] [net.minecraft.server.MinecraftServer/]: [Chunky] Task running for minecraft:overworld. Processed: 2024 chunks (0.51%), ETA: 6:48:52, Rate: 15.9 cps, Current: 33, -29
[30Apr2025 15:16:04.785] [Server thread/INFO] [net.minecraft.server.MinecraftServer/]: [Chunky] Task running for minecraft:overworld. Processed: 2037 chunks (0.52%), ETA: 6:56:11, Rate: 15.7 cps, Current: 35, -27
[30Apr2025 15:16:05.788] [Server thread/INFO] [net.minecraft.server.MinecraftServer/]: [Chunky] Task running for minecraft:overworld. Processed: 2046 chunks (0.52%), ETA: 7:05:21, Rate: 15.3 cps, Current: 37, -27
[30Apr2025 15:16:06.882] [Server thread/INFO] [net.minecraft.server.MinecraftServer/]: [Chunky] Task running for minecraft:overworld. Processed: 2067 chunks (0.53%), ETA: 7:06:09, Rate: 15.3 cps, Current: 53, 0
[30Apr2025 15:16:07.889] [Server thread/INFO] [net.minecraft.server.MinecraftServer/]: [Chunky] Task running for minecraft:overworld. Processed: 2079 chunks (0.53%), ETA: 6:59:09, Rate: 15.5 cps, Current: 42, -30
[30Apr2025 15:16:09.017] [Server thread/INFO] [net.minecraft.server.MinecraftServer/]: [Chunky] Task running for minecraft:overworld. Processed: 2085 chunks (0.53%), ETA: 7:12:58, Rate: 15.1 cps, Current: 63, 4
[30Apr2025 15:16:10.018] [Server thread/INFO] [net.minecraft.server.MinecraftServer/]: [Chunky] Task running for minecraft:overworld. Processed: 2098 chunks (0.53%), ETA: 7:10:12, Rate: 15.1 cps, Current: 63, 1
[30Apr2025 15:16:11.213] [Server thread/INFO] [net.minecraft.server.MinecraftServer/]: [Chunky] Task running for minecraft:overworld. Processed: 2109 chunks (0.54%), ETA: 7:09:48, Rate: 15.2 cps, Current: 45, -28
[30Apr2025 15:16:13.420] [Server thread/INFO] [net.minecraft.server.MinecraftServer/]: [Chunky] Task running for minecraft:overworld. Processed: 2133 chunks (0.54%), ETA: 7:22:38, Rate: 14.7 cps, Current: 32, -32
[30Apr2025 15:16:14.467] [Server thread/INFO] [net.minecraft.server.MinecraftServer/]: [Chunky] Task running for minecraft:overworld. Processed: 2154 chunks (0.55%), ETA: 7:31:13, Rate: 14.4 cps, Current: 46, -25
[30Apr2025 15:16:15.473] [Server thread/INFO] [net.minecraft.server.MinecraftServer/]: [Chunky] Task running for minecraft:overworld. Processed: 2170 chunks (0.55%), ETA: 7:34:57, Rate: 14.3 cps, Current: 32, -26
[30Apr2025 15:16:16.518] [Server thread/INFO] [net.minecraft.server.MinecraftServer/]: [Chunky] Task running for minecraft:overworld. Processed: 2181 chunks (0.55%), ETA: 7:35:01, Rate: 14.3 cps, Current: 45, -19
[30Apr2025 15:16:17.597] [Server thread/INFO] [net.minecraft.server.MinecraftServer/]: [Chunky] Task running for minecraft:overworld. Processed: 2198 chunks (0.56%), ETA: 7:21:33, Rate: 14.8 cps, Current: 40, -24
[30Apr2025 15:16:18.650] [Server thread/INFO] [net.minecraft.server.MinecraftServer/]: [Chunky] Task running for minecraft:overworld. Processed: 2220 chunks (0.56%), ETA: 7:16:57, Rate: 14.9 cps, Current: 37, -23
[30Apr2025 15:16:19.660] [Server thread/INFO] [net.minecraft.server.MinecraftServer/]: [Chunky] Task running for minecraft:overworld. Processed: 2241 chunks (0.57%), ETA: 7:18:46, Rate: 14.8 cps, Current: 34, -22
[30Apr2025 15:16:20.817] [Server thread/INFO] [net.minecraft.server.MinecraftServer/]: [Chunky] Task running for minecraft:overworld. Processed: 2260 chunks (0.57%), ETA: 7:26:13, Rate: 14.6 cps, Current: 33, -18
[30Apr2025 15:16:21.945] [Server thread/INFO] [net.minecraft.server.MinecraftServer/]: [Chunky] Task running for minecraft:overworld. Processed: 2270 chunks (0.58%), ETA: 7:49:53, Rate: 13.9 cps, Current: 34, -14
[30Apr2025 15:16:23.015] [Server thread/INFO] [net.minecraft.server.MinecraftServer/]: [Chunky] Task running for minecraft:overworld. Processed: 2289 chunks (0.58%), ETA: 7:50:33, Rate: 13.8 cps, Current: 36, -14
[30Apr2025 15:16:24.267] [Server thread/INFO] [net.minecraft.server.MinecraftServer/]: [Chunky] Task running for minecraft:overworld. Processed: 2298 chunks (0.58%), ETA: 8:22:00, Rate: 13.0 cps, Current: 47, -29
[30Apr2025 15:16:25.267] [Server thread/INFO] [net.minecraft.server.MinecraftServer/]: [Chunky] Task running for minecraft:overworld. Processed: 2317 chunks (0.59%), ETA: 8:20:41, Rate: 13.0 cps, Current: 34, -12
[30Apr2025 15:16:26.292] [Server thread/INFO] [net.minecraft.server.MinecraftServer/]: [Chunky] Task running for minecraft:overworld. Processed: 2328 chunks (0.59%), ETA: 8:24:19, Rate: 12.9 cps, Current: 34, -8
[30Apr2025 15:16:27.310] [Server thread/INFO] [net.minecraft.server.MinecraftServer/]: [Chunky] Task running for minecraft:overworld. Processed: 2335 chunks (0.59%), ETA: 8:46:53, Rate: 12.4 cps, Current: 33, -7
[30Apr2025 15:16:28.311] [Server thread/INFO] [net.minecraft.server.MinecraftServer/]: [Chunky] Task running for minecraft:overworld. Processed: 2360 chunks (0.60%), ETA: 8:41:04, Rate: 12.5 cps, Current: 35, -4
[30Apr2025 15:16:29.312] [Server thread/INFO] [net.minecraft.server.MinecraftServer/]: [Chunky] Task running for minecraft:overworld. Processed: 2387 chunks (0.61%), ETA: 8:10:21, Rate: 13.3 cps, Current: 38, -8
[30Apr2025 15:16:30.793] [Server thread/INFO] [net.minecraft.server.MinecraftServer/]: [Chunky] Task running for minecraft:overworld. Processed: 2402 chunks (0.61%), ETA: 8:04:29, Rate: 13.4 cps, Current: 41, -8
[30Apr2025 15:16:31.820] [Server thread/INFO] [net.minecraft.server.MinecraftServer/]: [Chunky] Task running for minecraft:overworld. Processed: 2431 chunks (0.62%), ETA: 7:40:44, Rate: 14.1 cps, Current: 42, -8
[30Apr2025 15:16:33.031] [Server thread/INFO] [net.minecraft.server.MinecraftServer/]: [Chunky] Task running for minecraft:overworld. Processed: 2447 chunks (0.62%), ETA: 7:30:35, Rate: 14.5 cps, Current: 45, -1
[30Apr2025 15:16:34.297] [Server thread/INFO] [net.minecraft.server.MinecraftServer/]: [Chunky] Task running for minecraft:overworld. Processed: 2456 chunks (0.62%), ETA: 7:37:31, Rate: 14.2 cps, Current: 45, -11
[30Apr2025 15:16:35.298] [Server thread/INFO] [net.minecraft.server.MinecraftServer/]: [Chunky] Task running for minecraft:overworld. Processed: 2477 chunks (0.63%), ETA: 7:24:45, Rate: 14.6 cps, Current: 41, -10
[30Apr2025 15:16:36.306] [Server thread/INFO] [net.minecraft.server.MinecraftServer/]: [Chunky] Task running for minecraft:overworld. Processed: 2526 chunks (0.64%), ETA: 6:56:25, Rate: 15.6 cps, Current: 48, -15
[30Apr2025 15:16:37.538] [Server thread/INFO] [net.minecraft.server.MinecraftServer/]: [Chunky] Task running for minecraft:overworld. Processed: 2532 chunks (0.64%), ETA: 7:05:08, Rate: 15.3 cps, Current: 32, -22
[30Apr2025 15:16:38.809] [Server thread/INFO] [net.minecraft.server.MinecraftServer/]: [Chunky] Task running for minecraft:overworld. Processed: 2548 chunks (0.65%), ETA: 6:57:57, Rate: 15.6 cps, Current: 51, -13
[30Apr2025 15:16:39.840] [Server thread/INFO] [net.minecraft.server.MinecraftServer/]: [Chunky] Task running for minecraft:overworld. Processed: 2566 chunks (0.65%), ETA: 6:53:54, Rate: 15.7 cps, Current: 51, -12
[30Apr2025 15:16:40.937] [Server thread/INFO] [net.minecraft.server.MinecraftServer/]: [Chunky] Task running for minecraft:overworld. Processed: 2591 chunks (0.66%), ETA: 6:40:33, Rate: 16.2 cps, Current: 48, -7
[30Apr2025 15:16:41.969] [Server thread/INFO] [net.minecraft.server.MinecraftServer/]: [Chunky] Task running for minecraft:overworld. Processed: 2627 chunks (0.67%), ETA: 6:15:22, Rate: 17.3 cps, Current: 52, -1
[30Apr2025 15:16:43.426] [Server thread/INFO] [net.minecraft.server.MinecraftServer/]: [Chunky] Task running for minecraft:overworld. Processed: 2653 chunks (0.67%), ETA: 6:16:55, Rate: 17.3 cps, Current: 55, -6
[30Apr2025 15:16:44.503] [Server thread/INFO] [net.minecraft.server.MinecraftServer/]: [Chunky] Task running for minecraft:overworld. Processed: 2688 chunks (0.68%), ETA: 6:03:59, Rate: 17.9 cps, Current: 61, -2
[30Apr2025 15:16:45.577] [Server thread/INFO] [net.minecraft.server.MinecraftServer/]: [Chunky] Task running for minecraft:overworld. Processed: 2710 chunks (0.69%), ETA: 5:56:45, Rate: 18.2 cps, Current: 57, -8
[30Apr2025 15:16:46.603] [Server thread/INFO] [net.minecraft.server.MinecraftServer/]: [Chunky] Task running for minecraft:overworld. Processed: 2732 chunks (0.69%), ETA: 5:52:45, Rate: 18.4 cps, Current: 62, -10
[30Apr2025 15:16:47.613] [Server thread/INFO] [net.minecraft.server.MinecraftServer/]: [Chunky] Task running for minecraft:overworld. Processed: 2753 chunks (0.70%), ETA: 5:52:53, Rate: 18.4 cps, Current: 57, -14
[30Apr2025 15:16:48.818] [Server thread/INFO] [net.minecraft.server.MinecraftServer/]: [Chunky] Task running for minecraft:overworld. Processed: 2773 chunks (0.71%), ETA: 5:55:54, Rate: 18.3 cps, Current: 58, -16
[30Apr2025 15:16:50.138] [Server thread/INFO] [net.minecraft.server.MinecraftServer/]: [Chunky] Task running for minecraft:overworld. Processed: 2788 chunks (0.71%), ETA: 6:00:35, Rate: 18.0 cps, Current: 62, -15
[30Apr2025 15:16:51.255] [Server thread/INFO] [net.minecraft.server.MinecraftServer/]: [Chunky] Task running for minecraft:overworld. Processed: 2798 chunks (0.71%), ETA: 6:00:26, Rate: 18.0 cps, Current: 62, -23
[30Apr2025 15:16:52.372] [Server thread/INFO] [net.minecraft.server.MinecraftServer/]: [Chunky] Task running for minecraft:overworld. Processed: 2814 chunks (0.72%), ETA: 6:03:04, Rate: 17.9 cps, Current: 58, -23
[30Apr2025 15:16:53.447] [Server thread/INFO] [net.minecraft.server.MinecraftServer/]: [Chunky] Task running for minecraft:overworld. Processed: 2845 chunks (0.72%), ETA: 5:46:22, Rate: 18.8 cps, Current: 56, -18
[30Apr2025 15:16:54.575] [Server thread/INFO] [net.minecraft.server.MinecraftServer/]: [Chunky] Task running for minecraft:overworld. Processed: 2883 chunks (0.73%), ETA: 5:36:11, Rate: 19.3 cps, Current: 48, -21
[30Apr2025 15:16:55.655] [Server thread/INFO] [net.minecraft.server.MinecraftServer/]: [Chunky] Task running for minecraft:overworld. Processed: 2909 chunks (0.74%), ETA: 5:28:07, Rate: 19.8 cps, Current: 53, -24
[30Apr2025 15:16:56.691] [Server thread/INFO] [net.minecraft.server.MinecraftServer/]: [Chunky] Task running for minecraft:overworld. Processed: 2946 chunks (0.75%), ETA: 5:12:11, Rate: 20.8 cps, Current: 49, -31
[30Apr2025 15:16:57.768] [Server thread/INFO] [net.minecraft.server.MinecraftServer/]: [Chunky] Task running for minecraft:overworld. Processed: 2973 chunks (0.76%), ETA: 5:11:57, Rate: 20.8 cps, Current: 56, -24
[30Apr2025 15:16:58.773] [Server thread/INFO] [net.minecraft.server.MinecraftServer/]: [Chunky] Task running for minecraft:overworld. Processed: 3002 chunks (0.76%), ETA: 5:10:57, Rate: 20.9 cps, Current: 60, -25
[30Apr2025 15:17:01.485] [Server thread/INFO] [net.minecraft.server.MinecraftServer/]: [Chunky] Task running for minecraft:overworld. Processed: 3029 chunks (0.77%), ETA: 5:21:59, Rate: 20.2 cps, Current: 63, -4
[30Apr2025 15:17:02.543] [Server thread/INFO] [net.minecraft.server.MinecraftServer/]: [Chunky] Task running for minecraft:overworld. Processed: 3042 chunks (0.77%), ETA: 5:21:55, Rate: 20.2 cps, Current: 1, -31
[30Apr2025 15:17:03.642] [Server thread/INFO] [net.minecraft.server.MinecraftServer/]: [Chunky] Task running for minecraft:overworld. Processed: 3051 chunks (0.78%), ETA: 5:20:06, Rate: 20.3 cps, Current: 1, -29
[30Apr2025 15:17:04.646] [Server thread/INFO] [net.minecraft.server.MinecraftServer/]: [Chunky] Task running for minecraft:overworld. Processed: 3066 chunks (0.78%), ETA: 5:23:22, Rate: 20.1 cps, Current: 3, -26
[30Apr2025 15:17:05.745] [Server thread/INFO] [net.minecraft.server.MinecraftServer/]: [Chunky] Task running for minecraft:overworld. Processed: 3085 chunks (0.78%), ETA: 5:41:44, Rate: 19.0 cps, Current: 3, -31
[30Apr2025 15:17:06.963] [Server thread/INFO] [net.minecraft.server.MinecraftServer/]: [Chunky] Task running for minecraft:overworld. Processed: 3092 chunks (0.79%), ETA: 5:40:57, Rate: 19.1 cps, Current: 7, -31
[30Apr2025 15:17:08.076] [Server thread/INFO] [net.minecraft.server.MinecraftServer/]: [Chunky] Task running for minecraft:overworld. Processed: 3105 chunks (0.79%), ETA: 5:40:55, Rate: 19.1 cps, Current: 10, -31
[30Apr2025 15:17:09.114] [Server thread/INFO] [net.minecraft.server.MinecraftServer/]: [Chunky] Task running for minecraft:overworld. Processed: 3117 chunks (0.79%), ETA: 5:44:43, Rate: 18.9 cps, Current: 62, -32
[30Apr2025 15:17:10.167] [Server thread/INFO] [net.minecraft.server.MinecraftServer/]: [Chunky] Task running for minecraft:overworld. Processed: 3136 chunks (0.80%), ETA: 5:47:58, Rate: 18.7 cps, Current: 14, -28
[30Apr2025 15:17:11.172] [Server thread/INFO] [net.minecraft.server.MinecraftServer/]: [Chunky] Task running for minecraft:overworld. Processed: 3157 chunks (0.80%), ETA: 5:57:26, Rate: 18.2 cps, Current: 5, -25
[30Apr2025 15:17:12.200] [Server thread/INFO] [net.minecraft.server.MinecraftServer/]: [Chunky] Task running for minecraft:overworld. Processed: 3172 chunks (0.81%), ETA: 5:59:38, Rate: 18.1 cps, Current: 10, -24
[30Apr2025 15:17:13.214] [Server thread/INFO] [net.minecraft.server.MinecraftServer/]: [Chunky] Task running for minecraft:overworld. Processed: 3194 chunks (0.81%), ETA: 5:57:10, Rate: 18.2 cps, Current: 12, -21
[30Apr2025 15:17:14.342] [Server thread/INFO] [net.minecraft.server.MinecraftServer/]: [Chunky] Task running for minecraft:overworld. Processed: 3209 chunks (0.82%), ETA: 6:11:28, Rate: 17.5 cps, Current: 11, -18
[30Apr2025 15:17:15.403] [Server thread/INFO] [net.minecraft.server.MinecraftServer/]: [Chunky] Task running for minecraft:overworld. Processed: 3222 chunks (0.82%), ETA: 6:17:50, Rate: 17.2 cps, Current: 4, -18
[30Apr2025 15:17:16.505] [Server thread/INFO] [net.minecraft.server.MinecraftServer/]: [Chunky] Task running for minecraft:overworld. Processed: 3257 chunks (0.83%), ETA: 6:09:24, Rate: 17.6 cps, Current: 2, -24
[30Apr2025 15:17:17.547] [Server thread/INFO] [net.minecraft.server.MinecraftServer/]: [Chunky] Task running for minecraft:overworld. Processed: 3282 chunks (0.83%), ETA: 6:06:58, Rate: 17.7 cps, Current: 3, -18
[30Apr2025 15:17:18.670] [Server thread/INFO] [net.minecraft.server.MinecraftServer/]: [Chunky] Task running for minecraft:overworld. Processed: 3289 chunks (0.84%), ETA: 6:15:09, Rate: 17.3 cps, Current: 0, -15
[30Apr2025 15:17:19.706] [Server thread/INFO] [net.minecraft.server.MinecraftServer/]: [Chunky] Task running for minecraft:overworld. Processed: 3311 chunks (0.84%), ETA: 6:06:36, Rate: 17.7 cps, Current: 6, -15
[30Apr2025 15:17:20.773] [Server thread/INFO] [net.minecraft.server.MinecraftServer/]: [Chunky] Task running for minecraft:overworld. Processed: 3326 chunks (0.85%), ETA: 6:02:30, Rate: 17.9 cps, Current: 5, -11
[30Apr2025 15:17:21.810] [Server thread/INFO] [net.minecraft.server.MinecraftServer/]: [Chunky] Task running for minecraft:overworld. Processed: 3341 chunks (0.85%), ETA: 6:02:12, Rate: 17.9 cps, Current: 1, -12
[30Apr2025 15:17:23.025] [Server thread/INFO] [net.minecraft.server.MinecraftServer/]: [Chunky] Task running for minecraft:overworld. Processed: 3355 chunks (0.85%), ETA: 6:16:01, Rate: 17.3 cps, Current: 1, -7
[30Apr2025 15:17:24.063] [Server thread/INFO] [net.minecraft.server.MinecraftServer/]: [Chunky] Task running for minecraft:overworld. Processed: 3390 chunks (0.86%), ETA: 6:17:03, Rate: 17.2 cps, Current: 4, -1
[30Apr2025 15:17:25.142] [Server thread/INFO] [net.minecraft.server.MinecraftServer/]: [Chunky] Task running for minecraft:overworld. Processed: 3426 chunks (0.87%), ETA: 6:09:43, Rate: 17.6 cps, Current: 8, -17
[30Apr2025 15:17:26.204] [Server thread/INFO] [net.minecraft.server.MinecraftServer/]: [Chunky] Task running for minecraft:overworld. Processed: 3453 chunks (0.88%), ETA: 6:17:19, Rate: 17.2 cps, Current: 10, -1
[30Apr2025 15:17:27.506] [Server thread/INFO] [net.minecraft.server.MinecraftServer/]: [Chunky] Task running for minecraft:overworld. Processed: 3478 chunks (0.88%), ETA: 6:21:40, Rate: 17.0 cps, Current: 12, -17
[30Apr2025 15:17:28.517] [Server thread/INFO] [net.minecraft.server.MinecraftServer/]: [Chunky] Task running for minecraft:overworld. Processed: 3491 chunks (0.89%), ETA: 6:34:12, Rate: 16.5 cps, Current: 12, -9
[30Apr2025 15:17:29.519] [Server thread/INFO] [net.minecraft.server.MinecraftServer/]: [Chunky] Task running for minecraft:overworld. Processed: 3548 chunks (0.90%), ETA: 5:50:02, Rate: 18.5 cps, Current: 14, -8
[30Apr2025 15:17:30.562] [Server thread/INFO] [net.minecraft.server.MinecraftServer/]: [Chunky] Task running for minecraft:overworld. Processed: 3568 chunks (0.91%), ETA: 5:49:36, Rate: 18.6 cps, Current: 15, -30
[30Apr2025 15:17:31.606] [Server thread/INFO] [net.minecraft.server.MinecraftServer/]: [Chunky] Task running for minecraft:overworld. Processed: 3576 chunks (0.91%), ETA: 5:52:41, Rate: 18.4 cps, Current: 20, -14
[30Apr2025 15:17:32.654] [Server thread/INFO] [net.minecraft.server.MinecraftServer/]: [Chunky] Task running for minecraft:overworld. Processed: 3587 chunks (0.91%), ETA: 5:50:45, Rate: 18.5 cps, Current: 21, -12
[30Apr2025 15:17:33.739] [Server thread/INFO] [net.minecraft.server.MinecraftServer/]: [Chunky] Task running for minecraft:overworld. Processed: 3606 chunks (0.92%), ETA: 5:49:07, Rate: 18.6 cps, Current: 15, -9
[30Apr2025 15:17:34.742] [Server thread/INFO] [net.minecraft.server.MinecraftServer/]: [Chunky] Task running for minecraft:overworld. Processed: 3613 chunks (0.92%), ETA: 5:56:23, Rate: 18.2 cps, Current: 17, -8
[30Apr2025 15:17:35.761] [Server thread/INFO] [net.minecraft.server.MinecraftServer/]: [Chunky] Task running for minecraft:overworld. Processed: 3647 chunks (0.93%), ETA: 5:36:12, Rate: 19.3 cps, Current: 19, -9
[30Apr2025 15:17:36.794] [Server thread/INFO] [net.minecraft.server.MinecraftServer/]: [Chunky] Task running for minecraft:overworld. Processed: 3671 chunks (0.93%), ETA: 5:33:50, Rate: 19.4 cps, Current: 21, -2
[30Apr2025 15:17:38.034] [Server thread/INFO] [net.minecraft.server.MinecraftServer/]: [Chunky] Task running for minecraft:overworld. Processed: 3690 chunks (0.94%), ETA: 5:31:49, Rate: 19.6 cps, Current: 23, -1
[30Apr2025 15:17:39.118] [Server thread/INFO] [net.minecraft.server.MinecraftServer/]: [Chunky] Task running for minecraft:overworld. Processed: 3741 chunks (0.95%), ETA: 5:10:02, Rate: 20.9 cps, Current: 31, -6
[30Apr2025 15:17:40.198] [Server thread/INFO] [net.minecraft.server.MinecraftServer/]: [Chunky] Task running for minecraft:overworld. Processed: 3766 chunks (0.96%), ETA: 5:08:47, Rate: 21.0 cps, Current: 29, -9
[30Apr2025 15:17:41.312] [Server thread/INFO] [net.minecraft.server.MinecraftServer/]: [Chunky] Task running for minecraft:overworld. Processed: 3793 chunks (0.96%), ETA: 5:03:42, Rate: 21.4 cps, Current: 25, -12
[30Apr2025 15:17:42.802] [Server thread/INFO] [net.minecraft.server.MinecraftServer/]: [Chunky] Task running for minecraft:overworld. Processed: 3829 chunks (0.97%), ETA: 5:01:50, Rate: 21.5 cps, Current: 31, -15
[30Apr2025 15:17:43.810] [Server thread/INFO] [net.minecraft.server.MinecraftServer/]: [Chunky] Task running for minecraft:overworld. Processed: 3861 chunks (0.98%), ETA: 4:52:47, Rate: 22.2 cps, Current: 31, -21
[30Apr2025 15:17:44.813] [Server thread/INFO] [net.minecraft.server.MinecraftServer/]: [Chunky] Task running for minecraft:overworld. Processed: 3888 chunks (0.99%), ETA: 4:46:02, Rate: 22.7 cps, Current: 21, -17
[30Apr2025 15:17:45.860] [Server thread/INFO] [net.minecraft.server.MinecraftServer/]: [Chunky] Task running for minecraft:overworld. Processed: 3919 chunks (1.00%), ETA: 4:47:12, Rate: 22.6 cps, Current: 16, -21
[30Apr2025 15:17:46.976] [Server thread/INFO] [net.minecraft.server.MinecraftServer/]: [Chunky] Task running for minecraft:overworld. Processed: 3958 chunks (1.01%), ETA: 4:41:57, Rate: 23.0 cps, Current: 16, -25
[30Apr2025 15:17:48.150] [Server thread/INFO] [net.minecraft.server.MinecraftServer/]: [Chunky] Task running for minecraft:overworld. Processed: 3985 chunks (1.01%), ETA: 4:34:19, Rate: 23.6 cps, Current: 19, -28
[30Apr2025 15:17:49.154] [Server thread/INFO] [net.minecraft.server.MinecraftServer/]: [Chunky] Task running for minecraft:overworld. Processed: 4004 chunks (1.02%), ETA: 4:35:11, Rate: 23.6 cps, Current: 23, -29
[30Apr2025 15:17:50.236] [Server thread/INFO] [net.minecraft.server.MinecraftServer/]: [Chunky] Task running for minecraft:overworld. Processed: 4015 chunks (1.02%), ETA: 4:36:55, Rate: 23.4 cps, Current: 24, -30
[30Apr2025 15:17:51.267] [Server thread/INFO] [net.minecraft.server.MinecraftServer/]: [Chunky] Task running for minecraft:overworld. Processed: 4048 chunks (1.03%), ETA: 4:29:48, Rate: 24.0 cps, Current: 31, -26
[30Apr2025 15:17:53.658] [Server thread/INFO] [net.minecraft.server.MinecraftServer/]: [Chunky] Task running for minecraft:overworld. Processed: 4065 chunks (1.03%), ETA: 4:43:52, Rate: 22.8 cps, Current: 16, -31
[30Apr2025 15:17:55.152] [Server thread/INFO] [net.minecraft.server.MinecraftServer/]: [Chunky] Task running for minecraft:overworld. Processed: 4072 chunks (1.04%), ETA: 5:02:44, Rate: 21.4 cps, Current: 31, -31
[30Apr2025 15:17:56.525] [Server thread/INFO] [net.minecraft.server.players.PlayerList/]: Junjo_2[/127.31.59.216:50567] logged in with entity id 616 at (-231.5, 73.0, 95.5)
[30Apr2025 15:17:56.770] [Server thread/INFO] [net.minecraft.server.MinecraftServer/]: Junjo_2 joined the game
[30Apr2025 15:17:57.147] [Server thread/INFO] [net.minecraft.server.MinecraftServer/]: Junjo_2 has made the advancement [Unearthed Journey!]
[30Apr2025 15:17:57.511] [Server thread/INFO] [net.minecraft.server.MinecraftServer/]: [Chunky] Task running for minecraft:overworld. Processed: 4081 chunks (1.04%), ETA: 5:18:06, Rate: 20.4 cps, Current: -30, -30
[30Apr2025 15:17:57.677] [Server thread/INFO] [voicechat/]: [voicechat] Received secret request of Junjo_2 (18)
[30Apr2025 15:17:57.684] [Server thread/INFO] [voicechat/]: [voicechat] Sent secret to Junjo_2
[30Apr2025 15:17:58.536] [Server thread/INFO] [net.minecraft.server.MinecraftServer/]: [Chunky] Task running for minecraft:overworld. Processed: 4093 chunks (1.04%), ETA: 5:44:35, Rate: 18.8 cps, Current: -29, -26
[30Apr2025 15:17:59.590] [Server thread/INFO] [net.minecraft.server.MinecraftServer/]: [Chunky] Task running for minecraft:overworld. Processed: 4096 chunks (1.04%), ETA: 5:55:46, Rate: 18.2 cps, Current: -28, -27
[30Apr2025 15:18:02.183] [Server thread/INFO] [net.minecraft.server.MinecraftServer/]: [Chunky] Task running for minecraft:overworld. Processed: 4102 chunks (1.04%), ETA: 6:11:01, Rate: 17.5 cps, Current: -26, -26
[30Apr2025 15:18:03.264] [Server thread/INFO] [net.minecraft.server.MinecraftServer/]: [Chunky] Task running for minecraft:overworld. Processed: 4110 chunks (1.05%), ETA: 6:19:03, Rate: 17.1 cps, Current: -29, -30
[30Apr2025 15:18:04.265] [Server thread/INFO] [net.minecraft.server.MinecraftServer/]: [Chunky] Task running for minecraft:overworld. Processed: 4119 chunks (1.05%), ETA: 6:17:32, Rate: 17.2 cps, Current: -24, -31
[30Apr2025 15:18:05.321] [Server thread/INFO] [net.minecraft.server.MinecraftServer/]: [Chunky] Task running for minecraft:overworld. Processed: 4123 chunks (1.05%), ETA: 6:41:47, Rate: 16.1 cps, Current: 17, -32
[30Apr2025 15:18:07.368] [Server thread/INFO] [net.minecraft.server.MinecraftServer/]: [Chunky] Task running for minecraft:overworld. Processed: 4132 chunks (1.05%), ETA: 7:09:18, Rate: 15.1 cps, Current: 22, -32
[30Apr2025 15:18:08.775] [Server thread/INFO] [net.minecraft.server.MinecraftServer/]: [Chunky] Task running for minecraft:overworld. Processed: 4142 chunks (1.05%), ETA: 7:58:16, Rate: 13.6 cps, Current: -21, -31
[30Apr2025 15:18:09.996] [Server thread/INFO] [net.minecraft.server.MinecraftServer/]: [Chunky] Task running for minecraft:overworld. Processed: 4153 chunks (1.06%), ETA: 8:17:53, Rate: 13.0 cps, Current: -21, -30
[30Apr2025 15:18:11.009] [Server thread/INFO] [net.minecraft.server.MinecraftServer/]: [Chunky] Task running for minecraft:overworld. Processed: 4161 chunks (1.06%), ETA: 8:41:44, Rate: 12.4 cps, Current: -19, -30
[30Apr2025 15:18:12.242] [Server thread/INFO] [net.minecraft.server.MinecraftServer/]: [Chunky] Task running for minecraft:overworld. Processed: 4183 chunks (1.06%), ETA: 8:57:36, Rate: 12.1 cps, Current: -24, -24
[30Apr2025 15:18:13.295] [Server thread/INFO] [net.minecraft.server.MinecraftServer/]: [Chunky] Task running for minecraft:overworld. Processed: 4196 chunks (1.07%), ETA: 9:28:48, Rate: 11.4 cps, Current: -20, -24
[30Apr2025 15:18:14.508] [Server thread/INFO] [net.minecraft.server.MinecraftServer/]: [Chunky] Task running for minecraft:overworld. Processed: 4217 chunks (1.07%), ETA: 9:43:16, Rate: 11.1 cps, Current: -19, -20
[30Apr2025 15:18:15.640] [Server thread/INFO] [net.minecraft.server.MinecraftServer/]: [Chunky] Task running for minecraft:overworld. Processed: 4226 chunks (1.07%), ETA: 10:26:42, Rate: 10.3 cps, Current: -20, -18
[30Apr2025 15:18:16.647] [Server thread/INFO] [net.minecraft.server.MinecraftServer/]: [Chunky] Task running for minecraft:overworld. Processed: 4240 chunks (1.08%), ETA: 11:19:32, Rate: 9.5 cps, Current: -23, -18
[30Apr2025 15:18:17.906] [Server thread/INFO] [net.minecraft.server.MinecraftServer/]: [Chunky] Task running for minecraft:overworld. Processed: 4250 chunks (1.08%), ETA: 12:05:01, Rate: 8.9 cps, Current: -27, -25
[30Apr2025 15:18:19.141] [Server thread/INFO] [net.minecraft.server.MinecraftServer/]: [Chunky] Task running for minecraft:overworld. Processed: 4268 chunks (1.09%), ETA: 12:13:22, Rate: 8.8 cps, Current: -32, -32
[30Apr2025 15:18:20.152] [Server thread/INFO] [net.minecraft.server.MinecraftServer/]: [Chunky] Task running for minecraft:overworld. Processed: 4285 chunks (1.09%), ETA: 11:55:24, Rate: 9.1 cps, Current: -30, -25
[30Apr2025 15:18:21.158] [Server thread/INFO] [net.minecraft.server.MinecraftServer/]: [Chunky] Task running for minecraft:overworld. Processed: 4303 chunks (1.09%), ETA: 12:36:38, Rate: 8.6 cps, Current: -28, -18
[30Apr2025 15:18:22.814] [Server thread/INFO] [net.minecraft.server.MinecraftServer/]: [Chunky] Task running for minecraft:overworld. Processed: 4314 chunks (1.10%), ETA: 12:35:46, Rate: 8.6 cps, Current: -31, -16
[30Apr2025 15:18:23.820] [Server thread/INFO] [net.minecraft.server.MinecraftServer/]: [Chunky] Task running for minecraft:overworld. Processed: 4332 chunks (1.10%), ETA: 11:51:46, Rate: 9.1 cps, Current: -25, -15
[30Apr2025 15:18:24.864] [Server thread/INFO] [net.minecraft.server.MinecraftServer/]: [Chunky] Task running for minecraft:overworld. Processed: 4338 chunks (1.10%), ETA: 12:01:06, Rate: 9.0 cps, Current: -25, -13
[30Apr2025 15:18:26.026] [Server thread/INFO] [net.minecraft.server.MinecraftServer/]: [Chunky] Task running for minecraft:overworld. Processed: 4351 chunks (1.11%), ETA: 11:21:47, Rate: 9.5 cps, Current: -27, -11
[30Apr2025 15:18:27.172] [Server thread/INFO] [net.minecraft.server.MinecraftServer/]: [Chunky] Task running for minecraft:overworld. Processed: 4361 chunks (1.11%), ETA: 11:23:56, Rate: 9.5 cps, Current: -30, -13
[30Apr2025 15:18:28.214] [Server thread/INFO] [net.minecraft.server.MinecraftServer/]: [Chunky] Task running for minecraft:overworld. Processed: 4367 chunks (1.11%), ETA: 11:39:15, Rate: 9.3 cps, Current: -27, -9
[30Apr2025 15:18:29.569] [Server thread/INFO] [net.minecraft.server.MinecraftServer/]: [Chunky] Task running for minecraft:overworld. Processed: 4377 chunks (1.11%), ETA: 10:42:55, Rate: 10.1 cps, Current: -29, -7
[30Apr2025 15:18:30.672] [Server thread/INFO] [net.minecraft.server.MinecraftServer/]: [Chunky] Task running for minecraft:overworld. Processed: 4384 chunks (1.12%), ETA: 10:52:15, Rate: 9.9 cps, Current: -31, -7
[30Apr2025 15:18:32.160] [Server thread/INFO] [net.minecraft.server.MinecraftServer/]: [Chunky] Task running for minecraft:overworld. Processed: 4391 chunks (1.12%), ETA: 11:09:44, Rate: 9.7 cps, Current: -31, -4
[30Apr2025 15:18:33.162] [Server thread/INFO] [net.minecraft.server.MinecraftServer/]: [Chunky] Task running for minecraft:overworld. Processed: 4495 chunks (1.14%), ETA: 8:21:43, Rate: 12.9 cps, Current: -22, -8
[30Apr2025 15:18:34.202] [Server thread/INFO] [net.minecraft.server.MinecraftServer/]: [Chunky] Task running for minecraft:overworld. Processed: 4501 chunks (1.14%), ETA: 8:26:16, Rate: 12.8 cps, Current: -18, -10
[30Apr2025 15:18:35.227] [Server thread/INFO] [net.minecraft.server.MinecraftServer/]: [Chunky] Task running for minecraft:overworld. Processed: 4508 chunks (1.15%), ETA: 8:21:49, Rate: 12.9 cps, Current: -20, -10
[30Apr2025 15:18:36.248] [Server thread/INFO] [net.minecraft.server.MinecraftServer/]: [Chunky] Task running for minecraft:overworld. Processed: 4571 chunks (1.16%), ETA: 7:05:03, Rate: 15.2 cps, Current: -17, -21
[30Apr2025 15:18:37.747] [Server thread/INFO] [net.minecraft.server.MinecraftServer/]: [Chunky] Task running for minecraft:overworld. Processed: 4582 chunks (1.17%), ETA: 7:05:26, Rate: 15.2 cps, Current: -15, -13
[30Apr2025 15:18:38.847] [Server thread/INFO] [net.minecraft.server.MinecraftServer/]: [Chunky] Task running for minecraft:overworld. Processed: 4593 chunks (1.17%), ETA: 7:03:38, Rate: 15.3 cps, Current: -15, -15
[30Apr2025 15:18:39.976] [Server thread/INFO] [net.minecraft.server.MinecraftServer/]: [Chunky] Task running for minecraft:overworld. Processed: 4613 chunks (1.17%), ETA: 7:01:06, Rate: 15.4 cps, Current: -10, -14
[30Apr2025 15:18:40.990] [Server thread/INFO] [net.minecraft.server.MinecraftServer/]: [Chunky] Task running for minecraft:overworld. Processed: 4767 chunks (1.21%), ETA: 5:19:42, Rate: 20.2 cps, Current: -1, -9
[30Apr2025 15:18:42.088] [Server thread/INFO] [net.minecraft.server.MinecraftServer/]: [Chunky] Task running for minecraft:overworld. Processed: 4799 chunks (1.22%), ETA: 5:13:04, Rate: 20.7 cps, Current: -5, -12
[30Apr2025 15:18:43.096] [Server thread/INFO] [net.minecraft.server.MinecraftServer/]: [Chunky] Task running for minecraft:overworld. Processed: 4831 chunks (1.23%), ETA: 5:03:15, Rate: 21.3 cps, Current: -1, -16
[30Apr2025 15:18:44.242] [Server thread/INFO] [net.minecraft.server.MinecraftServer/]: [Chunky] Task running for minecraft:overworld. Processed: 4858 chunks (1.24%), ETA: 4:59:42, Rate: 21.6 cps, Current: -2, -21
[30Apr2025 15:18:45.364] [Server thread/INFO] [net.minecraft.server.MinecraftServer/]: [Chunky] Task running for minecraft:overworld. Processed: 4887 chunks (1.24%), ETA: 4:50:31, Rate: 22.3 cps, Current: -7, -17
[30Apr2025 15:18:46.368] [Server thread/INFO] [net.minecraft.server.MinecraftServer/]: [Chunky] Task running for minecraft:overworld. Processed: 4916 chunks (1.25%), ETA: 4:44:02, Rate: 22.8 cps, Current: -10, -19
[30Apr2025 15:18:47.473] [Server thread/INFO] [net.minecraft.server.MinecraftServer/]: [Chunky] Task running for minecraft:overworld. Processed: 4946 chunks (1.26%), ETA: 4:34:26, Rate: 23.6 cps, Current: -12, -22
[30Apr2025 15:18:48.551] [Server thread/INFO] [net.minecraft.server.MinecraftServer/]: [Chunky] Task running for minecraft:overworld. Processed: 4969 chunks (1.26%), ETA: 4:31:01, Rate: 23.9 cps, Current: -16, -25
[30Apr2025 15:18:49.664] [Server thread/INFO] [net.minecraft.server.MinecraftServer/]: [Chunky] Task running for minecraft:overworld. Processed: 4997 chunks (1.27%), ETA: 4:27:44, Rate: 24.2 cps, Current: -14, -30
[30Apr2025 15:18:50.666] [Server thread/INFO] [net.minecraft.server.MinecraftServer/]: [Chunky] Task running for minecraft:overworld. Processed: 5017 chunks (1.28%), ETA: 4:26:57, Rate: 24.2 cps, Current: -9, -27
[30Apr2025 15:18:51.417] [Server thread/INFO] [net.minecraft.server.MinecraftServer/]: [Junjo_2: Set own game mode to Creative Mode]
[30Apr2025 15:18:51.677] [Server thread/INFO] [net.minecraft.server.MinecraftServer/]: [Chunky] Task running for minecraft:overworld. Processed: 5037 chunks (1.28%), ETA: 4:17:51, Rate: 25.1 cps, Current: -6, -24
[30Apr2025 15:18:52.774] [Server thread/INFO] [net.minecraft.server.MinecraftServer/]: [Chunky] Task running for minecraft:overworld. Processed: 5091 chunks (1.29%), ETA: 4:09:01, Rate: 26.0 cps, Current: -29, 0
[30Apr2025 15:18:53.817] [Server thread/INFO] [net.minecraft.server.MinecraftServer/]: [Chunky] Task running for minecraft:overworld. Processed: 5098 chunks (1.30%), ETA: 4:12:55, Rate: 25.6 cps, Current: -30, 3
[30Apr2025 15:18:54.995] [Server thread/INFO] [net.minecraft.server.MinecraftServer/]: [Chunky] Task running for minecraft:overworld. Processed: 5288 chunks (1.35%), ETA: 3:19:38, Rate: 32.4 cps, Current: -27, 14
[30Apr2025 15:18:56.091] [Server thread/INFO] [net.minecraft.server.MinecraftServer/]: [Chunky] Task running for minecraft:overworld. Processed: 5305 chunks (1.35%), ETA: 3:17:48, Rate: 32.7 cps, Current: -28, 10
[30Apr2025 15:18:57.176] [Server thread/INFO] [net.minecraft.server.MinecraftServer/]: [Chunky] Task running for minecraft:overworld. Processed: 5323 chunks (1.35%), ETA: 3:15:36, Rate: 33.0 cps, Current: -28, 13
[30Apr2025 15:18:58.204] [Server thread/INFO] [net.minecraft.server.MinecraftServer/]: [Chunky] Task running for minecraft:overworld. Processed: 5336 chunks (1.36%), ETA: 3:19:49, Rate: 32.3 cps, Current: -30, 15
[30Apr2025 15:18:59.523] [Server thread/INFO] [net.minecraft.server.MinecraftServer/]: [Chunky] Task running for minecraft:overworld. Processed: 5355 chunks (1.36%), ETA: 3:17:44, Rate: 32.7 cps, Current: -26, 18
[30Apr2025 15:19:00.648] [Server thread/INFO] [net.minecraft.server.MinecraftServer/]: [Chunky] Task running for minecraft:overworld. Processed: 5366 chunks (1.36%), ETA: 3:17:04, Rate: 32.8 cps, Current: -27, 19
[30Apr2025 15:19:01.773] [Server thread/INFO] [net.minecraft.server.MinecraftServer/]: [Chunky] Task running for minecraft:overworld. Processed: 5376 chunks (1.37%), ETA: 3:14:05, Rate: 33.3 cps, Current: -26, 21
[30Apr2025 15:19:02.446] [Server thread/WARN] [net.minecraft.network.syncher.SynchedEntityData/]: defineId called for: class forge.net.mca.entity.ZombieVillagerEntityMCA from class forge.net.mca.util.network.datasync.CDataParameter
[30Apr2025 15:19:02.447] [Server thread/WARN] [net.minecraft.network.syncher.SynchedEntityData/]: defineId called for: class forge.net.mca.entity.ZombieVillagerEntityMCA from class forge.net.mca.util.network.datasync.CDataParameter
[30Apr2025 15:19:02.447] [Server thread/WARN] [net.minecraft.network.syncher.SynchedEntityData/]: defineId called for: class forge.net.mca.entity.ZombieVillagerEntityMCA from class forge.net.mca.util.network.datasync.CDataParameter
[30Apr2025 15:19:02.448] [Server thread/WARN] [net.minecraft.network.syncher.SynchedEntityData/]: defineId called for: class forge.net.mca.entity.ZombieVillagerEntityMCA from class forge.net.mca.util.network.datasync.CDataParameter
[30Apr2025 15:19:02.448] [Server thread/WARN] [net.minecraft.network.syncher.SynchedEntityData/]: defineId called for: class forge.net.mca.entity.ZombieVillagerEntityMCA from class forge.net.mca.util.network.datasync.CDataParameter
[30Apr2025 15:19:02.449] [Server thread/WARN] [net.minecraft.network.syncher.SynchedEntityData/]: defineId called for: class forge.net.mca.entity.ZombieVillagerEntityMCA from class forge.net.mca.util.network.datasync.CDataParameter
[30Apr2025 15:19:02.450] [Server thread/WARN] [net.minecraft.network.syncher.SynchedEntityData/]: defineId called for: class forge.net.mca.entity.ZombieVillagerEntityMCA from class forge.net.mca.util.network.datasync.CDataParameter
[30Apr2025 15:19:02.450] [Server thread/WARN] [net.minecraft.network.syncher.SynchedEntityData/]: defineId called for: class forge.net.mca.entity.ZombieVillagerEntityMCA from class forge.net.mca.util.network.datasync.CEnumParameter
[30Apr2025 15:19:02.451] [Server thread/WARN] [net.minecraft.network.syncher.SynchedEntityData/]: defineId called for: class forge.net.mca.entity.ZombieVillagerEntityMCA from class forge.net.mca.util.network.datasync.CDataParameter
[30Apr2025 15:19:02.452] [Server thread/WARN] [net.minecraft.network.syncher.SynchedEntityData/]: defineId called for: class forge.net.mca.entity.ZombieVillagerEntityMCA from class forge.net.mca.util.network.datasync.CDataParameter
[30Apr2025 15:19:02.452] [Server thread/WARN] [net.minecraft.network.syncher.SynchedEntityData/]: defineId called for: class forge.net.mca.entity.ZombieVillagerEntityMCA from class forge.net.mca.util.network.datasync.CDataParameter
[30Apr2025 15:19:02.453] [Server thread/WARN] [net.minecraft.network.syncher.SynchedEntityData/]: defineId called for: class forge.net.mca.entity.ZombieVillagerEntityMCA from class forge.net.mca.util.network.datasync.CDataParameter
[30Apr2025 15:19:02.453] [Server thread/WARN] [net.minecraft.network.syncher.SynchedEntityData/]: defineId called for: class forge.net.mca.entity.ZombieVillagerEntityMCA from class forge.net.mca.util.network.datasync.CDataParameter
[30Apr2025 15:19:02.454] [Server thread/WARN] [net.minecraft.network.syncher.SynchedEntityData/]: defineId called for: class forge.net.mca.entity.ZombieVillagerEntityMCA from class forge.net.mca.util.network.datasync.CDataParameter
[30Apr2025 15:19:02.455] [Server thread/WARN] [net.minecraft.network.syncher.SynchedEntityData/]: defineId called for: class forge.net.mca.entity.ZombieVillagerEntityMCA from class forge.net.mca.util.network.datasync.CDataParameter
[30Apr2025 15:19:02.457] [Server thread/WARN] [net.minecraft.network.syncher.SynchedEntityData/]: defineId called for: class forge.net.mca.entity.ZombieVillagerEntityMCA from class forge.net.mca.util.network.datasync.CDataParameter
[30Apr2025 15:19:02.458] [Server thread/WARN] [net.minecraft.network.syncher.SynchedEntityData/]: defineId called for: class forge.net.mca.entity.ZombieVillagerEntityMCA from class forge.net.mca.util.network.datasync.CDataParameter
[30Apr2025 15:19:02.459] [Server thread/WARN] [net.minecraft.network.syncher.SynchedEntityData/]: defineId called for: class forge.net.mca.entity.ZombieVillagerEntityMCA from class forge.net.mca.util.network.datasync.CDataParameter
[30Apr2025 15:19:02.459] [Server thread/WARN] [net.minecraft.network.syncher.SynchedEntityData/]: defineId called for: class forge.net.mca.entity.ZombieVillagerEntityMCA from class forge.net.mca.util.network.datasync.CDataParameter
[30Apr2025 15:19:02.460] [Server thread/WARN] [net.minecraft.network.syncher.SynchedEntityData/]: defineId called for: class forge.net.mca.entity.ZombieVillagerEntityMCA from class forge.net.mca.util.network.datasync.CEnumParameter
[30Apr2025 15:19:02.462] [Server thread/WARN] [net.minecraft.network.syncher.SynchedEntityData/]: defineId called for: class forge.net.mca.entity.ZombieVillagerEntityMCA from class forge.net.mca.util.network.datasync.CDataParameter
[30Apr2025 15:19:02.463] [Server thread/WARN] [net.minecraft.network.syncher.SynchedEntityData/]: defineId called for: class forge.net.mca.entity.ZombieVillagerEntityMCA from class forge.net.mca.util.network.datasync.CDataParameter
[30Apr2025 15:19:02.464] [Server thread/WARN] [net.minecraft.network.syncher.SynchedEntityData/]: defineId called for: class forge.net.mca.entity.ZombieVillagerEntityMCA from class forge.net.mca.util.network.datasync.CEnumParameter
[30Apr2025 15:19:02.464] [Server thread/WARN] [net.minecraft.network.syncher.SynchedEntityData/]: defineId called for: class forge.net.mca.entity.ZombieVillagerEntityMCA from class forge.net.mca.util.network.datasync.CDataParameter
[30Apr2025 15:19:02.464] [Server thread/WARN] [net.minecraft.network.syncher.SynchedEntityData/]: defineId called for: class forge.net.mca.entity.ZombieVillagerEntityMCA from class forge.net.mca.util.network.datasync.CEnumParameter
[30Apr2025 15:19:02.465] [Server thread/WARN] [net.minecraft.network.syncher.SynchedEntityData/]: defineId called for: class forge.net.mca.entity.ZombieVillagerEntityMCA from class forge.net.mca.util.network.datasync.CEnumParameter
[30Apr2025 15:19:02.465] [Server thread/WARN] [net.minecraft.network.syncher.SynchedEntityData/]: defineId called for: class forge.net.mca.entity.ZombieVillagerEntityMCA from class forge.net.mca.util.network.datasync.CDataParameter
[30Apr2025 15:19:02.467] [Server thread/WARN] [net.minecraft.network.syncher.SynchedEntityData/]: defineId called for: class forge.net.mca.entity.ZombieVillagerEntityMCA from class forge.net.mca.util.network.datasync.CDataParameter
[30Apr2025 15:19:02.468] [Server thread/WARN] [net.minecraft.network.syncher.SynchedEntityData/]: defineId called for: class forge.net.mca.entity.ZombieVillagerEntityMCA from class forge.net.mca.util.network.datasync.CDataParameter
[30Apr2025 15:19:02.468] [Server thread/WARN] [net.minecraft.network.syncher.SynchedEntityData/]: defineId called for: class forge.net.mca.entity.ZombieVillagerEntityMCA from class forge.net.mca.util.network.datasync.CDataParameter
[30Apr2025 15:19:02.468] [Server thread/WARN] [net.minecraft.network.syncher.SynchedEntityData/]: defineId called for: class forge.net.mca.entity.ZombieVillagerEntityMCA from class forge.net.mca.util.network.datasync.CDataParameter
[30Apr2025 15:19:02.469] [Server thread/WARN] [net.minecraft.network.syncher.SynchedEntityData/]: defineId called for: class forge.net.mca.entity.ZombieVillagerEntityMCA from class forge.net.mca.util.network.datasync.CDataParameter
[30Apr2025 15:19:02.469] [Server thread/WARN] [net.minecraft.network.syncher.SynchedEntityData/]: defineId called for: class forge.net.mca.entity.ZombieVillagerEntityMCA from class forge.net.mca.util.network.datasync.CDataParameter
[30Apr2025 15:19:02.470] [Server thread/WARN] [net.minecraft.network.syncher.SynchedEntityData/]: defineId called for: class forge.net.mca.entity.ZombieVillagerEntityMCA from class forge.net.mca.util.network.datasync.CDataParameter
[30Apr2025 15:19:02.470] [Server thread/WARN] [net.minecraft.network.syncher.SynchedEntityData/]: defineId called for: class forge.net.mca.entity.ZombieVillagerEntityMCA from class forge.net.mca.util.network.datasync.CDataParameter
[30Apr2025 15:19:02.470] [Server thread/WARN] [net.minecraft.network.syncher.SynchedEntityData/]: defineId called for: class forge.net.mca.entity.ZombieVillagerEntityMCA from class forge.net.mca.util.network.datasync.CDataParameter
[30Apr2025 15:19:02.471] [Server thread/WARN] [net.minecraft.network.syncher.SynchedEntityData/]: defineId called for: class forge.net.mca.entity.ZombieVillagerEntityMCA from class forge.net.mca.util.network.datasync.CDataParameter
[30Apr2025 15:19:02.795] [Server thread/INFO] [net.minecraft.server.MinecraftServer/]: [Chunky] Task running for minecraft:overworld. Processed: 5391 chunks (1.37%), ETA: 3:33:29, Rate: 30.3 cps, Current: -30, 21
[30Apr2025 15:19:03.817] [Server thread/INFO] [net.minecraft.server.MinecraftServer/]: [Chunky] Task running for minecraft:overworld. Processed: 5400 chunks (1.37%), ETA: 3:32:38, Rate: 30.4 cps, Current: -30, 24
[30Apr2025 15:19:04.999] [Server thread/INFO] [net.minecraft.server.MinecraftServer/]: [Chunky] Task running for minecraft:overworld. Processed: 5411 chunks (1.38%), ETA: 3:32:48, Rate: 30.4 cps, Current: -31, 25
[30Apr2025 15:19:06.117] [Server thread/INFO] [net.minecraft.server.MinecraftServer/]: [Chunky] Task running for minecraft:overworld. Processed: 5417 chunks (1.38%), ETA: 3:47:52, Rate: 28.4 cps, Current: -32, 4
[30Apr2025 15:19:07.121] [Server thread/INFO] [net.minecraft.server.MinecraftServer/]: [Chunky] Task running for minecraft:overworld. Processed: 5434 chunks (1.38%), ETA: 3:42:30, Rate: 29.0 cps, Current: -29, 28
[30Apr2025 15:19:08.196] [Server thread/INFO] [net.minecraft.server.MinecraftServer/]: [Chunky] Task running for minecraft:overworld. Processed: 5446 chunks (1.39%), ETA: 3:42:03, Rate: 29.1 cps, Current: -28, 27
[30Apr2025 15:19:09.462] [Server thread/INFO] [net.minecraft.server.MinecraftServer/]: [Chunky] Task running for minecraft:overworld. Processed: 5467 chunks (1.39%), ETA: 3:42:49, Rate: 29.0 cps, Current: -25, 24
[30Apr2025 15:19:10.547] [Server thread/INFO] [net.minecraft.server.MinecraftServer/]: [Chunky] Task running for minecraft:overworld. Processed: 5479 chunks (1.39%), ETA: 4:27:49, Rate: 24.1 cps, Current: -25, 28
[30Apr2025 15:19:11.410] [Chunky-minecraft:overworld Thread/INFO] [net.minecraft.server.MinecraftServer/]: [Chunky] Task stopped for minecraft:overworld.
[30Apr2025 15:19:50.474] [Server thread/INFO] [net.minecraft.server.MinecraftServer/]: Junjo_2 has made the advancement [Minecraft Comes Alive]
